"","date (UTC)","O3 (ppb)","Flag"
"1","2026-07-23 06:00:00",19.2,0
"2","2026-07-23 06:01:00",18.94,0
"3","2026-07-23 06:02:00",18.74,0
"4","2026-07-23 06:03:00",19.46,0
"5","2026-07-23 06:04:00",19.66,0
"6","2026-07-23 06:05:00",19.29,0
"7","2026-07-23 06:06:00",18.99,0
"8","2026-07-23 06:07:00",19.02,0
"9","2026-07-23 06:08:00",18.01,0
"10","2026-07-23 06:09:00",18.39,0
"11","2026-07-23 06:10:00",18.68,0
"12","2026-07-23 06:11:00",18.75,0
"13","2026-07-23 06:12:00",18.92,0
"14","2026-07-23 06:13:00",18.02,0
"15","2026-07-23 06:14:00",18.13,0
"16","2026-07-23 06:15:00",17.95,0
"17","2026-07-23 06:16:00",18.02,0
"18","2026-07-23 06:17:00",17.85,0
"19","2026-07-23 06:18:00",17.32,0
"20","2026-07-23 06:19:00",18.82,0
"21","2026-07-23 06:20:00",18.65,0
"22","2026-07-23 06:21:00",18.62,0
"23","2026-07-23 06:22:00",17.88,0
"24","2026-07-23 06:23:00",19.06,0
"25","2026-07-23 06:24:00",19.36,0
"26","2026-07-23 06:25:00",18.79,0
"27","2026-07-23 06:26:00",19.24,0
"28","2026-07-23 06:27:00",18.83,0
"29","2026-07-23 06:28:00",18.68,0
"30","2026-07-23 06:29:00",18.18,0
"31","2026-07-23 06:30:00",14.65,0
"32","2026-07-23 06:31:00",17.54,0
"33","2026-07-23 06:32:00",17.82,0
"34","2026-07-23 06:33:00",18.61,0
"35","2026-07-23 06:34:00",19.02,0
"36","2026-07-23 06:35:00",18.95,0
"37","2026-07-23 06:36:00",19.38,0
"38","2026-07-23 06:37:00",19.13,0
"39","2026-07-23 06:38:00",19.21,0
"40","2026-07-23 06:39:00",18.4,0
"41","2026-07-23 06:40:00",18.22,0
"42","2026-07-23 06:41:00",18.8,0
"43","2026-07-23 06:42:00",17.37,0
"44","2026-07-23 06:43:00",16.76,0
"45","2026-07-23 06:44:00",14.62,0
"46","2026-07-23 06:45:00",16.46,0
"47","2026-07-23 06:46:00",18.62,0
"48","2026-07-23 06:47:00",18.98,0
"49","2026-07-23 06:48:00",18.65,0
"50","2026-07-23 06:49:00",18.96,0
"51","2026-07-23 06:50:00",19.24,0
"52","2026-07-23 06:51:00",18.64,0
"53","2026-07-23 06:52:00",18.92,0
"54","2026-07-23 06:53:00",18.72,0
"55","2026-07-23 06:54:00",18.58,0
"56","2026-07-23 06:55:00",18.47,0
"57","2026-07-23 06:56:00",18.68,0
"58","2026-07-23 06:57:00",19.6,0
"59","2026-07-23 06:58:00",18.99,0
"60","2026-07-23 06:59:00",18.77,0
"61","2026-07-23 07:00:00",18.64,0
"62","2026-07-23 07:01:00",18.7,0
"63","2026-07-23 07:02:00",19.35,0
"64","2026-07-23 07:03:00",19.54,0
"65","2026-07-23 07:04:00",20.15,0
"66","2026-07-23 07:05:00",20.15,0
"67","2026-07-23 07:06:00",20.59,0
"68","2026-07-23 07:07:00",20.04,0
"69","2026-07-23 07:08:00",19.9,0
"70","2026-07-23 07:09:00",20.25,0
"71","2026-07-23 07:10:00",20.16,0
"72","2026-07-23 07:11:00",19.31,0
"73","2026-07-23 07:12:00",19.7,0
"74","2026-07-23 07:13:00",19.28,0
"75","2026-07-23 07:14:00",18.03,0
"76","2026-07-23 07:15:00",18.34,0
"77","2026-07-23 07:16:00",17.7,0
"78","2026-07-23 07:17:00",18.2,0
"79","2026-07-23 07:18:00",18.77,0
"80","2026-07-23 07:19:00",18.73,0
"81","2026-07-23 07:20:00",18.6,0
"82","2026-07-23 07:21:00",19.26,0
"83","2026-07-23 07:22:00",19.04,0
"84","2026-07-23 07:23:00",18.51,0
"85","2026-07-23 07:24:00",18.27,0
"86","2026-07-23 07:25:00",18.29,0
"87","2026-07-23 07:26:00",17.98,0
"88","2026-07-23 07:27:00",18.94,0
"89","2026-07-23 07:28:00",18.89,0
"90","2026-07-23 07:29:00",17.67,0
"91","2026-07-23 07:30:00",16.28,0
"92","2026-07-23 07:31:00",16.9,0
"93","2026-07-23 07:32:00",17.95,0
"94","2026-07-23 07:33:00",18.83,0
"95","2026-07-23 07:34:00",19.76,0
"96","2026-07-23 07:35:00",20.16,0
"97","2026-07-23 07:36:00",19.34,0
"98","2026-07-23 07:37:00",17.59,0
"99","2026-07-23 07:38:00",18.76,0
"100","2026-07-23 07:39:00",18.27,0
"101","2026-07-23 07:40:00",19.47,0
"102","2026-07-23 07:41:00",19.59,0
"103","2026-07-23 07:42:00",19.63,0
"104","2026-07-23 07:43:00",20.9,0
"105","2026-07-23 07:44:00",20.67,0
"106","2026-07-23 07:45:00",19.71,0
"107","2026-07-23 07:46:00",20.23,0
"108","2026-07-23 07:47:00",20.88,0
"109","2026-07-23 07:48:00",20.79,0
"110","2026-07-23 07:49:00",20.38,0
"111","2026-07-23 07:50:00",20.93,0
"112","2026-07-23 07:51:00",20.88,0
"113","2026-07-23 07:52:00",21.19,0
"114","2026-07-23 07:53:00",20.78,0
"115","2026-07-23 07:54:00",20.59,0
"116","2026-07-23 07:55:00",20.21,0
"117","2026-07-23 07:56:00",20.42,0
"118","2026-07-23 07:57:00",19.89,0
"119","2026-07-23 07:58:00",20.42,0
"120","2026-07-23 07:59:00",20.79,0
"121","2026-07-23 08:00:00",20.88,0
"122","2026-07-23 08:01:00",20.78,0
"123","2026-07-23 08:02:00",20.65,0
"124","2026-07-23 08:03:00",20.1,0
"125","2026-07-23 08:04:00",19.46,0
"126","2026-07-23 08:05:00",19.82,0
"127","2026-07-23 08:06:00",19.74,0
"128","2026-07-23 08:07:00",20.15,0
"129","2026-07-23 08:08:00",20.29,0
"130","2026-07-23 08:09:00",20.15,0
"131","2026-07-23 08:10:00",20.1,0
"132","2026-07-23 08:11:00",19.73,0
"133","2026-07-23 08:12:00",20.96,0
"134","2026-07-23 08:13:00",21.17,0
"135","2026-07-23 08:14:00",21.37,0
"136","2026-07-23 08:15:00",20.7,0
"137","2026-07-23 08:16:00",20.64,0
"138","2026-07-23 08:17:00",20.36,0
"139","2026-07-23 08:18:00",19.33,0
"140","2026-07-23 08:19:00",18.93,0
"141","2026-07-23 08:20:00",20.04,0
"142","2026-07-23 08:21:00",20.57,0
"143","2026-07-23 08:22:00",20.08,0
"144","2026-07-23 08:23:00",20.15,0
"145","2026-07-23 08:24:00",19.18,0
"146","2026-07-23 08:25:00",19.88,0
"147","2026-07-23 08:26:00",19.99,0
"148","2026-07-23 08:27:00",19.94,0
"149","2026-07-23 08:28:00",19.98,0
"150","2026-07-23 08:29:00",21.13,0
"151","2026-07-23 08:30:00",21.45,0
"152","2026-07-23 08:31:00",22.02,0
"153","2026-07-23 08:32:00",22.25,0
"154","2026-07-23 08:33:00",22.57,0
"155","2026-07-23 08:34:00",23.03,0
"156","2026-07-23 08:35:00",23.3,0
"157","2026-07-23 08:36:00",22.37,0
"158","2026-07-23 08:37:00",23.34,0
"159","2026-07-23 08:38:00",22.35,0
"160","2026-07-23 08:39:00",21.81,0
"161","2026-07-23 08:40:00",22.37,0
"162","2026-07-23 08:41:00",22.4,0
"163","2026-07-23 08:42:00",22.01,0
"164","2026-07-23 08:43:00",21.47,0
"165","2026-07-23 08:44:00",21.53,0
"166","2026-07-23 08:45:00",21.01,0
"167","2026-07-23 08:46:00",21.05,0
"168","2026-07-23 08:47:00",22.17,0
"169","2026-07-23 08:48:00",21.95,0
"170","2026-07-23 08:49:00",21.89,0
"171","2026-07-23 08:50:00",22.02,0
"172","2026-07-23 08:51:00",21.81,0
"173","2026-07-23 08:52:00",21.5,0
"174","2026-07-23 08:53:00",21.18,0
"175","2026-07-23 08:54:00",20.29,0
"176","2026-07-23 08:55:00",21.01,0
"177","2026-07-23 08:56:00",20.74,0
"178","2026-07-23 08:57:00",20.82,0
"179","2026-07-23 08:58:00",20.38,0
"180","2026-07-23 08:59:00",22.01,0
"181","2026-07-23 09:00:00",22.67,0
"182","2026-07-23 09:01:00",22.24,0
"183","2026-07-23 09:02:00",21.92,0
"184","2026-07-23 09:03:00",22.04,0
"185","2026-07-23 09:04:00",22.05,0
"186","2026-07-23 09:05:00",21.64,0
"187","2026-07-23 09:06:00",21.8,0
"188","2026-07-23 09:07:00",22.64,0
"189","2026-07-23 09:08:00",23.16,0
"190","2026-07-23 09:09:00",23.25,0
"191","2026-07-23 09:10:00",23.84,0
"192","2026-07-23 09:11:00",23.96,0
"193","2026-07-23 09:12:00",24.81,0
"194","2026-07-23 09:13:00",25.16,0
"195","2026-07-23 09:14:00",25.18,0
"196","2026-07-23 09:15:00",24.73,0
"197","2026-07-23 09:16:00",24.33,0
"198","2026-07-23 09:17:00",23.93,0
"199","2026-07-23 09:18:00",24.2,0
"200","2026-07-23 09:19:00",24.4,0
"201","2026-07-23 09:20:00",23.56,0
"202","2026-07-23 09:21:00",23.81,0
"203","2026-07-23 09:22:00",22.87,0
"204","2026-07-23 09:23:00",21.58,0
"205","2026-07-23 09:24:00",21.66,0
"206","2026-07-23 09:25:00",21.55,0
"207","2026-07-23 09:26:00",22.75,0
"208","2026-07-23 09:27:00",23.07,0
"209","2026-07-23 09:28:00",22.23,0
"210","2026-07-23 09:29:00",23.17,0
"211","2026-07-23 09:30:00",22.53,0
"212","2026-07-23 09:31:00",22.57,0
"213","2026-07-23 09:32:00",24.18,0
"214","2026-07-23 09:33:00",23.68,0
"215","2026-07-23 09:34:00",22.4,0
"216","2026-07-23 09:35:00",21.28,0
"217","2026-07-23 09:36:00",22.62,0
"218","2026-07-23 09:37:00",23.6,0
"219","2026-07-23 09:38:00",23.77,0
"220","2026-07-23 09:39:00",24.66,0
"221","2026-07-23 09:40:00",24.83,0
"222","2026-07-23 09:41:00",25.42,0
"223","2026-07-23 09:42:00",25.45,0
"224","2026-07-23 09:43:00",24.93,0
"225","2026-07-23 09:44:00",23.04,0
"226","2026-07-23 09:45:00",24.07,0
"227","2026-07-23 09:46:00",24.63,0
"228","2026-07-23 09:47:00",24.33,0
"229","2026-07-23 09:48:00",24.1,0
"230","2026-07-23 09:49:00",24.08,0
"231","2026-07-23 09:50:00",23.51,0
"232","2026-07-23 09:51:00",23.38,0
"233","2026-07-23 09:52:00",24.06,0
"234","2026-07-23 09:53:00",24.49,0
"235","2026-07-23 09:54:00",24.46,0
"236","2026-07-23 09:55:00",24.48,0
"237","2026-07-23 09:56:00",24.74,0
"238","2026-07-23 09:57:00",24.51,0
"239","2026-07-23 09:58:00",23.39,0
"240","2026-07-23 09:59:00",20.57,0
"241","2026-07-23 10:00:00",21.71,0
"242","2026-07-23 10:01:00",23.3,0
"243","2026-07-23 10:02:00",22.61,0
"244","2026-07-23 10:03:00",22.39,0
"245","2026-07-23 10:04:00",23.26,0
"246","2026-07-23 10:05:00",24.6,0
"247","2026-07-23 10:06:00",22.67,0
"248","2026-07-23 10:07:00",23.37,0
"249","2026-07-23 10:08:00",22.94,0
"250","2026-07-23 10:09:00",21.19,0
"251","2026-07-23 10:10:00",21.02,0
"252","2026-07-23 10:11:00",22.77,0
"253","2026-07-23 10:12:00",23.94,0
"254","2026-07-23 10:13:00",23.95,0
"255","2026-07-23 10:14:00",24.19,0
"256","2026-07-23 10:15:00",24.77,0
"257","2026-07-23 10:16:00",24.52,0
"258","2026-07-23 10:17:00",24.27,0
"259","2026-07-23 10:18:00",24.98,0
"260","2026-07-23 10:19:00",24.66,0
"261","2026-07-23 10:20:00",24.28,0
"262","2026-07-23 10:21:00",24.6,0
"263","2026-07-23 10:22:00",24.63,0
"264","2026-07-23 10:23:00",23.67,0
"265","2026-07-23 10:24:00",23.92,0
"266","2026-07-23 10:25:00",23.54,0
"267","2026-07-23 10:26:00",23.82,0
"268","2026-07-23 10:27:00",23.78,0
"269","2026-07-23 10:28:00",23.79,0
"270","2026-07-23 10:29:00",23.61,0
"271","2026-07-23 10:30:00",23.88,0
"272","2026-07-23 10:31:00",24.22,0
"273","2026-07-23 10:32:00",24.46,0
"274","2026-07-23 10:33:00",24.24,0
"275","2026-07-23 10:34:00",23.95,0
"276","2026-07-23 10:35:00",23.83,0
"277","2026-07-23 10:36:00",23.5,0
"278","2026-07-23 10:37:00",23.31,0
"279","2026-07-23 10:38:00",24.02,0
"280","2026-07-23 10:39:00",24.03,0
"281","2026-07-23 10:40:00",24.08,0
"282","2026-07-23 10:41:00",24.55,0
"283","2026-07-23 10:42:00",24.55,0
"284","2026-07-23 10:43:00",24.44,0
"285","2026-07-23 10:44:00",22.14,0
"286","2026-07-23 10:45:00",22.8,0
"287","2026-07-23 10:46:00",22.65,0
"288","2026-07-23 10:47:00",22.23,0
"289","2026-07-23 10:48:00",22.01,0
"290","2026-07-23 10:49:00",22.37,0
"291","2026-07-23 10:50:00",22.77,0
"292","2026-07-23 10:51:00",22.88,0
"293","2026-07-23 10:52:00",22.74,0
"294","2026-07-23 10:53:00",22.7,0
"295","2026-07-23 10:54:00",22.42,0
"296","2026-07-23 10:55:00",22.62,0
"297","2026-07-23 10:56:00",22.84,0
"298","2026-07-23 10:57:00",24.23,0
"299","2026-07-23 10:58:00",23.65,0
"300","2026-07-23 10:59:00",23.43,0
"301","2026-07-23 11:00:00",23.28,0
"302","2026-07-23 11:01:00",23.92,0
"303","2026-07-23 11:02:00",24.36,0
"304","2026-07-23 11:03:00",23.72,0
"305","2026-07-23 11:04:00",23.6,0
"306","2026-07-23 11:05:00",23.87,0
"307","2026-07-23 11:06:00",24.25,0
"308","2026-07-23 11:07:00",23.24,0
"309","2026-07-23 11:08:00",22.75,0
"310","2026-07-23 11:09:00",23.3,0
"311","2026-07-23 11:10:00",23.22,0
"312","2026-07-23 11:11:00",23.11,0
"313","2026-07-23 11:12:00",22.9,0
"314","2026-07-23 11:13:00",23.71,0
"315","2026-07-23 11:14:00",23.35,0
"316","2026-07-23 11:15:00",23.02,0
"317","2026-07-23 11:16:00",23,0
"318","2026-07-23 11:17:00",23.76,0
"319","2026-07-23 11:18:00",23.97,0
"320","2026-07-23 11:19:00",23.89,0
"321","2026-07-23 11:20:00",24,0
"322","2026-07-23 11:21:00",23.91,0
"323","2026-07-23 11:22:00",23.68,0
"324","2026-07-23 11:23:00",23.46,0
"325","2026-07-23 11:24:00",24.99,0
"326","2026-07-23 11:25:00",24.87,0
"327","2026-07-23 11:26:00",25.14,0
"328","2026-07-23 11:27:00",25.49,0
"329","2026-07-23 11:28:00",24.87,0
"330","2026-07-23 11:29:00",25.11,0
"331","2026-07-23 11:30:00",24.86,0
"332","2026-07-23 11:31:00",24.98,0
"333","2026-07-23 11:32:00",25.68,0
"334","2026-07-23 11:33:00",25.47,0
"335","2026-07-23 11:34:00",25.85,0
"336","2026-07-23 11:35:00",26.18,0
"337","2026-07-23 11:36:00",26.23,0
"338","2026-07-23 11:37:00",26.03,0
"339","2026-07-23 11:38:00",26.26,0
"340","2026-07-23 11:39:00",26.71,0
"341","2026-07-23 11:40:00",25.98,0
"342","2026-07-23 11:41:00",26.27,0
"343","2026-07-23 11:42:00",26.43,0
"344","2026-07-23 11:43:00",26.96,0
"345","2026-07-23 11:44:00",26.46,0
"346","2026-07-23 11:45:00",26.34,0
"347","2026-07-23 11:46:00",27.01,0
"348","2026-07-23 11:47:00",27.06,0
"349","2026-07-23 11:48:00",27.16,0
"350","2026-07-23 11:49:00",26.61,0
"351","2026-07-23 11:50:00",26.26,0
"352","2026-07-23 11:51:00",26.33,0
"353","2026-07-23 11:52:00",26.16,0
"354","2026-07-23 11:53:00",25.58,0
"355","2026-07-23 11:54:00",24.95,0
"356","2026-07-23 11:55:00",24.91,0
"357","2026-07-23 11:56:00",25.04,0
"358","2026-07-23 11:57:00",25.27,0
"359","2026-07-23 11:58:00",26.42,0
"360","2026-07-23 11:59:00",26.31,0
"361","2026-07-23 12:00:00",25.25,0
"362","2026-07-23 12:01:00",24.69,0
"363","2026-07-23 12:02:00",25.37,0
"364","2026-07-23 12:03:00",25.84,0
"365","2026-07-23 12:04:00",25.72,0
"366","2026-07-23 12:05:00",24.4,0
"367","2026-07-23 12:06:00",26.07,0
"368","2026-07-23 12:07:00",26.67,0
"369","2026-07-23 12:08:00",27.64,0
"370","2026-07-23 12:09:00",27.96,0
"371","2026-07-23 12:10:00",28.14,0
"372","2026-07-23 12:11:00",28.68,0
"373","2026-07-23 12:12:00",28.7,0
"374","2026-07-23 12:13:00",29.02,0
"375","2026-07-23 12:14:00",27.38,0
"376","2026-07-23 12:15:00",27.32,0
"377","2026-07-23 12:16:00",27.14,0
"378","2026-07-23 12:17:00",27.4,0
"379","2026-07-23 12:18:00",27.98,0
"380","2026-07-23 12:19:00",27.46,0
"381","2026-07-23 12:20:00",26.47,0
"382","2026-07-23 12:21:00",26.44,0
"383","2026-07-23 12:22:00",26.62,0
"384","2026-07-23 12:23:00",27.71,0
"385","2026-07-23 12:24:00",26.21,0
"386","2026-07-23 12:25:00",27.21,0
"387","2026-07-23 12:26:00",27.74,0
"388","2026-07-23 12:27:00",27.81,0
"389","2026-07-23 12:28:00",28.43,0
"390","2026-07-23 12:29:00",25.63,0
"391","2026-07-23 12:30:00",27.46,0
"392","2026-07-23 12:31:00",26.65,0
"393","2026-07-23 12:32:00",25.98,0
"394","2026-07-23 12:33:00",28.82,0
"395","2026-07-23 12:34:00",29.27,0
"396","2026-07-23 12:35:00",29.61,0
"397","2026-07-23 12:36:00",30.25,0
"398","2026-07-23 12:37:00",29.89,0
"399","2026-07-23 12:38:00",28.64,0
"400","2026-07-23 12:39:00",26.96,0
"401","2026-07-23 12:40:00",27.41,0
"402","2026-07-23 12:41:00",28.38,0
"403","2026-07-23 12:42:00",29.11,0
"404","2026-07-23 12:43:00",30.09,0
"405","2026-07-23 12:44:00",29.97,0
"406","2026-07-23 12:45:00",29.7,0
"407","2026-07-23 12:46:00",30.2,0
"408","2026-07-23 12:47:00",30.49,0
"409","2026-07-23 12:48:00",29.64,0
"410","2026-07-23 12:49:00",27.86,0
"411","2026-07-23 12:50:00",28.16,0
"412","2026-07-23 12:51:00",29.32,0
"413","2026-07-23 12:52:00",29.34,0
"414","2026-07-23 12:53:00",29.05,0
"415","2026-07-23 12:54:00",29.62,0
"416","2026-07-23 12:55:00",29.89,0
"417","2026-07-23 12:56:00",29.61,0
"418","2026-07-23 12:57:00",29.87,0
"419","2026-07-23 12:58:00",30.8,0
"420","2026-07-23 12:59:00",30.37,0
"421","2026-07-23 13:00:00",29.89,0
"422","2026-07-23 13:01:00",29.64,0
"423","2026-07-23 13:02:00",29.6,0
"424","2026-07-23 13:03:00",29.47,0
"425","2026-07-23 13:04:00",29.49,0
"426","2026-07-23 13:05:00",29.3,0
"427","2026-07-23 13:06:00",30.15,0
"428","2026-07-23 13:07:00",30.55,0
"429","2026-07-23 13:08:00",30.01,0
"430","2026-07-23 13:09:00",29.95,0
"431","2026-07-23 13:10:00",30.31,0
"432","2026-07-23 13:11:00",30.43,0
"433","2026-07-23 13:12:00",30.21,0
"434","2026-07-23 13:13:00",30.72,0
"435","2026-07-23 13:14:00",29.93,0
"436","2026-07-23 13:15:00",29.74,0
"437","2026-07-23 13:16:00",29.5,0
"438","2026-07-23 13:17:00",29.64,0
"439","2026-07-23 13:18:00",29.54,0
"440","2026-07-23 13:19:00",28.77,0
"441","2026-07-23 13:20:00",29.28,0
"442","2026-07-23 13:21:00",29.47,0
"443","2026-07-23 13:22:00",28.96,0
"444","2026-07-23 13:23:00",28.89,0
"445","2026-07-23 13:24:00",29.06,0
"446","2026-07-23 13:25:00",29.59,0
"447","2026-07-23 13:26:00",30.05,0
"448","2026-07-23 13:27:00",29.39,0
"449","2026-07-23 13:28:00",28.41,0
"450","2026-07-23 13:29:00",28.46,0
"451","2026-07-23 13:30:00",28.43,0
"452","2026-07-23 13:31:00",28.17,0
"453","2026-07-23 13:32:00",28.71,0
"454","2026-07-23 13:33:00",28.92,0
"455","2026-07-23 13:34:00",28.47,0
"456","2026-07-23 13:35:00",29.21,0
"457","2026-07-23 13:36:00",29.57,0
"458","2026-07-23 13:37:00",29.73,0
"459","2026-07-23 13:38:00",29.27,0
"460","2026-07-23 13:39:00",29.98,0
"461","2026-07-23 13:40:00",29.55,0
"462","2026-07-23 13:41:00",29.62,0
"463","2026-07-23 13:42:00",29.72,0
"464","2026-07-23 13:43:00",29.73,0
"465","2026-07-23 13:44:00",29.8,0
"466","2026-07-23 13:45:00",30.38,0
"467","2026-07-23 13:46:00",30.51,0
"468","2026-07-23 13:47:00",29.9,0
"469","2026-07-23 13:48:00",30.44,0
"470","2026-07-23 13:49:00",30.92,0
"471","2026-07-23 13:50:00",31.42,0
"472","2026-07-23 13:51:00",30.22,0
"473","2026-07-23 13:52:00",28.75,0
"474","2026-07-23 13:53:00",30.11,0
"475","2026-07-23 13:54:00",30.07,0
"476","2026-07-23 13:55:00",29.46,0
"477","2026-07-23 13:56:00",29.1,0
"478","2026-07-23 13:57:00",30.01,0
"479","2026-07-23 13:58:00",30.2,0
"480","2026-07-23 13:59:00",29.2,0
"481","2026-07-23 14:00:00",29.19,0
"482","2026-07-23 14:01:00",29.19,0
"483","2026-07-23 14:02:00",29.02,0
"484","2026-07-23 14:03:00",29.06,0
"485","2026-07-23 14:04:00",29.5,0
"486","2026-07-23 14:05:00",29.71,0
"487","2026-07-23 14:06:00",30.04,0
"488","2026-07-23 14:07:00",30.08,0
"489","2026-07-23 14:08:00",30.47,0
"490","2026-07-23 14:09:00",30.98,0
"491","2026-07-23 14:10:00",31.34,0
"492","2026-07-23 14:11:00",30.56,0
"493","2026-07-23 14:12:00",30.51,0
"494","2026-07-23 14:13:00",30.91,0
"495","2026-07-23 14:14:00",30.94,0
"496","2026-07-23 14:15:00",31.57,0
"497","2026-07-23 14:16:00",31.72,0
"498","2026-07-23 14:17:00",31.73,0
"499","2026-07-23 14:18:00",31.16,0
"500","2026-07-23 14:19:00",30.94,0
"501","2026-07-23 14:20:00",30.64,0
"502","2026-07-23 14:21:00",30.78,0
"503","2026-07-23 14:22:00",30.43,0
"504","2026-07-23 14:23:00",29.86,0
"505","2026-07-23 14:24:00",30.92,0
"506","2026-07-23 14:25:00",31.96,0
"507","2026-07-23 14:26:00",31.76,0
"508","2026-07-23 14:27:00",31.86,0
"509","2026-07-23 14:28:00",31.94,0
"510","2026-07-23 14:29:00",32.61,0
"511","2026-07-23 14:30:00",32.64,0
"512","2026-07-23 14:31:00",32.62,0
"513","2026-07-23 14:32:00",32.45,0
"514","2026-07-23 14:33:00",32.02,0
"515","2026-07-23 14:34:00",32.43,0
"516","2026-07-23 14:35:00",32.14,0
"517","2026-07-23 14:36:00",31.98,0
"518","2026-07-23 14:37:00",32.07,0
"519","2026-07-23 14:38:00",31.51,0
"520","2026-07-23 14:39:00",32.18,0
"521","2026-07-23 14:40:00",32.81,0
"522","2026-07-23 14:41:00",31.7,0
"523","2026-07-23 14:42:00",31.92,0
"524","2026-07-23 14:43:00",31.9,0
"525","2026-07-23 14:44:00",31.98,0
"526","2026-07-23 14:45:00",32.11,0
"527","2026-07-23 14:46:00",32.34,0
"528","2026-07-23 14:47:00",32.4,0
"529","2026-07-23 14:48:00",32.86,0
"530","2026-07-23 14:49:00",33.88,0
"531","2026-07-23 14:50:00",34.1,0
"532","2026-07-23 14:51:00",33.66,0
"533","2026-07-23 14:52:00",32.03,0
"534","2026-07-23 14:53:00",33.14,0
"535","2026-07-23 14:54:00",33.74,0
"536","2026-07-23 14:55:00",33.99,0
"537","2026-07-23 14:56:00",34.51,0
"538","2026-07-23 14:57:00",33.6,0
"539","2026-07-23 14:58:00",33.88,0
"540","2026-07-23 14:59:00",33.91,0
"541","2026-07-23 15:00:00",33.44,0
"542","2026-07-23 15:01:00",33.13,0
"543","2026-07-23 15:02:00",33.95,0
"544","2026-07-23 15:03:00",33.79,0
"545","2026-07-23 15:04:00",33.86,0
"546","2026-07-23 15:05:00",34.71,0
"547","2026-07-23 15:06:00",34.82,0
"548","2026-07-23 15:07:00",34.98,0
"549","2026-07-23 15:08:00",34.32,0
"550","2026-07-23 15:09:00",33.88,0
"551","2026-07-23 15:10:00",34.51,0
"552","2026-07-23 15:11:00",33.84,0
"553","2026-07-23 15:12:00",34.04,0
"554","2026-07-23 15:13:00",32.97,0
"555","2026-07-23 15:14:00",34,0
"556","2026-07-23 15:15:00",35.29,0
"557","2026-07-23 15:16:00",35.5,0
"558","2026-07-23 15:17:00",35.75,0
"559","2026-07-23 15:18:00",35.68,0
"560","2026-07-23 15:19:00",35.74,0
"561","2026-07-23 15:20:00",35.36,0
"562","2026-07-23 15:21:00",35.28,0
"563","2026-07-23 15:22:00",35.46,0
"564","2026-07-23 15:23:00",35.76,0
"565","2026-07-23 15:24:00",35.32,0
"566","2026-07-23 15:25:00",35.58,0
"567","2026-07-23 15:26:00",35.84,0
"568","2026-07-23 15:27:00",36.39,0
"569","2026-07-23 15:28:00",36.08,0
"570","2026-07-23 15:29:00",34.84,0
"571","2026-07-23 15:30:00",32.63,0
"572","2026-07-23 15:31:00",34.19,0
"573","2026-07-23 15:32:00",35.21,0
"574","2026-07-23 15:33:00",36.32,0
"575","2026-07-23 15:34:00",35.93,0
"576","2026-07-23 15:35:00",36.31,0
"577","2026-07-23 15:36:00",36.83,0
"578","2026-07-23 15:37:00",36.5,0
"579","2026-07-23 15:38:00",36.03,0
"580","2026-07-23 15:39:00",36.19,0
"581","2026-07-23 15:40:00",36.42,0
"582","2026-07-23 15:41:00",36.82,0
"583","2026-07-23 15:42:00",35.45,0
"584","2026-07-23 15:43:00",35.85,0
"585","2026-07-23 15:44:00",36.4,0
"586","2026-07-23 15:45:00",36.11,0
"587","2026-07-23 15:46:00",36.15,0
"588","2026-07-23 15:47:00",35.92,0
"589","2026-07-23 15:48:00",36.2,0
"590","2026-07-23 15:49:00",35.13,0
"591","2026-07-23 15:50:00",35.09,0
"592","2026-07-23 15:51:00",35.42,0
"593","2026-07-23 15:52:00",35.45,0
"594","2026-07-23 15:53:00",35.49,0
"595","2026-07-23 15:54:00",35,0
"596","2026-07-23 15:55:00",35.6,0
"597","2026-07-23 15:56:00",35.15,0
"598","2026-07-23 15:57:00",36.02,0
"599","2026-07-23 15:58:00",36.32,0
"600","2026-07-23 15:59:00",36.57,0
"601","2026-07-23 16:00:00",36.29,0
"602","2026-07-23 16:01:00",35.67,0
"603","2026-07-23 16:02:00",36.31,0
"604","2026-07-23 16:03:00",35.25,0
"605","2026-07-23 16:04:00",35.61,0
"606","2026-07-23 16:05:00",34.63,0
"607","2026-07-23 16:06:00",34.41,0
"608","2026-07-23 16:07:00",34.92,0
"609","2026-07-23 16:08:00",34.47,0
"610","2026-07-23 16:09:00",34.83,0
"611","2026-07-23 16:10:00",34.77,0
"612","2026-07-23 16:11:00",35.32,0
"613","2026-07-23 16:12:00",35.17,0
"614","2026-07-23 16:13:00",35.41,0
"615","2026-07-23 16:14:00",35.34,0
"616","2026-07-23 16:15:00",34.79,0
"617","2026-07-23 16:16:00",35.1,0
"618","2026-07-23 16:17:00",35.32,0
"619","2026-07-23 16:18:00",34.47,0
"620","2026-07-23 16:19:00",35.17,0
"621","2026-07-23 16:20:00",35.22,0
"622","2026-07-23 16:21:00",33.79,0
"623","2026-07-23 16:22:00",34.08,0
"624","2026-07-23 16:23:00",34.49,0
"625","2026-07-23 16:24:00",34.58,0
"626","2026-07-23 16:25:00",34.7,0
"627","2026-07-23 16:26:00",34.93,0
"628","2026-07-23 16:27:00",35.1,0
"629","2026-07-23 16:28:00",33.99,0
"630","2026-07-23 16:29:00",34.09,0
"631","2026-07-23 16:30:00",35.04,0
"632","2026-07-23 16:31:00",35.13,0
"633","2026-07-23 16:32:00",34.79,0
"634","2026-07-23 16:33:00",34.41,0
"635","2026-07-23 16:34:00",34.04,0
"636","2026-07-23 16:35:00",34.04,0
"637","2026-07-23 16:36:00",34.59,0
"638","2026-07-23 16:37:00",34.35,0
"639","2026-07-23 16:38:00",34.82,0
"640","2026-07-23 16:39:00",34.13,0
"641","2026-07-23 16:40:00",33.72,0
"642","2026-07-23 16:41:00",33.33,0
"643","2026-07-23 16:42:00",34.16,0
"644","2026-07-23 16:43:00",33.69,0
"645","2026-07-23 16:44:00",33.7,0
"646","2026-07-23 16:45:00",34.17,0
"647","2026-07-23 16:46:00",34.91,0
"648","2026-07-23 16:47:00",33.89,0
"649","2026-07-23 16:48:00",33.62,0
"650","2026-07-23 16:49:00",32.66,0
"651","2026-07-23 16:50:00",33.64,0
"652","2026-07-23 16:51:00",34.32,0
"653","2026-07-23 16:52:00",33.98,0
"654","2026-07-23 16:53:00",34.13,0
"655","2026-07-23 16:54:00",33.96,0
"656","2026-07-23 16:55:00",33.5,0
"657","2026-07-23 16:56:00",33.41,0
"658","2026-07-23 16:57:00",32.19,0
"659","2026-07-23 16:58:00",32.61,0
"660","2026-07-23 16:59:00",32.87,0
"661","2026-07-23 17:00:00",32.81,0
"662","2026-07-23 17:01:00",32.5,0
"663","2026-07-23 17:02:00",32.9,0
"664","2026-07-23 17:03:00",32.96,0
"665","2026-07-23 17:04:00",32.58,0
"666","2026-07-23 17:05:00",32.27,0
"667","2026-07-23 17:06:00",32.29,0
"668","2026-07-23 17:07:00",32.81,0
"669","2026-07-23 17:08:00",32.74,0
"670","2026-07-23 17:09:00",33.42,0
"671","2026-07-23 17:10:00",33.97,0
"672","2026-07-23 17:11:00",33.57,0
"673","2026-07-23 17:12:00",32.6,0
"674","2026-07-23 17:13:00",33.52,0
"675","2026-07-23 17:14:00",33.38,0
"676","2026-07-23 17:15:00",34.26,0
"677","2026-07-23 17:16:00",34.01,0
"678","2026-07-23 17:17:00",33.27,0
"679","2026-07-23 17:18:00",33.61,0
"680","2026-07-23 17:19:00",33.76,0
"681","2026-07-23 17:20:00",33.45,0
"682","2026-07-23 17:21:00",33.29,0
"683","2026-07-23 17:22:00",32.73,0
"684","2026-07-23 17:23:00",33.14,0
"685","2026-07-23 17:24:00",32.44,0
"686","2026-07-23 17:25:00",32.44,0
"687","2026-07-23 17:26:00",32.24,0
"688","2026-07-23 17:27:00",33.21,0
"689","2026-07-23 17:28:00",33.1,0
"690","2026-07-23 17:29:00",33.02,0
"691","2026-07-23 17:30:00",32.48,0
"692","2026-07-23 17:31:00",31.81,0
"693","2026-07-23 17:32:00",32.18,0
"694","2026-07-23 17:33:00",32.1,0
"695","2026-07-23 17:34:00",30.99,0
"696","2026-07-23 17:35:00",30.97,0
"697","2026-07-23 17:36:00",30.91,0
"698","2026-07-23 17:37:00",29.77,0
"699","2026-07-23 17:38:00",28.48,0
"700","2026-07-23 17:39:00",31.02,0
"701","2026-07-23 17:40:00",31.35,0
"702","2026-07-23 17:41:00",30.74,0
"703","2026-07-23 17:42:00",30.83,0
"704","2026-07-23 17:43:00",30.95,0
"705","2026-07-23 17:44:00",31.27,0
"706","2026-07-23 17:45:00",30.28,0
"707","2026-07-23 17:46:00",29.86,0
"708","2026-07-23 17:47:00",29.36,0
"709","2026-07-23 17:48:00",29.62,0
"710","2026-07-23 17:49:00",30.8,0
"711","2026-07-23 17:50:00",30.85,0
"712","2026-07-23 17:51:00",31.14,0
"713","2026-07-23 17:52:00",30.4,0
"714","2026-07-23 17:53:00",31.18,0
"715","2026-07-23 17:54:00",30.97,0
"716","2026-07-23 17:55:00",29.95,0
"717","2026-07-23 17:56:00",28.36,0
"718","2026-07-23 17:57:00",29.44,0
"719","2026-07-23 17:58:00",30.58,0
"720","2026-07-23 17:59:00",30.16,0
"721","2026-07-23 18:00:00",30.42,0
"722","2026-07-23 18:01:00",30.41,0
"723","2026-07-23 18:02:00",31.06,0
"724","2026-07-23 18:03:00",29.74,0
"725","2026-07-23 18:04:00",31.15,0
"726","2026-07-23 18:05:00",31.22,0
"727","2026-07-23 18:06:00",29.66,0
"728","2026-07-23 18:07:00",30.37,0
"729","2026-07-23 18:08:00",29.93,0
"730","2026-07-23 18:09:00",28.12,0
"731","2026-07-23 18:10:00",28.48,0
"732","2026-07-23 18:11:00",29.76,0
"733","2026-07-23 18:12:00",28.73,0
"734","2026-07-23 18:13:00",29.55,0
"735","2026-07-23 18:14:00",30.29,0
"736","2026-07-23 18:15:00",30.3,0
"737","2026-07-23 18:16:00",30.91,0
"738","2026-07-23 18:17:00",31.12,0
"739","2026-07-23 18:18:00",31.39,0
"740","2026-07-23 18:19:00",29.82,0
"741","2026-07-23 18:20:00",30.08,0
"742","2026-07-23 18:21:00",29.87,0
"743","2026-07-23 18:22:00",29.8,0
"744","2026-07-23 18:23:00",29.93,0
"745","2026-07-23 18:24:00",29.29,0
"746","2026-07-23 18:25:00",29.98,0
"747","2026-07-23 18:26:00",29.09,0
"748","2026-07-23 18:27:00",30.01,0
"749","2026-07-23 18:28:00",30.46,0
"750","2026-07-23 18:29:00",30.6,0
"751","2026-07-23 18:30:00",31.64,0
"752","2026-07-23 18:31:00",32.05,0
"753","2026-07-23 18:32:00",32.66,0
"754","2026-07-23 18:33:00",32.54,0
"755","2026-07-23 18:34:00",32.92,0
"756","2026-07-23 18:35:00",32.19,0
"757","2026-07-23 18:36:00",32.78,0
"758","2026-07-23 18:37:00",33.27,0
"759","2026-07-23 18:38:00",33.58,0
"760","2026-07-23 18:39:00",32.77,0
"761","2026-07-23 18:40:00",33.49,0
"762","2026-07-23 18:41:00",33.62,0
"763","2026-07-23 18:42:00",34,0
"764","2026-07-23 18:43:00",33.35,0
"765","2026-07-23 18:44:00",33.47,0
"766","2026-07-23 18:45:00",34.1,0
"767","2026-07-23 18:46:00",33.86,0
"768","2026-07-23 18:47:00",34.39,0
"769","2026-07-23 18:48:00",34.59,0
"770","2026-07-23 18:49:00",34.77,0
"771","2026-07-23 18:50:00",35.09,0
"772","2026-07-23 18:51:00",35.04,0
"773","2026-07-23 18:52:00",34.35,0
"774","2026-07-23 18:53:00",34.76,0
"775","2026-07-23 18:54:00",34.7,0
"776","2026-07-23 18:55:00",34.9,0
"777","2026-07-23 18:56:00",34.17,0
"778","2026-07-23 18:57:00",34.52,0
"779","2026-07-23 18:58:00",34.41,0
"780","2026-07-23 18:59:00",34.49,0
"781","2026-07-23 19:00:00",34.11,0
"782","2026-07-23 19:01:00",34.03,0
"783","2026-07-23 19:02:00",33.82,0
"784","2026-07-23 19:03:00",33.7,0
"785","2026-07-23 19:04:00",33.38,0
"786","2026-07-23 19:05:00",32.57,0
"787","2026-07-23 19:06:00",32.58,0
"788","2026-07-23 19:07:00",33.06,0
"789","2026-07-23 19:08:00",33.09,0
"790","2026-07-23 19:09:00",33.18,0
"791","2026-07-23 19:10:00",33.37,0
"792","2026-07-23 19:11:00",33.79,0
"793","2026-07-23 19:12:00",33.28,0
"794","2026-07-23 19:13:00",33.06,0
"795","2026-07-23 19:14:00",32.3,0
"796","2026-07-23 19:15:00",32.2,0
"797","2026-07-23 19:16:00",33.07,0
"798","2026-07-23 19:17:00",32.72,0
"799","2026-07-23 19:18:00",32.61,0
"800","2026-07-23 19:19:00",33.03,0
"801","2026-07-23 19:20:00",33.3,0
"802","2026-07-23 19:21:00",32.83,0
"803","2026-07-23 19:22:00",32.29,0
"804","2026-07-23 19:23:00",32.39,0
"805","2026-07-23 19:24:00",32.03,0
"806","2026-07-23 19:25:00",31.03,0
"807","2026-07-23 19:26:00",31.12,0
"808","2026-07-23 19:27:00",31.1,0
"809","2026-07-23 19:28:00",32.19,0
"810","2026-07-23 19:29:00",31.17,0
"811","2026-07-23 19:30:00",31.84,0
"812","2026-07-23 19:31:00",31.73,0
"813","2026-07-23 19:32:00",31.44,0
"814","2026-07-23 19:33:00",31.81,0
"815","2026-07-23 19:34:00",31.92,0
"816","2026-07-23 19:35:00",32.39,0
"817","2026-07-23 19:36:00",32.25,0
"818","2026-07-23 19:37:00",32.53,0
"819","2026-07-23 19:38:00",31.64,0
"820","2026-07-23 19:39:00",31.66,0
"821","2026-07-23 19:40:00",31.63,0
"822","2026-07-23 19:41:00",31.72,0
"823","2026-07-23 19:42:00",32.11,0
"824","2026-07-23 19:43:00",31.45,0
"825","2026-07-23 19:44:00",30.86,0
"826","2026-07-23 19:45:00",30.25,0
"827","2026-07-23 19:46:00",30.3,0
"828","2026-07-23 19:47:00",30.06,0
"829","2026-07-23 19:48:00",30.39,0
"830","2026-07-23 19:49:00",29.42,0
"831","2026-07-23 19:50:00",30.16,0
"832","2026-07-23 19:51:00",30.43,0
"833","2026-07-23 19:52:00",29.84,0
"834","2026-07-23 19:53:00",30.27,0
"835","2026-07-23 19:54:00",30.71,0
"836","2026-07-23 19:55:00",30.12,0
"837","2026-07-23 19:56:00",30.2,0
"838","2026-07-23 19:57:00",30.24,0
"839","2026-07-23 19:58:00",30.02,0
"840","2026-07-23 19:59:00",29.36,0
"841","2026-07-23 20:00:00",29.33,0
"842","2026-07-23 20:01:00",29.96,0
"843","2026-07-23 20:02:00",29.49,0
"844","2026-07-23 20:03:00",29.27,0
"845","2026-07-23 20:04:00",30.57,0
"846","2026-07-23 20:05:00",30.54,0
"847","2026-07-23 20:06:00",30.47,0
"848","2026-07-23 20:07:00",30.26,0
"849","2026-07-23 20:08:00",29.78,0
"850","2026-07-23 20:09:00",29.76,0
"851","2026-07-23 20:10:00",30.25,0
"852","2026-07-23 20:11:00",29.84,0
"853","2026-07-23 20:12:00",29.84,0
"854","2026-07-23 20:13:00",29.47,0
"855","2026-07-23 20:14:00",29.91,0
"856","2026-07-23 20:15:00",29.91,0
"857","2026-07-23 20:16:00",29.68,0
"858","2026-07-23 20:17:00",29.73,0
"859","2026-07-23 20:18:00",29.28,0
"860","2026-07-23 20:19:00",29.56,0
"861","2026-07-23 20:20:00",28.68,0
"862","2026-07-23 20:21:00",27.06,0
"863","2026-07-23 20:22:00",27.04,0
"864","2026-07-23 20:23:00",27.56,0
"865","2026-07-23 20:24:00",28.43,0
"866","2026-07-23 20:25:00",28.48,0
"867","2026-07-23 20:26:00",28.75,0
"868","2026-07-23 20:27:00",29.48,0
"869","2026-07-23 20:28:00",28.44,0
"870","2026-07-23 20:29:00",28.55,0
"871","2026-07-23 20:30:00",27.82,0
"872","2026-07-23 20:31:00",28.02,0
"873","2026-07-23 20:32:00",29.1,0
"874","2026-07-23 20:33:00",28.35,0
"875","2026-07-23 20:34:00",28.37,0
"876","2026-07-23 20:35:00",28.46,0
"877","2026-07-23 20:36:00",28.24,0
"878","2026-07-23 20:37:00",28.71,0
"879","2026-07-23 20:38:00",28.97,0
"880","2026-07-23 20:39:00",28.77,0
"881","2026-07-23 20:40:00",28.75,0
"882","2026-07-23 20:41:00",29.14,0
"883","2026-07-23 20:42:00",29.72,0
"884","2026-07-23 20:43:00",29.02,0
"885","2026-07-23 20:44:00",30.22,0
"886","2026-07-23 20:45:00",30.51,0
"887","2026-07-23 20:46:00",30.9,0
"888","2026-07-23 20:47:00",30.9,0
"889","2026-07-23 20:48:00",31.03,0
"890","2026-07-23 20:49:00",30.16,0
"891","2026-07-23 20:50:00",31.07,0
"892","2026-07-23 20:51:00",31.05,0
"893","2026-07-23 20:52:00",30.55,0
"894","2026-07-23 20:53:00",29.63,0
"895","2026-07-23 20:54:00",28.31,0
"896","2026-07-23 20:55:00",28.56,0
"897","2026-07-23 20:56:00",29.28,0
"898","2026-07-23 20:57:00",29.22,0
"899","2026-07-23 20:58:00",28.62,0
"900","2026-07-23 20:59:00",30.56,0
"901","2026-07-23 21:00:00",29.34,0
"902","2026-07-23 21:01:00",29.37,0
"903","2026-07-23 21:02:00",29.85,0
"904","2026-07-23 21:03:00",30.18,0
"905","2026-07-23 21:04:00",30.13,0
"906","2026-07-23 21:05:00",30.24,0
"907","2026-07-23 21:06:00",30.22,0
"908","2026-07-23 21:07:00",30.32,0
"909","2026-07-23 21:08:00",29.94,0
"910","2026-07-23 21:09:00",29.69,0
"911","2026-07-23 21:10:00",30,0
"912","2026-07-23 21:11:00",28.5,0
"913","2026-07-23 21:12:00",29.69,0
"914","2026-07-23 21:13:00",29.64,0
"915","2026-07-23 21:14:00",30.19,0
"916","2026-07-23 21:15:00",29.82,0
"917","2026-07-23 21:16:00",30.01,0
"918","2026-07-23 21:17:00",30.83,0
"919","2026-07-23 21:18:00",30.21,0
"920","2026-07-23 21:19:00",30.4,0
"921","2026-07-23 21:20:00",31.26,0
"922","2026-07-23 21:21:00",30.52,0
"923","2026-07-23 21:22:00",31.75,0
"924","2026-07-23 21:23:00",32.09,0
"925","2026-07-23 21:24:00",32.49,0
"926","2026-07-23 21:25:00",32.18,0
"927","2026-07-23 21:26:00",31.83,0
"928","2026-07-23 21:27:00",30.92,0
"929","2026-07-23 21:28:00",30.79,0
"930","2026-07-23 21:29:00",30.73,0
"931","2026-07-23 21:30:00",31.18,0
"932","2026-07-23 21:31:00",30.44,0
"933","2026-07-23 21:32:00",29.7,0
"934","2026-07-23 21:33:00",29.96,0
"935","2026-07-23 21:34:00",30.63,0
"936","2026-07-23 21:35:00",30.16,0
"937","2026-07-23 21:36:00",30.12,0
"938","2026-07-23 21:37:00",29.35,0
"939","2026-07-23 21:38:00",29.76,0
"940","2026-07-23 21:39:00",30.06,0
"941","2026-07-23 21:40:00",29.93,0
"942","2026-07-23 21:41:00",30.12,0
"943","2026-07-23 21:42:00",29.51,0
"944","2026-07-23 21:43:00",29.67,0
"945","2026-07-23 21:44:00",29.35,0
"946","2026-07-23 21:45:00",29.79,0
"947","2026-07-23 21:46:00",29.14,0
"948","2026-07-23 21:47:00",29.08,0
"949","2026-07-23 21:48:00",29.3,0
"950","2026-07-23 21:49:00",27.79,0
"951","2026-07-23 21:50:00",26.9,0
"952","2026-07-23 21:51:00",27.73,0
"953","2026-07-23 21:52:00",26.79,0
"954","2026-07-23 21:53:00",27.6,0
"955","2026-07-23 21:54:00",28.93,0
"956","2026-07-23 21:55:00",28.94,0
"957","2026-07-23 21:56:00",28.88,0
"958","2026-07-23 21:57:00",28.87,0
"959","2026-07-23 21:58:00",28.6,0
"960","2026-07-23 21:59:00",28.9,0
"961","2026-07-23 22:00:00",29.06,0
"962","2026-07-23 22:01:00",28.72,0
"963","2026-07-23 22:02:00",28.34,0
"964","2026-07-23 22:03:00",28.57,0
"965","2026-07-23 22:04:00",28.27,0
"966","2026-07-23 22:05:00",28.14,0
"967","2026-07-23 22:06:00",27.79,0
"968","2026-07-23 22:07:00",28.32,0
"969","2026-07-23 22:08:00",27.86,0
"970","2026-07-23 22:09:00",27.78,0
"971","2026-07-23 22:10:00",28.3,0
"972","2026-07-23 22:11:00",27.81,0
"973","2026-07-23 22:12:00",27.98,0
"974","2026-07-23 22:13:00",27.58,0
"975","2026-07-23 22:14:00",27.38,0
"976","2026-07-23 22:15:00",27.53,0
"977","2026-07-23 22:16:00",27.57,0
"978","2026-07-23 22:17:00",27.38,0
"979","2026-07-23 22:18:00",27.72,0
"980","2026-07-23 22:19:00",27.72,0
"981","2026-07-23 22:20:00",28.11,0
"982","2026-07-23 22:21:00",27.51,0
"983","2026-07-23 22:22:00",27.6,0
"984","2026-07-23 22:23:00",27.2,0
"985","2026-07-23 22:24:00",27.17,0
"986","2026-07-23 22:25:00",27.79,0
"987","2026-07-23 22:26:00",27.13,0
"988","2026-07-23 22:27:00",27.62,0
"989","2026-07-23 22:28:00",27.41,0
"990","2026-07-23 22:29:00",28.01,0
"991","2026-07-23 22:30:00",28.11,0
"992","2026-07-23 22:31:00",27.58,0
"993","2026-07-23 22:32:00",27.25,0
"994","2026-07-23 22:33:00",27.72,0
"995","2026-07-23 22:34:00",27.84,0
"996","2026-07-23 22:35:00",27.42,0
"997","2026-07-23 22:36:00",27.03,0
"998","2026-07-23 22:37:00",27.44,0
"999","2026-07-23 22:38:00",26.62,0
"1000","2026-07-23 22:39:00",26.85,0
"1001","2026-07-23 22:40:00",27.05,0
"1002","2026-07-23 22:41:00",26.92,0
"1003","2026-07-23 22:42:00",27.26,0
"1004","2026-07-23 22:43:00",27.27,0
"1005","2026-07-23 22:44:00",27.36,0
"1006","2026-07-23 22:45:00",27.26,0
"1007","2026-07-23 22:46:00",26.69,0
"1008","2026-07-23 22:47:00",26.47,0
"1009","2026-07-23 22:48:00",26.59,0
"1010","2026-07-23 22:49:00",26.83,0
"1011","2026-07-23 22:50:00",26.34,0
"1012","2026-07-23 22:51:00",26.22,0
"1013","2026-07-23 22:52:00",26.4,0
"1014","2026-07-23 22:53:00",26.13,0
"1015","2026-07-23 22:54:00",26.71,0
"1016","2026-07-23 22:55:00",26.86,0
"1017","2026-07-23 22:56:00",26.88,0
"1018","2026-07-23 22:57:00",26.43,0
"1019","2026-07-23 22:58:00",26.31,0
"1020","2026-07-23 22:59:00",26.42,0
"1021","2026-07-23 23:00:00",26.51,0
"1022","2026-07-23 23:01:00",27.03,0
"1023","2026-07-23 23:02:00",26.23,0
"1024","2026-07-23 23:03:00",26.02,0
"1025","2026-07-23 23:04:00",26.86,0
"1026","2026-07-23 23:05:00",26.48,0
"1027","2026-07-23 23:06:00",27,0
"1028","2026-07-23 23:07:00",26.37,0
"1029","2026-07-23 23:08:00",26.28,0
"1030","2026-07-23 23:09:00",25.41,0
"1031","2026-07-23 23:10:00",25.47,0
"1032","2026-07-23 23:11:00",25.59,0
"1033","2026-07-23 23:12:00",26.52,0
"1034","2026-07-23 23:13:00",25.91,0
"1035","2026-07-23 23:14:00",26.52,0
"1036","2026-07-23 23:15:00",26.21,0
"1037","2026-07-23 23:16:00",26.43,0
"1038","2026-07-23 23:17:00",26.44,0
"1039","2026-07-23 23:18:00",25.94,0
"1040","2026-07-23 23:19:00",25.8,0
"1041","2026-07-23 23:20:00",26.08,0
"1042","2026-07-23 23:21:00",26.91,0
"1043","2026-07-23 23:22:00",26.68,0
"1044","2026-07-23 23:23:00",26.58,0
"1045","2026-07-23 23:24:00",26.84,0
"1046","2026-07-23 23:25:00",26.55,0
"1047","2026-07-23 23:26:00",26.73,0
"1048","2026-07-23 23:27:00",26.54,0
"1049","2026-07-23 23:28:00",26.74,0
"1050","2026-07-23 23:29:00",26.18,0
"1051","2026-07-23 23:30:00",26.48,0
"1052","2026-07-23 23:31:00",26.55,0
"1053","2026-07-23 23:32:00",26.4,0
"1054","2026-07-23 23:33:00",25.91,0
"1055","2026-07-23 23:34:00",25.8,0
"1056","2026-07-23 23:35:00",25.8,0
"1057","2026-07-23 23:36:00",25.08,0
"1058","2026-07-23 23:37:00",25.8,0
"1059","2026-07-23 23:38:00",25.66,0
"1060","2026-07-23 23:39:00",25.89,0
"1061","2026-07-23 23:40:00",26.21,0
"1062","2026-07-23 23:41:00",25.93,0
"1063","2026-07-23 23:42:00",26.54,0
"1064","2026-07-23 23:43:00",26.03,0
"1065","2026-07-23 23:44:00",25.96,0
"1066","2026-07-23 23:45:00",26.32,0
"1067","2026-07-23 23:46:00",26.29,0
"1068","2026-07-23 23:47:00",26.04,0
"1069","2026-07-23 23:48:00",26.34,0
"1070","2026-07-23 23:49:00",25.89,0
"1071","2026-07-23 23:50:00",26.27,0
"1072","2026-07-23 23:51:00",25.89,0
"1073","2026-07-23 23:52:00",24.83,0
"1074","2026-07-23 23:53:00",25.27,0
"1075","2026-07-23 23:54:00",25.57,0
"1076","2026-07-23 23:55:00",26.01,0
"1077","2026-07-23 23:56:00",25.92,0
"1078","2026-07-23 23:57:00",25.71,0
"1079","2026-07-23 23:58:00",26.17,0
"1080","2026-07-23 23:59:00",26.05,0
"1081","2026-07-24",26.22,0
"1082","2026-07-24 00:01:00",25.05,0
"1083","2026-07-24 00:02:00",25.4,0
"1084","2026-07-24 00:03:00",25.82,0
"1085","2026-07-24 00:04:00",25.98,0
"1086","2026-07-24 00:05:00",25.82,0
"1087","2026-07-24 00:06:00",25.71,0
"1088","2026-07-24 00:07:00",25.92,0
"1089","2026-07-24 00:08:00",25.63,0
"1090","2026-07-24 00:09:00",25.98,0
"1091","2026-07-24 00:10:00",25.94,0
"1092","2026-07-24 00:11:00",25.8,0
"1093","2026-07-24 00:12:00",25.11,0
"1094","2026-07-24 00:13:00",24.94,0
"1095","2026-07-24 00:14:00",25.75,0
"1096","2026-07-24 00:15:00",25.63,0
"1097","2026-07-24 00:16:00",25.91,0
"1098","2026-07-24 00:17:00",25.95,0
"1099","2026-07-24 00:18:00",25.74,0
"1100","2026-07-24 00:19:00",26.11,0
"1101","2026-07-24 00:20:00",25.83,0
"1102","2026-07-24 00:21:00",26.09,0
"1103","2026-07-24 00:22:00",25.76,0
"1104","2026-07-24 00:23:00",25.96,0
"1105","2026-07-24 00:24:00",25.23,0
"1106","2026-07-24 00:25:00",24.4,0
"1107","2026-07-24 00:26:00",26.32,0
"1108","2026-07-24 00:27:00",25.48,0
"1109","2026-07-24 00:28:00",25.64,0
"1110","2026-07-24 00:29:00",26.1,0
"1111","2026-07-24 00:30:00",25.14,0
"1112","2026-07-24 00:31:00",25.93,0
"1113","2026-07-24 00:32:00",25.6,0
"1114","2026-07-24 00:33:00",25.37,0
"1115","2026-07-24 00:34:00",25.96,0
"1116","2026-07-24 00:35:00",25.24,0
"1117","2026-07-24 00:36:00",25.58,0
"1118","2026-07-24 00:37:00",25.37,0
"1119","2026-07-24 00:38:00",26.28,0
"1120","2026-07-24 00:39:00",26.69,1
"1121","2026-07-24 00:40:00",26.71,1
"1122","2026-07-24 00:41:00",25.96,1
"1123","2026-07-24 00:42:00",26.83,1
"1124","2026-07-24 00:43:00",26.76,1
"1125","2026-07-24 00:44:00",0,1
"1126","2026-07-24 00:45:00",13.55,1
"1127","2026-07-24 00:46:00",12.56,1
"1128","2026-07-24 00:47:00",12.3,1
"1129","2026-07-24 00:48:00",12.5,1
"1130","2026-07-24 00:49:00",12.46,1
"1131","2026-07-24 00:50:00",12.17,1
"1132","2026-07-24 00:51:00",12.02,1
"1133","2026-07-24 00:52:00",12.04,1
"1134","2026-07-24 00:53:00",12.09,1
"1135","2026-07-24 00:54:00",0,1
"1136","2026-07-24 00:55:00",12.11,1
"1137","2026-07-24 00:56:00",12.33,1
"1138","2026-07-24 00:57:00",12.05,1
"1139","2026-07-24 00:58:00",12.14,1
"1140","2026-07-24 00:59:00",12.31,1
"1141","2026-07-24 01:00:00",12.43,1
"1142","2026-07-24 01:01:00",12.21,1
"1143","2026-07-24 01:02:00",12.13,1
"1144","2026-07-24 01:03:00",12.37,1
"1145","2026-07-24 01:04:00",12.19,1
"1146","2026-07-24 01:05:00",12.39,1
"1147","2026-07-24 01:06:00",12.34,1
"1148","2026-07-24 01:07:00",12.36,1
"1149","2026-07-24 01:08:00",12.32,1
"1150","2026-07-24 01:09:00",0,1
"1151","2026-07-24 01:10:00",25.53,1
"1152","2026-07-24 01:11:00",25.62,1
"1153","2026-07-24 01:12:00",25.52,1
"1154","2026-07-24 01:13:00",26.05,1
"1155","2026-07-24 01:14:00",25.92,0
"1156","2026-07-24 01:15:00",26.07,0
"1157","2026-07-24 01:16:00",26.37,0
"1158","2026-07-24 01:17:00",26.51,0
"1159","2026-07-24 01:18:00",25.77,0
"1160","2026-07-24 01:19:00",26,0
"1161","2026-07-24 01:20:00",25.72,0
"1162","2026-07-24 01:21:00",25.29,0
"1163","2026-07-24 01:22:00",25.19,0
"1164","2026-07-24 01:23:00",25.06,0
"1165","2026-07-24 01:24:00",25.07,0
"1166","2026-07-24 01:25:00",24.12,0
"1167","2026-07-24 01:26:00",26.52,0
"1168","2026-07-24 01:27:00",25.12,0
"1169","2026-07-24 01:28:00",25.54,0
"1170","2026-07-24 01:29:00",25.36,0
"1171","2026-07-24 01:30:00",25.6,0
"1172","2026-07-24 01:31:00",25.84,0
"1173","2026-07-24 01:32:00",25.17,0
"1174","2026-07-24 01:33:00",25.94,0
"1175","2026-07-24 01:34:00",25.67,0
"1176","2026-07-24 01:35:00",25.9,0
"1177","2026-07-24 01:36:00",26.25,0
"1178","2026-07-24 01:37:00",26.44,0
"1179","2026-07-24 01:38:00",25.29,0
"1180","2026-07-24 01:39:00",25.43,0
"1181","2026-07-24 01:40:00",24.65,0
"1182","2026-07-24 01:41:00",25.83,0
"1183","2026-07-24 01:42:00",25.68,0
"1184","2026-07-24 01:43:00",24.74,0
"1185","2026-07-24 01:44:00",25.94,0
"1186","2026-07-24 01:45:00",24.77,0
"1187","2026-07-24 01:46:00",24.5,0
"1188","2026-07-24 01:47:00",25.05,0
"1189","2026-07-24 01:48:00",25.62,0
"1190","2026-07-24 01:49:00",24.22,0
"1191","2026-07-24 01:50:00",25.84,0
"1192","2026-07-24 01:51:00",25.7,0
"1193","2026-07-24 01:52:00",25.12,0
"1194","2026-07-24 01:53:00",25.63,0
"1195","2026-07-24 01:54:00",25.62,0
"1196","2026-07-24 01:55:00",24.17,0
"1197","2026-07-24 01:56:00",25.31,0
"1198","2026-07-24 01:57:00",24.77,0
"1199","2026-07-24 01:58:00",24.74,0
"1200","2026-07-24 01:59:00",24.69,0
"1201","2026-07-24 02:00:00",24.87,0
"1202","2026-07-24 02:01:00",24.68,0
"1203","2026-07-24 02:02:00",24.77,0
"1204","2026-07-24 02:03:00",24.23,0
"1205","2026-07-24 02:04:00",23.59,0
"1206","2026-07-24 02:05:00",23.46,0
"1207","2026-07-24 02:06:00",23.85,0
"1208","2026-07-24 02:07:00",25.07,0
"1209","2026-07-24 02:08:00",24.19,0
"1210","2026-07-24 02:09:00",24.13,0
"1211","2026-07-24 02:10:00",25.09,0
"1212","2026-07-24 02:11:00",24.3,0
"1213","2026-07-24 02:12:00",24.34,0
"1214","2026-07-24 02:13:00",24.39,0
"1215","2026-07-24 02:14:00",24.66,0
"1216","2026-07-24 02:15:00",24.84,0
"1217","2026-07-24 02:16:00",24.8,0
"1218","2026-07-24 02:17:00",24.15,0
"1219","2026-07-24 02:18:00",24.8,0
"1220","2026-07-24 02:19:00",25.46,0
"1221","2026-07-24 02:20:00",25.07,0
"1222","2026-07-24 02:21:00",25.45,0
"1223","2026-07-24 02:22:00",25.11,0
"1224","2026-07-24 02:23:00",24.17,0
"1225","2026-07-24 02:24:00",24.04,0
"1226","2026-07-24 02:25:00",24.29,0
"1227","2026-07-24 02:26:00",24.38,0
"1228","2026-07-24 02:27:00",24.15,0
"1229","2026-07-24 02:28:00",24.78,0
"1230","2026-07-24 02:29:00",25.14,0
"1231","2026-07-24 02:30:00",24.2,0
"1232","2026-07-24 02:31:00",25,0
"1233","2026-07-24 02:32:00",23.93,0
"1234","2026-07-24 02:33:00",23.81,0
"1235","2026-07-24 02:34:00",22.36,0
"1236","2026-07-24 02:35:00",22.57,0
"1237","2026-07-24 02:36:00",24.55,0
"1238","2026-07-24 02:37:00",23.84,0
"1239","2026-07-24 02:38:00",23.84,0
"1240","2026-07-24 02:39:00",25.02,0
"1241","2026-07-24 02:40:00",24.64,0
"1242","2026-07-24 02:41:00",24.3,0
"1243","2026-07-24 02:42:00",23.8,0
"1244","2026-07-24 02:43:00",24.09,0
"1245","2026-07-24 02:44:00",23.76,0
"1246","2026-07-24 02:45:00",24.26,0
"1247","2026-07-24 02:46:00",24.27,0
"1248","2026-07-24 02:47:00",23.02,0
"1249","2026-07-24 02:48:00",23.97,0
"1250","2026-07-24 02:49:00",24.47,0
"1251","2026-07-24 02:50:00",24.36,0
"1252","2026-07-24 02:51:00",24.91,0
"1253","2026-07-24 02:52:00",23.27,0
"1254","2026-07-24 02:53:00",22.98,0
"1255","2026-07-24 02:54:00",24.22,0
"1256","2026-07-24 02:55:00",23.72,0
"1257","2026-07-24 02:56:00",22.91,0
"1258","2026-07-24 02:57:00",22.32,0
"1259","2026-07-24 02:58:00",24,0
"1260","2026-07-24 02:59:00",23.84,0
"1261","2026-07-24 03:00:00",22.79,0
"1262","2026-07-24 03:01:00",23.94,0
"1263","2026-07-24 03:02:00",23.65,0
"1264","2026-07-24 03:03:00",23.85,0
"1265","2026-07-24 03:04:00",23.26,0
"1266","2026-07-24 03:05:00",23.38,0
"1267","2026-07-24 03:06:00",23.82,0
"1268","2026-07-24 03:07:00",23.28,0
"1269","2026-07-24 03:08:00",23.86,0
"1270","2026-07-24 03:09:00",24.12,0
"1271","2026-07-24 03:10:00",23.87,0
"1272","2026-07-24 03:11:00",23.99,0
"1273","2026-07-24 03:12:00",24.53,0
"1274","2026-07-24 03:13:00",23.94,0
"1275","2026-07-24 03:14:00",23.76,0
"1276","2026-07-24 03:15:00",23.02,0
"1277","2026-07-24 03:16:00",23.57,0
"1278","2026-07-24 03:17:00",23.38,0
"1279","2026-07-24 03:18:00",21.66,0
"1280","2026-07-24 03:19:00",21.75,0
"1281","2026-07-24 03:20:00",23.7,0
"1282","2026-07-24 03:21:00",22.78,0
"1283","2026-07-24 03:22:00",23.51,0
"1284","2026-07-24 03:23:00",22.89,0
"1285","2026-07-24 03:24:00",22.21,0
"1286","2026-07-24 03:25:00",22.29,0
"1287","2026-07-24 03:26:00",22.99,0
"1288","2026-07-24 03:27:00",21.81,0
"1289","2026-07-24 03:28:00",23.5,0
"1290","2026-07-24 03:29:00",23.19,0
"1291","2026-07-24 03:30:00",23.2,0
"1292","2026-07-24 03:31:00",22.2,0
"1293","2026-07-24 03:32:00",23.9,0
"1294","2026-07-24 03:33:00",23.12,0
"1295","2026-07-24 03:34:00",22.1,0
"1296","2026-07-24 03:35:00",20.88,0
"1297","2026-07-24 03:36:00",22.57,0
"1298","2026-07-24 03:37:00",23.71,0
"1299","2026-07-24 03:38:00",23.27,0
"1300","2026-07-24 03:39:00",22.65,0
"1301","2026-07-24 03:40:00",23.27,0
"1302","2026-07-24 03:41:00",23.16,0
"1303","2026-07-24 03:42:00",23.74,0
"1304","2026-07-24 03:43:00",22.74,0
"1305","2026-07-24 03:44:00",23.11,0
"1306","2026-07-24 03:45:00",23.16,0
"1307","2026-07-24 03:46:00",23.35,0
"1308","2026-07-24 03:47:00",22.08,0
"1309","2026-07-24 03:48:00",23.3,0
"1310","2026-07-24 03:49:00",24.5,0
"1311","2026-07-24 03:50:00",23.37,0
"1312","2026-07-24 03:51:00",23.6,0
"1313","2026-07-24 03:52:00",23.2,0
"1314","2026-07-24 03:53:00",21.75,0
"1315","2026-07-24 03:54:00",22.51,0
"1316","2026-07-24 03:55:00",22.86,0
"1317","2026-07-24 03:56:00",23.53,0
"1318","2026-07-24 03:57:00",23.83,0
"1319","2026-07-24 03:58:00",23.99,0
"1320","2026-07-24 03:59:00",22.79,0
"1321","2026-07-24 04:00:00",22.58,0
"1322","2026-07-24 04:01:00",22.79,0
"1323","2026-07-24 04:02:00",21.72,0
"1324","2026-07-24 04:03:00",22.9,0
"1325","2026-07-24 04:04:00",22.13,0
"1326","2026-07-24 04:05:00",22.94,0
"1327","2026-07-24 04:06:00",22.64,0
"1328","2026-07-24 04:07:00",22.12,0
"1329","2026-07-24 04:08:00",23.04,0
"1330","2026-07-24 04:09:00",22.2,0
"1331","2026-07-24 04:10:00",22.34,0
"1332","2026-07-24 04:11:00",23.1,0
"1333","2026-07-24 04:12:00",21.49,0
"1334","2026-07-24 04:13:00",22.38,0
"1335","2026-07-24 04:14:00",22.4,0
"1336","2026-07-24 04:15:00",22.14,0
"1337","2026-07-24 04:16:00",22.17,0
"1338","2026-07-24 04:17:00",21.49,0
"1339","2026-07-24 04:18:00",22.34,0
"1340","2026-07-24 04:19:00",20.91,0
"1341","2026-07-24 04:20:00",21.34,0
"1342","2026-07-24 04:21:00",20.21,0
"1343","2026-07-24 04:22:00",22.28,0
"1344","2026-07-24 04:23:00",22.14,0
"1345","2026-07-24 04:24:00",21.05,0
"1346","2026-07-24 04:25:00",21.64,0
"1347","2026-07-24 04:26:00",20.61,0
"1348","2026-07-24 04:27:00",20.28,0
"1349","2026-07-24 04:28:00",21.69,0
"1350","2026-07-24 04:29:00",21.31,0
"1351","2026-07-24 04:30:00",22.31,0
"1352","2026-07-24 04:31:00",21.33,0
"1353","2026-07-24 04:32:00",22.04,0
"1354","2026-07-24 04:33:00",21.39,0
"1355","2026-07-24 04:34:00",21.24,0
"1356","2026-07-24 04:35:00",20.69,0
"1357","2026-07-24 04:36:00",19.78,0
"1358","2026-07-24 04:37:00",19.65,0
"1359","2026-07-24 04:38:00",21.26,0
"1360","2026-07-24 04:39:00",21.13,0
"1361","2026-07-24 04:40:00",21.67,0
"1362","2026-07-24 04:41:00",20.68,0
"1363","2026-07-24 04:42:00",20.31,0
"1364","2026-07-24 04:43:00",18.72,0
"1365","2026-07-24 04:44:00",19.71,0
"1366","2026-07-24 04:45:00",19.03,0
"1367","2026-07-24 04:46:00",20.36,0
"1368","2026-07-24 04:47:00",20.16,0
"1369","2026-07-24 04:48:00",21.07,0
"1370","2026-07-24 04:49:00",21.06,0
"1371","2026-07-24 04:50:00",20.67,0
"1372","2026-07-24 04:51:00",20.7,0
"1373","2026-07-24 04:52:00",21.08,0
"1374","2026-07-24 04:53:00",20.73,0
"1375","2026-07-24 04:54:00",21.32,0
"1376","2026-07-24 04:55:00",20.81,0
"1377","2026-07-24 04:56:00",20.26,0
"1378","2026-07-24 04:57:00",20.51,0
"1379","2026-07-24 04:58:00",18.9,0
"1380","2026-07-24 04:59:00",19.91,0
"1381","2026-07-24 05:00:00",20.74,0
"1382","2026-07-24 05:01:00",19.12,0
"1383","2026-07-24 05:02:00",21.22,0
"1384","2026-07-24 05:03:00",20.55,0
"1385","2026-07-24 05:04:00",20.96,0
"1386","2026-07-24 05:05:00",21.23,0
"1387","2026-07-24 05:06:00",21.13,0
"1388","2026-07-24 05:07:00",20.36,0
"1389","2026-07-24 05:08:00",20.33,0
"1390","2026-07-24 05:09:00",21.8,0
"1391","2026-07-24 05:10:00",21.24,0
"1392","2026-07-24 05:11:00",19.77,0
"1393","2026-07-24 05:12:00",20.22,0
"1394","2026-07-24 05:13:00",20.24,0
"1395","2026-07-24 05:14:00",19.92,0
"1396","2026-07-24 05:15:00",20.01,0
"1397","2026-07-24 05:16:00",20.62,0
"1398","2026-07-24 05:17:00",19.91,0
"1399","2026-07-24 05:18:00",19.47,0
"1400","2026-07-24 05:19:00",20.57,0
"1401","2026-07-24 05:20:00",20.47,0
"1402","2026-07-24 05:21:00",19.97,0
"1403","2026-07-24 05:22:00",20.22,0
"1404","2026-07-24 05:23:00",20.38,0
"1405","2026-07-24 05:24:00",20.64,0
"1406","2026-07-24 05:25:00",20.8,0
"1407","2026-07-24 05:26:00",19.94,0
"1408","2026-07-24 05:27:00",20.79,0
"1409","2026-07-24 05:28:00",21.14,0
"1410","2026-07-24 05:29:00",21,0
"1411","2026-07-24 05:30:00",21.03,0
"1412","2026-07-24 05:31:00",21.54,0
"1413","2026-07-24 05:32:00",20.82,0
"1414","2026-07-24 05:33:00",21.13,0
"1415","2026-07-24 05:34:00",20.99,0
"1416","2026-07-24 05:35:00",20.95,0
"1417","2026-07-24 05:36:00",21.19,0
"1418","2026-07-24 05:37:00",19.77,0
"1419","2026-07-24 05:38:00",20.75,0
"1420","2026-07-24 05:39:00",20.22,0
"1421","2026-07-24 05:40:00",19.87,0
"1422","2026-07-24 05:41:00",20.51,0
"1423","2026-07-24 05:42:00",20.89,0
"1424","2026-07-24 05:43:00",21.38,0
"1425","2026-07-24 05:44:00",20.73,0
"1426","2026-07-24 05:45:00",20.26,0
"1427","2026-07-24 05:46:00",19.03,0
"1428","2026-07-24 05:47:00",18.5,0
"1429","2026-07-24 05:48:00",18.24,0
"1430","2026-07-24 05:49:00",16.86,0
"1431","2026-07-24 05:50:00",18.55,0
"1432","2026-07-24 05:51:00",18.18,0
"1433","2026-07-24 05:52:00",17.66,0
"1434","2026-07-24 05:53:00",19.23,0
"1435","2026-07-24 05:54:00",19.96,0
"1436","2026-07-24 05:55:00",20.68,0
"1437","2026-07-24 05:56:00",19.94,0
"1438","2026-07-24 05:57:00",21.21,0
"1439","2026-07-24 05:58:00",21.42,0
"1440","2026-07-24 05:59:00",20.86,0
