"","date (UTC)","O3 (ppb)","Flag"
"1","2026-09-29 17:00:00",37.97,1
"2","2026-09-29 17:01:00",39.14,1
"3","2026-09-29 17:02:00",39.54,1
"4","2026-09-29 17:03:00",38.64,1
"5","2026-09-29 17:04:00",37.18,1
"6","2026-09-29 17:05:00",38.29,1
"7","2026-09-29 17:06:00",37.69,1
"8","2026-09-29 17:07:00",38.27,1
"9","2026-09-29 17:08:00",39.14,1
"10","2026-09-29 17:09:00",39,1
"11","2026-09-29 17:10:00",39.17,1
"12","2026-09-29 17:11:00",39.41,1
"13","2026-09-29 17:12:00",39.52,1
"14","2026-09-29 17:13:00",39.04,1
"15","2026-09-29 17:14:00",38.56,1
"16","2026-09-29 17:15:00",38.3,1
"17","2026-09-29 17:16:00",38.41,1
"18","2026-09-29 17:17:00",37.78,1
"19","2026-09-29 17:18:00",38.81,1
"20","2026-09-29 17:19:00",37.38,1
"21","2026-09-29 17:20:00",38.03,1
"22","2026-09-29 17:21:00",38.12,1
"23","2026-09-29 17:22:00",38.32,1
"24","2026-09-29 17:23:00",38.02,1
"25","2026-09-29 17:24:00",37.83,1
"26","2026-09-29 17:25:00",38.45,1
"27","2026-09-29 17:26:00",37.94,1
"28","2026-09-29 17:27:00",37.34,1
"29","2026-09-29 17:28:00",36.2,1
"30","2026-09-29 17:29:00",35.6,1
"31","2026-09-29 17:30:00",36.98,1
"32","2026-09-29 17:31:00",37.36,1
"33","2026-09-29 17:32:00",37.28,1
"34","2026-09-29 17:33:00",37.19,1
"35","2026-09-29 17:34:00",36.63,1
"36","2026-09-29 17:35:00",37.87,1
"37","2026-09-29 17:36:00",36.88,1
"38","2026-09-29 17:37:00",36.01,1
"39","2026-09-29 17:38:00",35,1
"40","2026-09-29 17:39:00",35.39,1
"41","2026-09-29 17:40:00",34.97,1
"42","2026-09-29 17:41:00",33.22,1
"43","2026-09-29 17:42:00",31.14,1
"44","2026-09-29 17:43:00",33.54,1
"45","2026-09-29 17:44:00",34.59,1
"46","2026-09-29 17:45:00",34.92,1
"47","2026-09-29 17:46:00",34.92,1
"48","2026-09-29 17:47:00",35.5,1
"49","2026-09-29 17:48:00",35.17,1
"50","2026-09-29 17:49:00",35.57,1
"51","2026-09-29 17:50:00",35.83,1
"52","2026-09-29 17:51:00",35.73,1
"53","2026-09-29 17:52:00",35.34,1
"54","2026-09-29 17:53:00",35.88,1
"55","2026-09-29 17:54:00",35.84,1
"56","2026-09-29 17:55:00",35.85,1
"57","2026-09-29 17:56:00",36.05,1
"58","2026-09-29 17:57:00",35.89,1
"59","2026-09-29 17:58:00",36.06,1
"60","2026-09-29 17:59:00",36.55,1
"61","2026-09-29 18:00:00",36.76,1
"62","2026-09-29 18:01:00",36.45,1
"63","2026-09-29 18:02:00",36.73,1
"64","2026-09-29 18:03:00",36.19,1
"65","2026-09-29 18:04:00",37.04,1
"66","2026-09-29 18:05:00",36.86,1
"67","2026-09-29 18:06:00",37.02,1
"68","2026-09-29 18:07:00",36.35,1
"69","2026-09-29 18:08:00",35.87,1
"70","2026-09-29 18:09:00",36.55,1
"71","2026-09-29 18:10:00",35.51,1
"72","2026-09-29 18:11:00",36.51,1
"73","2026-09-29 18:12:00",35.86,1
"74","2026-09-29 18:13:00",35.77,1
"75","2026-09-29 18:14:00",35.68,1
"76","2026-09-29 18:15:00",35.84,1
"77","2026-09-29 18:16:00",35.48,1
"78","2026-09-29 18:17:00",34.5,1
"79","2026-09-29 18:18:00",35.43,1
"80","2026-09-29 18:19:00",35.61,1
"81","2026-09-29 18:20:00",35.29,1
"82","2026-09-29 18:21:00",35.26,1
"83","2026-09-29 18:22:00",35.04,1
"84","2026-09-29 18:23:00",35.39,1
"85","2026-09-29 18:24:00",36.24,1
"86","2026-09-29 18:25:00",35.65,1
"87","2026-09-29 18:26:00",35.88,1
"88","2026-09-29 18:27:00",36.18,1
"89","2026-09-29 18:28:00",36.97,1
"90","2026-09-29 18:29:00",37.68,1
"91","2026-09-29 18:30:00",37.28,1
"92","2026-09-29 18:31:00",37.7,1
"93","2026-09-29 18:32:00",37.92,1
"94","2026-09-29 18:33:00",37.29,1
"95","2026-09-29 18:34:00",37.71,1
"96","2026-09-29 18:35:00",37.72,1
"97","2026-09-29 18:36:00",38.2,1
"98","2026-09-29 18:37:00",38.67,1
"99","2026-09-29 18:38:00",39.12,1
"100","2026-09-29 18:39:00",39.11,1
"101","2026-09-29 18:40:00",38.67,1
"102","2026-09-29 18:41:00",38.74,1
"103","2026-09-29 18:42:00",38.99,1
"104","2026-09-29 18:43:00",39,1
"105","2026-09-29 18:44:00",39.36,1
"106","2026-09-29 18:45:00",38.96,1
"107","2026-09-29 18:46:00",38.58,1
"108","2026-09-29 18:47:00",39.58,1
"109","2026-09-29 18:48:00",39.27,1
"110","2026-09-29 18:49:00",38.45,1
"111","2026-09-29 18:50:00",39.34,1
"112","2026-09-29 18:51:00",39.59,1
"113","2026-09-29 18:52:00",39.33,1
"114","2026-09-29 18:53:00",39.73,1
"115","2026-09-29 18:54:00",39.6,1
"116","2026-09-29 18:55:00",39.88,1
"117","2026-09-29 18:56:00",40.06,1
"118","2026-09-29 18:57:00",39.64,1
"119","2026-09-29 18:58:00",39.96,1
"120","2026-09-29 18:59:00",39.3,1
"121","2026-09-29 19:00:00",39.69,1
"122","2026-09-29 19:01:00",39.54,1
"123","2026-09-29 19:02:00",39.69,1
"124","2026-09-29 19:03:00",39.54,1
"125","2026-09-29 19:04:00",38.89,1
"126","2026-09-29 19:05:00",38.4,1
"127","2026-09-29 19:06:00",38.77,1
"128","2026-09-29 19:07:00",39.04,1
"129","2026-09-29 19:08:00",38.44,1
"130","2026-09-29 19:09:00",38.07,1
"131","2026-09-29 19:10:00",39.14,1
"132","2026-09-29 19:11:00",38.07,1
"133","2026-09-29 19:12:00",39.22,1
"134","2026-09-29 19:13:00",38.48,1
"135","2026-09-29 19:14:00",38.1,1
"136","2026-09-29 19:15:00",38.07,1
"137","2026-09-29 19:16:00",38.16,1
"138","2026-09-29 19:17:00",38.66,1
"139","2026-09-29 19:18:00",38.68,1
"140","2026-09-29 19:19:00",38.51,1
"141","2026-09-29 19:20:00",39.43,1
"142","2026-09-29 19:21:00",39.12,1
"143","2026-09-29 19:22:00",38.59,1
"144","2026-09-29 19:23:00",38.77,1
"145","2026-09-29 19:24:00",39.48,1
"146","2026-09-29 19:25:00",39.14,1
"147","2026-09-29 19:26:00",38.18,1
"148","2026-09-29 19:27:00",38.72,1
"149","2026-09-29 19:28:00",38.54,1
"150","2026-09-29 19:29:00",37.86,1
"151","2026-09-29 19:30:00",38.68,1
"152","2026-09-29 19:31:00",38.85,1
"153","2026-09-29 19:32:00",39.36,1
"154","2026-09-29 19:33:00",39.98,1
"155","2026-09-29 19:34:00",40.15,1
"156","2026-09-29 19:35:00",39.3,1
"157","2026-09-29 19:36:00",39.5,1
"158","2026-09-29 19:37:00",39.54,1
"159","2026-09-29 19:38:00",39.5,1
"160","2026-09-29 19:39:00",38.92,1
"161","2026-09-29 19:40:00",39.16,1
"162","2026-09-29 19:41:00",38.68,1
"163","2026-09-29 19:42:00",38.58,1
"164","2026-09-29 19:43:00",38.18,1
"165","2026-09-29 19:44:00",38.18,1
"166","2026-09-29 19:45:00",39.04,1
"167","2026-09-29 19:46:00",38.82,1
"168","2026-09-29 19:47:00",39.38,1
"169","2026-09-29 19:48:00",39.76,1
"170","2026-09-29 19:49:00",39.76,1
"171","2026-09-29 19:50:00",39.22,1
"172","2026-09-29 19:51:00",39.41,1
"173","2026-09-29 19:52:00",39.46,1
"174","2026-09-29 19:53:00",39.28,1
"175","2026-09-29 19:54:00",39.28,1
"176","2026-09-29 19:55:00",39.16,1
"177","2026-09-29 19:56:00",38.99,1
"178","2026-09-29 19:57:00",39.35,1
"179","2026-09-29 19:58:00",39.11,1
"180","2026-09-29 19:59:00",39.76,1
"181","2026-09-29 20:00:00",38.7,1
"182","2026-09-29 20:01:00",39.18,1
"183","2026-09-29 20:02:00",39.34,1
"184","2026-09-29 20:03:00",38.3,1
"185","2026-09-29 20:04:00",39.01,1
"186","2026-09-29 20:05:00",38.17,1
"187","2026-09-29 20:06:00",38.45,1
"188","2026-09-29 20:07:00",38.67,1
"189","2026-09-29 20:08:00",38.34,1
"190","2026-09-29 20:09:00",39.08,1
"191","2026-09-29 20:10:00",38.34,1
"192","2026-09-29 20:11:00",38.62,1
"193","2026-09-29 20:12:00",38.14,1
"194","2026-09-29 20:13:00",38.85,1
"195","2026-09-29 20:14:00",38.94,1
"196","2026-09-29 20:15:00",37.77,1
"197","2026-09-29 20:16:00",38.27,1
"198","2026-09-29 20:17:00",38.56,1
"199","2026-09-29 20:18:00",38.3,1
"200","2026-09-29 20:19:00",38.36,1
"201","2026-09-29 20:20:00",38.27,1
"202","2026-09-29 20:21:00",38.21,1
"203","2026-09-29 20:22:00",38.71,1
"204","2026-09-29 20:23:00",37.55,1
"205","2026-09-29 20:24:00",38.53,1
"206","2026-09-29 20:25:00",38.25,1
"207","2026-09-29 20:26:00",38.48,1
"208","2026-09-29 20:27:00",37.56,1
"209","2026-09-29 20:28:00",38.17,1
"210","2026-09-29 20:29:00",38.03,1
"211","2026-09-29 20:30:00",38.23,1
"212","2026-09-29 20:31:00",37.56,1
"213","2026-09-29 20:32:00",38.36,1
"214","2026-09-29 20:33:00",37.89,1
"215","2026-09-29 20:34:00",38.11,1
"216","2026-09-29 20:35:00",37.55,1
"217","2026-09-29 20:36:00",37.99,1
"218","2026-09-29 20:37:00",37.78,1
"219","2026-09-29 20:38:00",37.77,1
"220","2026-09-29 20:39:00",37.07,1
"221","2026-09-29 20:40:00",37.05,1
"222","2026-09-29 20:41:00",37.87,1
"223","2026-09-29 20:42:00",37.99,1
"224","2026-09-29 20:43:00",36.97,1
"225","2026-09-29 20:44:00",37.89,1
"226","2026-09-29 20:45:00",38.04,1
"227","2026-09-29 20:46:00",37.34,1
"228","2026-09-29 20:47:00",37.12,1
"229","2026-09-29 20:48:00",37.22,1
"230","2026-09-29 20:49:00",36.5,1
"231","2026-09-29 20:50:00",37.5,1
"232","2026-09-29 20:51:00",37.12,1
"233","2026-09-29 20:52:00",36.91,1
"234","2026-09-29 20:53:00",37.08,1
"235","2026-09-29 20:54:00",37.27,1
"236","2026-09-29 20:55:00",37.26,1
"237","2026-09-29 20:56:00",36.71,1
"238","2026-09-29 20:57:00",36.62,1
"239","2026-09-29 20:58:00",36.84,1
"240","2026-09-29 20:59:00",37.03,1
"241","2026-09-29 21:00:00",36.83,1
"242","2026-09-29 21:01:00",36.72,1
"243","2026-09-29 21:02:00",36.75,1
"244","2026-09-29 21:03:00",37.06,1
"245","2026-09-29 21:04:00",37.18,1
"246","2026-09-29 21:05:00",36.93,1
"247","2026-09-29 21:06:00",36.59,1
"248","2026-09-29 21:07:00",36.34,1
"249","2026-09-29 21:08:00",35.94,1
"250","2026-09-29 21:09:00",36.14,1
"251","2026-09-29 21:10:00",36.11,1
"252","2026-09-29 21:11:00",36.48,1
"253","2026-09-29 21:12:00",36.99,1
"254","2026-09-29 21:13:00",35.99,1
"255","2026-09-29 21:14:00",36.49,1
"256","2026-09-29 21:15:00",36.91,1
"257","2026-09-29 21:16:00",36.12,1
"258","2026-09-29 21:17:00",36.18,1
"259","2026-09-29 21:18:00",35.49,1
"260","2026-09-29 21:19:00",36.51,1
"261","2026-09-29 21:20:00",36.3,1
"262","2026-09-29 21:21:00",36.57,1
"263","2026-09-29 21:22:00",36.82,1
"264","2026-09-29 21:23:00",36.58,1
"265","2026-09-29 21:24:00",35.89,1
"266","2026-09-29 21:25:00",36.44,1
"267","2026-09-29 21:26:00",36.35,1
"268","2026-09-29 21:27:00",36.55,1
"269","2026-09-29 21:28:00",36.34,1
"270","2026-09-29 21:29:00",36.09,1
"271","2026-09-29 21:30:00",36.16,1
"272","2026-09-29 21:31:00",35.37,1
"273","2026-09-29 21:32:00",35.26,1
"274","2026-09-29 21:33:00",35.92,1
"275","2026-09-29 21:34:00",35.75,1
"276","2026-09-29 21:35:00",35.8,1
"277","2026-09-29 21:36:00",36.34,1
"278","2026-09-29 21:37:00",35.62,1
"279","2026-09-29 21:38:00",35.29,1
"280","2026-09-29 21:39:00",35.54,1
"281","2026-09-29 21:40:00",35.22,1
"282","2026-09-29 21:41:00",35.76,1
"283","2026-09-29 21:42:00",35.78,1
"284","2026-09-29 21:43:00",36.19,1
"285","2026-09-29 21:44:00",35.96,1
"286","2026-09-29 21:45:00",34.74,1
"287","2026-09-29 21:46:00",35.73,1
"288","2026-09-29 21:47:00",35.6,1
"289","2026-09-29 21:48:00",34.81,1
"290","2026-09-29 21:49:00",34.98,1
"291","2026-09-29 21:50:00",35.45,1
"292","2026-09-29 21:51:00",35.34,1
"293","2026-09-29 21:52:00",35.26,1
"294","2026-09-29 21:53:00",34.85,1
"295","2026-09-29 21:54:00",35.19,1
"296","2026-09-29 21:55:00",35.21,1
"297","2026-09-29 21:56:00",34.81,1
"298","2026-09-29 21:57:00",35.6,1
"299","2026-09-29 21:58:00",34.57,1
"300","2026-09-29 21:59:00",35.05,1
"301","2026-09-29 22:00:00",34.88,1
"302","2026-09-29 22:01:00",34.77,1
"303","2026-09-29 22:02:00",35.04,1
"304","2026-09-29 22:03:00",34.62,1
"305","2026-09-29 22:04:00",34.83,1
"306","2026-09-29 22:05:00",34.99,1
"307","2026-09-29 22:06:00",35.14,1
"308","2026-09-29 22:07:00",34.99,1
"309","2026-09-29 22:08:00",34.89,1
"310","2026-09-29 22:09:00",34.99,1
"311","2026-09-29 22:10:00",34.11,1
"312","2026-09-29 22:11:00",34.8,1
"313","2026-09-29 22:12:00",35.2,1
"314","2026-09-29 22:13:00",34.88,1
"315","2026-09-29 22:14:00",34.38,1
"316","2026-09-29 22:15:00",35.68,1
"317","2026-09-29 22:16:00",34.64,1
"318","2026-09-29 22:17:00",34.73,1
"319","2026-09-29 22:18:00",34.57,1
"320","2026-09-29 22:19:00",35.62,1
"321","2026-09-29 22:20:00",35.15,1
"322","2026-09-29 22:21:00",35.65,1
"323","2026-09-29 22:22:00",35.69,1
"324","2026-09-29 22:23:00",35.42,1
"325","2026-09-29 22:24:00",35.81,1
"326","2026-09-29 22:25:00",35.18,1
"327","2026-09-29 22:26:00",35.55,1
"328","2026-09-29 22:27:00",35.25,1
"329","2026-09-29 22:28:00",35.73,1
"330","2026-09-29 22:29:00",35.33,1
"331","2026-09-29 22:30:00",35.14,1
"332","2026-09-29 22:31:00",35.25,1
"333","2026-09-29 22:32:00",35.75,1
"334","2026-09-29 22:33:00",35.34,1
"335","2026-09-29 22:34:00",35.14,1
"336","2026-09-29 22:35:00",35.19,1
"337","2026-09-29 22:36:00",34.95,1
"338","2026-09-29 22:37:00",34.84,1
"339","2026-09-29 22:38:00",35.25,1
"340","2026-09-29 22:39:00",34.96,1
"341","2026-09-29 22:40:00",35.75,1
"342","2026-09-29 22:41:00",35.47,1
"343","2026-09-29 22:42:00",35.44,1
"344","2026-09-29 22:43:00",34.83,1
"345","2026-09-29 22:44:00",35.25,1
"346","2026-09-29 22:45:00",35.38,1
"347","2026-09-29 22:46:00",35.26,1
"348","2026-09-29 22:47:00",35.21,1
"349","2026-09-29 22:48:00",35.6,1
"350","2026-09-29 22:49:00",35.15,1
"351","2026-09-29 22:50:00",35.75,1
"352","2026-09-29 22:51:00",34.87,1
"353","2026-09-29 22:52:00",34.8,1
"354","2026-09-29 22:53:00",35.53,1
"355","2026-09-29 22:54:00",34.93,1
"356","2026-09-29 22:55:00",34.26,1
"357","2026-09-29 22:56:00",34.25,1
"358","2026-09-29 22:57:00",34.74,1
"359","2026-09-29 22:58:00",35.89,1
"360","2026-09-29 22:59:00",35.97,1
"361","2026-09-29 23:00:00",35.77,1
"362","2026-09-29 23:01:00",35.73,1
"363","2026-09-29 23:02:00",35.03,1
"364","2026-09-29 23:03:00",34.74,1
"365","2026-09-29 23:04:00",34.95,1
"366","2026-09-29 23:05:00",35.45,1
"367","2026-09-29 23:06:00",35.91,1
"368","2026-09-29 23:07:00",34.27,1
"369","2026-09-29 23:08:00",35.19,1
"370","2026-09-29 23:09:00",35.69,1
"371","2026-09-29 23:10:00",36.07,1
"372","2026-09-29 23:11:00",35.97,1
"373","2026-09-29 23:12:00",35.02,1
"374","2026-09-29 23:13:00",34.77,1
"375","2026-09-29 23:14:00",35.21,1
"376","2026-09-29 23:15:00",35.13,1
"377","2026-09-29 23:16:00",35.65,1
"378","2026-09-29 23:17:00",35.7,1
"379","2026-09-29 23:18:00",35.64,1
"380","2026-09-29 23:19:00",35.61,1
"381","2026-09-29 23:20:00",34.91,1
"382","2026-09-29 23:21:00",34.86,1
"383","2026-09-29 23:22:00",35.26,1
"384","2026-09-29 23:23:00",34.44,1
"385","2026-09-29 23:24:00",34.67,1
"386","2026-09-29 23:25:00",34.65,1
"387","2026-09-29 23:26:00",35.04,1
"388","2026-09-29 23:27:00",34.35,1
"389","2026-09-29 23:28:00",34.75,1
"390","2026-09-29 23:29:00",35.07,1
"391","2026-09-29 23:30:00",35.52,1
"392","2026-09-29 23:31:00",34.96,1
"393","2026-09-29 23:32:00",35.34,1
"394","2026-09-29 23:33:00",35.37,1
"395","2026-09-29 23:34:00",34.96,1
"396","2026-09-29 23:35:00",34.93,1
"397","2026-09-29 23:36:00",34.67,1
"398","2026-09-29 23:37:00",35.09,1
"399","2026-09-29 23:38:00",34.74,1
"400","2026-09-29 23:39:00",34.37,1
"401","2026-09-29 23:40:00",34.12,1
"402","2026-09-29 23:41:00",34.23,1
"403","2026-09-29 23:42:00",34.04,1
"404","2026-09-29 23:43:00",34.61,1
"405","2026-09-29 23:44:00",34.9,1
"406","2026-09-29 23:45:00",34.5,1
"407","2026-09-29 23:46:00",34.33,1
"408","2026-09-29 23:47:00",35.12,1
"409","2026-09-29 23:48:00",34.11,1
"410","2026-09-29 23:49:00",34.47,1
"411","2026-09-29 23:50:00",34.73,1
"412","2026-09-29 23:51:00",34.57,1
"413","2026-09-29 23:52:00",34.54,1
"414","2026-09-29 23:53:00",34.23,1
"415","2026-09-29 23:54:00",34.51,1
"416","2026-09-29 23:55:00",35.31,1
"417","2026-09-29 23:56:00",34.69,1
"418","2026-09-29 23:57:00",34.89,1
"419","2026-09-29 23:58:00",34.53,1
"420","2026-09-29 23:59:00",35.06,1
"421","2026-09-30",35.3,1
"422","2026-09-30 00:01:00",34.81,1
"423","2026-09-30 00:02:00",34.53,1
"424","2026-09-30 00:03:00",34.12,1
"425","2026-09-30 00:04:00",34.99,1
"426","2026-09-30 00:05:00",34.44,1
"427","2026-09-30 00:06:00",35.3,1
"428","2026-09-30 00:07:00",34.69,1
"429","2026-09-30 00:08:00",34.95,1
"430","2026-09-30 00:09:00",34.1,1
"431","2026-09-30 00:10:00",34.16,1
"432","2026-09-30 00:11:00",35.1,1
"433","2026-09-30 00:12:00",35.06,1
"434","2026-09-30 00:13:00",34.26,1
"435","2026-09-30 00:14:00",34.45,1
"436","2026-09-30 00:15:00",34.78,1
"437","2026-09-30 00:16:00",34.08,1
"438","2026-09-30 00:17:00",34.21,1
"439","2026-09-30 00:18:00",34.76,1
"440","2026-09-30 00:19:00",34.5,1
"441","2026-09-30 00:20:00",34.41,1
"442","2026-09-30 00:21:00",34.51,1
"443","2026-09-30 00:22:00",34.11,1
"444","2026-09-30 00:23:00",34.16,1
"445","2026-09-30 00:24:00",34.93,1
"446","2026-09-30 00:25:00",34.52,1
"447","2026-09-30 00:26:00",35.04,1
"448","2026-09-30 00:27:00",34.94,1
"449","2026-09-30 00:28:00",34.46,1
"450","2026-09-30 00:29:00",34.75,1
"451","2026-09-30 00:30:00",34.38,1
"452","2026-09-30 00:31:00",34.72,1
"453","2026-09-30 00:32:00",34.53,1
"454","2026-09-30 00:33:00",35.01,1
"455","2026-09-30 00:34:00",34.07,1
"456","2026-09-30 00:35:00",34.76,1
"457","2026-09-30 00:36:00",34.81,1
"458","2026-09-30 00:37:00",34.08,1
"459","2026-09-30 00:38:00",34.53,1
"460","2026-09-30 00:39:00",35.42,1
"461","2026-09-30 00:40:00",34.91,2
"462","2026-09-30 00:41:00",34.59,2
"463","2026-09-30 00:42:00",34.37,2
"464","2026-09-30 00:43:00",34.47,2
"465","2026-09-30 00:44:00",34.58,2
"466","2026-09-30 00:45:00",18.76,2
"467","2026-09-30 00:46:00",15.48,2
"468","2026-09-30 00:47:00",15.32,2
"469","2026-09-30 00:48:00",15.34,2
"470","2026-09-30 00:49:00",15.29,2
"471","2026-09-30 00:50:00",14.78,2
"472","2026-09-30 00:51:00",14.81,2
"473","2026-09-30 00:52:00",14.63,2
"474","2026-09-30 00:53:00",14.66,2
"475","2026-09-30 00:54:00",14.45,2
"476","2026-09-30 00:55:00",14.82,2
"477","2026-09-30 00:56:00",15.28,2
"478","2026-09-30 00:57:00",15.06,2
"479","2026-09-30 00:58:00",14.9,2
"480","2026-09-30 00:59:00",15.15,2
"481","2026-09-30 01:00:00",15.27,2
"482","2026-09-30 01:01:00",15.21,2
"483","2026-09-30 01:02:00",15.16,2
"484","2026-09-30 01:03:00",15.6,2
"485","2026-09-30 01:04:00",15.6,2
"486","2026-09-30 01:05:00",15.11,2
"487","2026-09-30 01:06:00",15.32,2
"488","2026-09-30 01:07:00",15.01,2
"489","2026-09-30 01:08:00",14.64,2
"490","2026-09-30 01:09:00",14.63,2
"491","2026-09-30 01:10:00",30.75,2
"492","2026-09-30 01:11:00",33.95,2
"493","2026-09-30 01:12:00",33.61,2
"494","2026-09-30 01:13:00",33.68,2
"495","2026-09-30 01:14:00",32.81,2
"496","2026-09-30 01:15:00",33.08,1
"497","2026-09-30 01:16:00",33.36,1
"498","2026-09-30 01:17:00",33.54,1
"499","2026-09-30 01:18:00",33.43,1
"500","2026-09-30 01:19:00",33.48,1
"501","2026-09-30 01:20:00",32.8,1
"502","2026-09-30 01:21:00",33.56,1
"503","2026-09-30 01:22:00",33.67,1
"504","2026-09-30 01:23:00",32.52,1
"505","2026-09-30 01:24:00",32.92,1
"506","2026-09-30 01:25:00",32.94,1
"507","2026-09-30 01:26:00",32.98,1
"508","2026-09-30 01:27:00",32.68,1
"509","2026-09-30 01:28:00",32.81,1
"510","2026-09-30 01:29:00",32.78,1
"511","2026-09-30 01:30:00",33.33,1
"512","2026-09-30 01:31:00",32.94,1
"513","2026-09-30 01:32:00",33.31,1
"514","2026-09-30 01:33:00",32.94,1
"515","2026-09-30 01:34:00",32.75,1
"516","2026-09-30 01:35:00",32.91,1
"517","2026-09-30 01:36:00",32.83,1
"518","2026-09-30 01:37:00",32.94,1
"519","2026-09-30 01:38:00",33.04,1
"520","2026-09-30 01:39:00",32.79,1
"521","2026-09-30 01:40:00",32.48,1
"522","2026-09-30 01:41:00",33.09,1
"523","2026-09-30 01:42:00",33.04,1
"524","2026-09-30 01:43:00",33.07,1
"525","2026-09-30 01:44:00",33.36,1
"526","2026-09-30 01:45:00",32.43,1
"527","2026-09-30 01:46:00",34.02,1
"528","2026-09-30 01:47:00",33.77,1
"529","2026-09-30 01:48:00",33.16,1
"530","2026-09-30 01:49:00",33.4,1
"531","2026-09-30 01:50:00",33.07,1
"532","2026-09-30 01:51:00",33.6,1
"533","2026-09-30 01:52:00",33.71,1
"534","2026-09-30 01:53:00",33.24,1
"535","2026-09-30 01:54:00",33.02,1
"536","2026-09-30 01:55:00",32.93,1
"537","2026-09-30 01:56:00",33.6,1
"538","2026-09-30 01:57:00",33.61,1
"539","2026-09-30 01:58:00",33.98,1
"540","2026-09-30 01:59:00",33.03,1
"541","2026-09-30 02:00:00",33.14,1
"542","2026-09-30 02:01:00",32.48,1
"543","2026-09-30 02:02:00",32.97,1
"544","2026-09-30 02:03:00",32.38,1
"545","2026-09-30 02:04:00",32.71,1
"546","2026-09-30 02:05:00",33.37,1
"547","2026-09-30 02:06:00",33.54,1
"548","2026-09-30 02:07:00",33.28,1
"549","2026-09-30 02:08:00",32.64,1
"550","2026-09-30 02:09:00",32.76,1
"551","2026-09-30 02:10:00",33.04,1
"552","2026-09-30 02:11:00",32.79,1
"553","2026-09-30 02:12:00",32.36,1
"554","2026-09-30 02:13:00",33.41,1
"555","2026-09-30 02:14:00",32.77,1
"556","2026-09-30 02:15:00",32.44,1
"557","2026-09-30 02:16:00",32.84,1
"558","2026-09-30 02:17:00",33.18,1
"559","2026-09-30 02:18:00",33.08,1
"560","2026-09-30 02:19:00",32.58,1
"561","2026-09-30 02:20:00",32.81,1
"562","2026-09-30 02:21:00",32.11,1
"563","2026-09-30 02:22:00",32.71,1
"564","2026-09-30 02:23:00",31.92,1
"565","2026-09-30 02:24:00",32.13,1
"566","2026-09-30 02:25:00",32.45,1
"567","2026-09-30 02:26:00",32.71,1
"568","2026-09-30 02:27:00",32.13,1
"569","2026-09-30 02:28:00",31.78,1
"570","2026-09-30 02:29:00",31.17,1
"571","2026-09-30 02:30:00",30.77,1
"572","2026-09-30 02:31:00",30.9,1
"573","2026-09-30 02:32:00",31.16,1
"574","2026-09-30 02:33:00",32.17,1
"575","2026-09-30 02:34:00",32.33,1
"576","2026-09-30 02:35:00",31.43,1
"577","2026-09-30 02:36:00",30.82,1
"578","2026-09-30 02:37:00",31.38,1
"579","2026-09-30 02:38:00",32.14,1
"580","2026-09-30 02:39:00",31.96,1
"581","2026-09-30 02:40:00",31.06,1
"582","2026-09-30 02:41:00",31.69,1
"583","2026-09-30 02:42:00",31.01,1
"584","2026-09-30 02:43:00",31.77,1
"585","2026-09-30 02:44:00",31.33,1
"586","2026-09-30 02:45:00",32.07,1
"587","2026-09-30 02:46:00",31.69,1
"588","2026-09-30 02:47:00",31.46,1
"589","2026-09-30 02:48:00",30.8,1
"590","2026-09-30 02:49:00",31.88,1
"591","2026-09-30 02:50:00",31.37,1
"592","2026-09-30 02:51:00",31.82,1
"593","2026-09-30 02:52:00",31.69,1
"594","2026-09-30 02:53:00",31.86,1
"595","2026-09-30 02:54:00",31.15,1
"596","2026-09-30 02:55:00",31.19,1
"597","2026-09-30 02:56:00",31.67,1
"598","2026-09-30 02:57:00",30.05,1
"599","2026-09-30 02:58:00",30,1
"600","2026-09-30 02:59:00",28.97,1
"601","2026-09-30 03:00:00",28.93,1
"602","2026-09-30 03:01:00",30.18,1
"603","2026-09-30 03:02:00",28.9,1
"604","2026-09-30 03:03:00",29.25,1
"605","2026-09-30 03:04:00",30.28,1
"606","2026-09-30 03:05:00",30.64,1
"607","2026-09-30 03:06:00",30.05,1
"608","2026-09-30 03:07:00",30.55,1
"609","2026-09-30 03:08:00",31.51,1
"610","2026-09-30 03:09:00",30.44,1
"611","2026-09-30 03:10:00",30.35,1
"612","2026-09-30 03:11:00",29.95,1
"613","2026-09-30 03:12:00",30.05,1
"614","2026-09-30 03:13:00",27.66,1
"615","2026-09-30 03:14:00",27.65,1
"616","2026-09-30 03:15:00",29.47,1
"617","2026-09-30 03:16:00",29.19,1
"618","2026-09-30 03:17:00",28.46,1
"619","2026-09-30 03:18:00",29.56,1
"620","2026-09-30 03:19:00",29.11,1
"621","2026-09-30 03:20:00",30.36,1
"622","2026-09-30 03:21:00",28.84,1
"623","2026-09-30 03:22:00",29.93,1
"624","2026-09-30 03:23:00",29.37,1
"625","2026-09-30 03:24:00",28.99,1
"626","2026-09-30 03:25:00",29.88,1
"627","2026-09-30 03:26:00",29.65,1
"628","2026-09-30 03:27:00",29.09,1
"629","2026-09-30 03:28:00",30.76,1
"630","2026-09-30 03:29:00",29.64,1
"631","2026-09-30 03:30:00",28.93,1
"632","2026-09-30 03:31:00",29.25,1
"633","2026-09-30 03:32:00",29.89,1
"634","2026-09-30 03:33:00",30.38,1
"635","2026-09-30 03:34:00",30.57,1
"636","2026-09-30 03:35:00",30.87,1
"637","2026-09-30 03:36:00",30.44,1
"638","2026-09-30 03:37:00",30.69,1
"639","2026-09-30 03:38:00",30.79,1
"640","2026-09-30 03:39:00",30.3,1
"641","2026-09-30 03:40:00",30.53,1
"642","2026-09-30 03:41:00",29.85,1
"643","2026-09-30 03:42:00",29.15,1
"644","2026-09-30 03:43:00",30.11,1
"645","2026-09-30 03:44:00",30.15,1
"646","2026-09-30 03:45:00",30.42,1
"647","2026-09-30 03:46:00",30.82,1
"648","2026-09-30 03:47:00",29.81,1
"649","2026-09-30 03:48:00",30.08,1
"650","2026-09-30 03:49:00",28.94,1
"651","2026-09-30 03:50:00",29.6,1
"652","2026-09-30 03:51:00",31.09,1
"653","2026-09-30 03:52:00",30.97,1
"654","2026-09-30 03:53:00",31.39,1
"655","2026-09-30 03:54:00",31.04,1
"656","2026-09-30 03:55:00",31.44,1
"657","2026-09-30 03:56:00",31.59,1
"658","2026-09-30 03:57:00",31.65,1
"659","2026-09-30 03:58:00",31.08,1
"660","2026-09-30 03:59:00",31.85,1
"661","2026-09-30 04:00:00",31.75,1
"662","2026-09-30 04:01:00",32.06,1
"663","2026-09-30 04:02:00",31.68,1
"664","2026-09-30 04:03:00",32.75,1
"665","2026-09-30 04:04:00",32.34,1
"666","2026-09-30 04:05:00",32.71,1
"667","2026-09-30 04:06:00",32.11,1
"668","2026-09-30 04:07:00",32.6,1
"669","2026-09-30 04:08:00",31.93,1
"670","2026-09-30 04:09:00",32.44,1
"671","2026-09-30 04:10:00",31.91,1
"672","2026-09-30 04:11:00",31.77,1
"673","2026-09-30 04:12:00",32.05,1
"674","2026-09-30 04:13:00",31.54,1
"675","2026-09-30 04:14:00",31.7,1
"676","2026-09-30 04:15:00",32.1,1
"677","2026-09-30 04:16:00",32.46,1
"678","2026-09-30 04:17:00",32.51,1
"679","2026-09-30 04:18:00",30.55,1
"680","2026-09-30 04:19:00",31.58,1
"681","2026-09-30 04:20:00",31.55,1
"682","2026-09-30 04:21:00",31.32,1
"683","2026-09-30 04:22:00",30.42,1
"684","2026-09-30 04:23:00",31.4,1
"685","2026-09-30 04:24:00",31.4,1
"686","2026-09-30 04:25:00",29.91,1
"687","2026-09-30 04:26:00",31.19,1
"688","2026-09-30 04:27:00",30.59,1
"689","2026-09-30 04:28:00",31.32,1
"690","2026-09-30 04:29:00",31.27,1
"691","2026-09-30 04:30:00",31.24,1
"692","2026-09-30 04:31:00",30.88,1
"693","2026-09-30 04:32:00",30.62,1
"694","2026-09-30 04:33:00",30.61,1
"695","2026-09-30 04:34:00",30.5,1
"696","2026-09-30 04:35:00",30.56,1
"697","2026-09-30 04:36:00",30.44,1
"698","2026-09-30 04:37:00",30.07,1
"699","2026-09-30 04:38:00",29.7,1
"700","2026-09-30 04:39:00",29.59,1
"701","2026-09-30 04:40:00",29.9,1
"702","2026-09-30 04:41:00",30.58,1
"703","2026-09-30 04:42:00",30.58,1
"704","2026-09-30 04:43:00",30.38,1
"705","2026-09-30 04:44:00",30.04,1
"706","2026-09-30 04:45:00",29.66,1
"707","2026-09-30 04:46:00",30.34,1
"708","2026-09-30 04:47:00",30.05,1
"709","2026-09-30 04:48:00",30.04,1
"710","2026-09-30 04:49:00",30.77,1
"711","2026-09-30 04:50:00",30.63,1
"712","2026-09-30 04:51:00",31.32,1
"713","2026-09-30 04:52:00",30.59,1
"714","2026-09-30 04:53:00",30.98,1
"715","2026-09-30 04:54:00",29.75,1
"716","2026-09-30 04:55:00",30.22,1
"717","2026-09-30 04:56:00",31.06,1
"718","2026-09-30 04:57:00",31.15,1
"719","2026-09-30 04:58:00",30.63,1
"720","2026-09-30 04:59:00",30.61,1
"721","2026-09-30 05:00:00",30.84,1
"722","2026-09-30 05:01:00",30.43,1
"723","2026-09-30 05:02:00",30.57,1
"724","2026-09-30 05:03:00",29.74,1
"725","2026-09-30 05:04:00",30.32,1
"726","2026-09-30 05:05:00",31.42,1
"727","2026-09-30 05:06:00",30.7,1
"728","2026-09-30 05:07:00",30.6,1
"729","2026-09-30 05:08:00",30.83,1
"730","2026-09-30 05:09:00",29.84,1
"731","2026-09-30 05:10:00",30.58,1
"732","2026-09-30 05:11:00",30.16,1
"733","2026-09-30 05:12:00",30.68,1
"734","2026-09-30 05:13:00",30.79,1
"735","2026-09-30 05:14:00",30.09,1
"736","2026-09-30 05:15:00",30.35,1
"737","2026-09-30 05:16:00",30.61,1
"738","2026-09-30 05:17:00",30.94,1
"739","2026-09-30 05:18:00",30.64,1
"740","2026-09-30 05:19:00",30.34,1
"741","2026-09-30 05:20:00",31.13,1
"742","2026-09-30 05:21:00",30.92,1
"743","2026-09-30 05:22:00",30.61,1
"744","2026-09-30 05:23:00",30.66,1
"745","2026-09-30 05:24:00",30.88,1
"746","2026-09-30 05:25:00",30.99,1
"747","2026-09-30 05:26:00",31.12,1
"748","2026-09-30 05:27:00",30.85,1
"749","2026-09-30 05:28:00",30.04,1
"750","2026-09-30 05:29:00",29.66,1
"751","2026-09-30 05:30:00",29.93,1
"752","2026-09-30 05:31:00",30.18,1
"753","2026-09-30 05:32:00",30.33,1
"754","2026-09-30 05:33:00",29.97,1
"755","2026-09-30 05:34:00",30.72,1
"756","2026-09-30 05:35:00",31.06,1
"757","2026-09-30 05:36:00",29.97,1
"758","2026-09-30 05:37:00",29.7,1
"759","2026-09-30 05:38:00",29.53,1
"760","2026-09-30 05:39:00",29.75,1
"761","2026-09-30 05:40:00",30.29,1
"762","2026-09-30 05:41:00",30.09,1
"763","2026-09-30 05:42:00",30.34,1
"764","2026-09-30 05:43:00",30.09,1
"765","2026-09-30 05:44:00",30.44,1
"766","2026-09-30 05:45:00",30.27,1
"767","2026-09-30 05:46:00",29.33,1
"768","2026-09-30 05:47:00",30.09,1
"769","2026-09-30 05:48:00",30.67,1
"770","2026-09-30 05:49:00",30.05,1
"771","2026-09-30 05:50:00",29.84,1
"772","2026-09-30 05:51:00",29.15,1
"773","2026-09-30 05:52:00",30.03,1
"774","2026-09-30 05:53:00",29.35,1
"775","2026-09-30 05:54:00",30.49,1
"776","2026-09-30 05:55:00",31.52,1
"777","2026-09-30 05:56:00",30.97,1
"778","2026-09-30 05:57:00",31.15,1
"779","2026-09-30 05:58:00",31.43,1
"780","2026-09-30 05:59:00",31.43,1
"781","2026-09-30 06:00:00",31.86,1
"782","2026-09-30 06:01:00",31.26,1
"783","2026-09-30 06:02:00",31.41,1
"784","2026-09-30 06:03:00",31.34,1
"785","2026-09-30 06:04:00",31.35,1
"786","2026-09-30 06:05:00",31.85,1
"787","2026-09-30 06:06:00",32.52,1
"788","2026-09-30 06:07:00",31.72,1
"789","2026-09-30 06:08:00",31.85,1
"790","2026-09-30 06:09:00",31.3,1
"791","2026-09-30 06:10:00",32.11,1
"792","2026-09-30 06:11:00",32.33,1
"793","2026-09-30 06:12:00",32.03,1
"794","2026-09-30 06:13:00",31.35,1
"795","2026-09-30 06:14:00",31.81,1
"796","2026-09-30 06:15:00",31.88,1
"797","2026-09-30 06:16:00",32.21,1
"798","2026-09-30 06:17:00",32.29,1
"799","2026-09-30 06:18:00",32.24,1
"800","2026-09-30 06:19:00",32.16,1
"801","2026-09-30 06:20:00",32.61,1
"802","2026-09-30 06:21:00",32.14,1
"803","2026-09-30 06:22:00",31.52,1
"804","2026-09-30 06:23:00",31.49,1
"805","2026-09-30 06:24:00",31.72,1
"806","2026-09-30 06:25:00",31.83,1
"807","2026-09-30 06:26:00",32.54,1
"808","2026-09-30 06:27:00",31.47,1
"809","2026-09-30 06:28:00",31.64,1
"810","2026-09-30 06:29:00",31.71,1
"811","2026-09-30 06:30:00",32.02,1
"812","2026-09-30 06:31:00",31.78,1
"813","2026-09-30 06:32:00",31.57,1
"814","2026-09-30 06:33:00",31.54,1
"815","2026-09-30 06:34:00",31.27,1
"816","2026-09-30 06:35:00",31.31,1
"817","2026-09-30 06:36:00",30.99,1
"818","2026-09-30 06:37:00",31.38,1
"819","2026-09-30 06:38:00",31.5,1
"820","2026-09-30 06:39:00",30.12,1
"821","2026-09-30 06:40:00",30.96,1
"822","2026-09-30 06:41:00",31.4,1
"823","2026-09-30 06:42:00",31.66,1
"824","2026-09-30 06:43:00",31.18,1
"825","2026-09-30 06:44:00",30.82,1
"826","2026-09-30 06:45:00",31.05,1
"827","2026-09-30 06:46:00",30.79,1
"828","2026-09-30 06:47:00",30.74,1
"829","2026-09-30 06:48:00",30.57,1
"830","2026-09-30 06:49:00",29.82,1
"831","2026-09-30 06:50:00",30.53,1
"832","2026-09-30 06:51:00",30.34,1
"833","2026-09-30 06:52:00",29.97,1
"834","2026-09-30 06:53:00",28.97,1
"835","2026-09-30 06:54:00",30.04,1
"836","2026-09-30 06:55:00",29.89,1
"837","2026-09-30 06:56:00",30.48,1
"838","2026-09-30 06:57:00",29.67,1
"839","2026-09-30 06:58:00",30.29,1
"840","2026-09-30 06:59:00",29.79,1
"841","2026-09-30 07:00:00",30.09,1
"842","2026-09-30 07:01:00",29.91,1
"843","2026-09-30 07:02:00",28.78,1
"844","2026-09-30 07:03:00",28.92,1
"845","2026-09-30 07:04:00",28.9,1
"846","2026-09-30 07:05:00",29.75,1
"847","2026-09-30 07:06:00",29.3,1
"848","2026-09-30 07:07:00",28.81,1
"849","2026-09-30 07:08:00",28.86,1
"850","2026-09-30 07:09:00",28.31,1
"851","2026-09-30 07:10:00",29.56,1
"852","2026-09-30 07:11:00",27.94,1
"853","2026-09-30 07:12:00",28.45,1
"854","2026-09-30 07:13:00",28.93,1
"855","2026-09-30 07:14:00",29.5,1
"856","2026-09-30 07:15:00",28.86,1
"857","2026-09-30 07:16:00",28.79,1
"858","2026-09-30 07:17:00",28.51,1
"859","2026-09-30 07:18:00",28.64,1
"860","2026-09-30 07:19:00",28.48,1
"861","2026-09-30 07:20:00",28.93,1
"862","2026-09-30 07:21:00",28.8,1
"863","2026-09-30 07:22:00",28.6,1
"864","2026-09-30 07:23:00",28.07,1
"865","2026-09-30 07:24:00",28.14,1
"866","2026-09-30 07:25:00",27.72,1
"867","2026-09-30 07:26:00",26.56,1
"868","2026-09-30 07:27:00",25.54,1
"869","2026-09-30 07:28:00",14.53,1
"870","2026-09-30 07:29:00",17.42,1
"871","2026-09-30 07:30:00",22.03,1
"872","2026-09-30 07:31:00",25.6,1
"873","2026-09-30 07:32:00",30.12,1
"874","2026-09-30 07:33:00",32.95,1
"875","2026-09-30 07:34:00",35.73,1
"876","2026-09-30 07:35:00",33.89,1
"877","2026-09-30 07:36:00",34.79,1
"878","2026-09-30 07:37:00",34.93,1
"879","2026-09-30 07:38:00",33.82,1
"880","2026-09-30 07:39:00",33.4,1
"881","2026-09-30 07:40:00",30.03,1
"882","2026-09-30 07:41:00",28.55,1
"883","2026-09-30 07:42:00",31.3,1
"884","2026-09-30 07:43:00",33.62,1
"885","2026-09-30 07:44:00",35.95,1
"886","2026-09-30 07:45:00",34.79,1
"887","2026-09-30 07:46:00",32.39,1
"888","2026-09-30 07:47:00",28.49,1
"889","2026-09-30 07:48:00",28.4,1
"890","2026-09-30 07:49:00",29.6,1
"891","2026-09-30 07:50:00",31.64,1
"892","2026-09-30 07:51:00",32.64,1
"893","2026-09-30 07:52:00",33.49,1
"894","2026-09-30 07:53:00",33.4,1
"895","2026-09-30 07:54:00",32.45,1
"896","2026-09-30 07:55:00",32.16,1
"897","2026-09-30 07:56:00",33.93,1
"898","2026-09-30 07:57:00",31.59,1
"899","2026-09-30 07:58:00",33.34,1
"900","2026-09-30 07:59:00",34.01,1
"901","2026-09-30 08:00:00",32.13,1
"902","2026-09-30 08:01:00",31.63,1
"903","2026-09-30 08:02:00",32.09,1
"904","2026-09-30 08:03:00",32.07,1
"905","2026-09-30 08:04:00",32.77,1
"906","2026-09-30 08:05:00",33.38,1
"907","2026-09-30 08:06:00",33.67,1
"908","2026-09-30 08:07:00",33.42,1
"909","2026-09-30 08:08:00",32.68,1
"910","2026-09-30 08:09:00",31.46,1
"911","2026-09-30 08:10:00",29.68,1
"912","2026-09-30 08:11:00",27.01,1
"913","2026-09-30 08:12:00",26.09,1
"914","2026-09-30 08:13:00",25.53,1
"915","2026-09-30 08:14:00",29.12,1
"916","2026-09-30 08:15:00",28.35,1
"917","2026-09-30 08:16:00",27.05,1
"918","2026-09-30 08:17:00",27.88,1
"919","2026-09-30 08:18:00",29.58,1
"920","2026-09-30 08:19:00",29.44,1
"921","2026-09-30 08:20:00",27.27,1
"922","2026-09-30 08:21:00",27.26,1
"923","2026-09-30 08:22:00",26.79,1
"924","2026-09-30 08:23:00",26.11,1
"925","2026-09-30 08:24:00",25.83,1
"926","2026-09-30 08:25:00",26.14,1
"927","2026-09-30 08:26:00",25.46,1
"928","2026-09-30 08:27:00",24.51,1
"929","2026-09-30 08:28:00",24.34,1
"930","2026-09-30 08:29:00",25.03,1
"931","2026-09-30 08:30:00",25.37,1
"932","2026-09-30 08:31:00",26.26,1
"933","2026-09-30 08:32:00",26.69,1
"934","2026-09-30 08:33:00",27.61,1
"935","2026-09-30 08:34:00",27.68,1
"936","2026-09-30 08:35:00",25.99,1
"937","2026-09-30 08:36:00",27.54,1
"938","2026-09-30 08:37:00",26.96,1
"939","2026-09-30 08:38:00",27.49,1
"940","2026-09-30 08:39:00",29.15,1
"941","2026-09-30 08:40:00",29.33,1
"942","2026-09-30 08:41:00",28.38,1
"943","2026-09-30 08:42:00",28.64,1
"944","2026-09-30 08:43:00",28.76,1
"945","2026-09-30 08:44:00",29.55,1
"946","2026-09-30 08:45:00",29.09,1
"947","2026-09-30 08:46:00",29.9,1
"948","2026-09-30 08:47:00",28.82,1
"949","2026-09-30 08:48:00",28.54,1
"950","2026-09-30 08:49:00",29.89,1
"951","2026-09-30 08:50:00",31.05,1
"952","2026-09-30 08:51:00",30.81,1
"953","2026-09-30 08:52:00",28.17,1
"954","2026-09-30 08:53:00",29.27,1
"955","2026-09-30 08:54:00",30.22,1
"956","2026-09-30 08:55:00",29.08,1
"957","2026-09-30 08:56:00",28.67,1
"958","2026-09-30 08:57:00",28.45,1
"959","2026-09-30 08:58:00",29.68,1
"960","2026-09-30 08:59:00",29.7,1
"961","2026-09-30 09:00:00",30.52,1
"962","2026-09-30 09:01:00",32.29,1
"963","2026-09-30 09:02:00",32.75,1
"964","2026-09-30 09:03:00",32.46,1
"965","2026-09-30 09:04:00",32.08,1
"966","2026-09-30 09:05:00",32.27,1
"967","2026-09-30 09:06:00",32.32,1
"968","2026-09-30 09:07:00",31.54,1
"969","2026-09-30 09:08:00",30.67,1
"970","2026-09-30 09:09:00",32.15,1
"971","2026-09-30 09:10:00",33.24,1
"972","2026-09-30 09:11:00",33.11,1
"973","2026-09-30 09:12:00",33.73,1
"974","2026-09-30 09:13:00",33.85,1
"975","2026-09-30 09:14:00",33.71,1
"976","2026-09-30 09:15:00",33.67,1
"977","2026-09-30 09:16:00",33.17,1
"978","2026-09-30 09:17:00",33.56,1
"979","2026-09-30 09:18:00",32.8,1
"980","2026-09-30 09:19:00",33.95,1
"981","2026-09-30 09:20:00",34.67,1
"982","2026-09-30 09:21:00",34.84,1
"983","2026-09-30 09:22:00",34.82,1
"984","2026-09-30 09:23:00",33.96,1
"985","2026-09-30 09:24:00",32.03,1
"986","2026-09-30 09:25:00",33.11,1
"987","2026-09-30 09:26:00",34.21,1
"988","2026-09-30 09:27:00",33.75,1
"989","2026-09-30 09:28:00",32.71,1
"990","2026-09-30 09:29:00",33.48,1
"991","2026-09-30 09:30:00",32.98,1
"992","2026-09-30 09:31:00",33.1,1
"993","2026-09-30 09:32:00",33.23,1
"994","2026-09-30 09:33:00",33.99,1
"995","2026-09-30 09:34:00",34.98,1
"996","2026-09-30 09:35:00",34.16,1
"997","2026-09-30 09:36:00",33.54,1
"998","2026-09-30 09:37:00",33.98,1
"999","2026-09-30 09:38:00",33.57,1
"1000","2026-09-30 09:39:00",33.04,1
"1001","2026-09-30 09:40:00",32.71,1
"1002","2026-09-30 09:41:00",33.48,1
"1003","2026-09-30 09:42:00",34.13,1
"1004","2026-09-30 09:43:00",34.14,1
"1005","2026-09-30 09:44:00",33.61,1
"1006","2026-09-30 09:45:00",33.33,1
"1007","2026-09-30 09:46:00",32.58,1
"1008","2026-09-30 09:47:00",33.32,1
"1009","2026-09-30 09:48:00",33.37,1
"1010","2026-09-30 09:49:00",33.73,1
"1011","2026-09-30 09:50:00",33.14,1
"1012","2026-09-30 09:51:00",33.5,1
"1013","2026-09-30 09:52:00",33.36,1
"1014","2026-09-30 09:53:00",33.34,1
"1015","2026-09-30 09:54:00",34.3,1
"1016","2026-09-30 09:55:00",34.45,1
"1017","2026-09-30 09:56:00",34.53,1
"1018","2026-09-30 09:57:00",34.55,1
"1019","2026-09-30 09:58:00",35.06,1
"1020","2026-09-30 09:59:00",35.08,1
"1021","2026-09-30 10:00:00",34.89,1
"1022","2026-09-30 10:01:00",34.68,1
"1023","2026-09-30 10:02:00",34.41,1
"1024","2026-09-30 10:03:00",33.86,1
"1025","2026-09-30 10:04:00",34.29,1
"1026","2026-09-30 10:05:00",34.3,1
"1027","2026-09-30 10:06:00",34.6,1
"1028","2026-09-30 10:07:00",33.92,1
"1029","2026-09-30 10:08:00",34.65,1
"1030","2026-09-30 10:09:00",34.06,1
"1031","2026-09-30 10:10:00",33.88,1
"1032","2026-09-30 10:11:00",33.27,1
"1033","2026-09-30 10:12:00",32.74,1
"1034","2026-09-30 10:13:00",32.81,1
"1035","2026-09-30 10:14:00",33.84,1
"1036","2026-09-30 10:15:00",33.99,1
"1037","2026-09-30 10:16:00",33.84,1
"1038","2026-09-30 10:17:00",33.88,1
"1039","2026-09-30 10:18:00",33.2,1
"1040","2026-09-30 10:19:00",31.81,1
"1041","2026-09-30 10:20:00",31.07,1
"1042","2026-09-30 10:21:00",32.54,1
"1043","2026-09-30 10:22:00",34.23,1
"1044","2026-09-30 10:23:00",35.66,1
"1045","2026-09-30 10:24:00",35.21,1
"1046","2026-09-30 10:25:00",35.98,1
"1047","2026-09-30 10:26:00",35.3,1
"1048","2026-09-30 10:27:00",36.16,1
"1049","2026-09-30 10:28:00",36.24,1
"1050","2026-09-30 10:29:00",36.32,1
"1051","2026-09-30 10:30:00",36.38,1
"1052","2026-09-30 10:31:00",36.22,1
"1053","2026-09-30 10:32:00",36.08,1
"1054","2026-09-30 10:33:00",37.01,1
"1055","2026-09-30 10:34:00",36.29,1
"1056","2026-09-30 10:35:00",36.37,1
"1057","2026-09-30 10:36:00",35.39,1
"1058","2026-09-30 10:37:00",35.42,1
"1059","2026-09-30 10:38:00",35.63,1
"1060","2026-09-30 10:39:00",35.17,1
"1061","2026-09-30 10:40:00",35.98,1
"1062","2026-09-30 10:41:00",36.14,1
"1063","2026-09-30 10:42:00",35.68,1
"1064","2026-09-30 10:43:00",36.35,1
"1065","2026-09-30 10:44:00",35.76,1
"1066","2026-09-30 10:45:00",35.17,1
"1067","2026-09-30 10:46:00",35.81,1
"1068","2026-09-30 10:47:00",35.3,1
"1069","2026-09-30 10:48:00",35.67,1
"1070","2026-09-30 10:49:00",36.51,1
"1071","2026-09-30 10:50:00",37.29,1
"1072","2026-09-30 10:51:00",36.4,1
"1073","2026-09-30 10:52:00",36.45,1
"1074","2026-09-30 10:53:00",37.02,1
"1075","2026-09-30 10:54:00",36.7,1
"1076","2026-09-30 10:55:00",36.81,1
"1077","2026-09-30 10:56:00",36.58,1
"1078","2026-09-30 10:57:00",36.95,1
"1079","2026-09-30 10:58:00",37.17,1
"1080","2026-09-30 10:59:00",36.19,1
"1081","2026-09-30 11:00:00",36.65,1
"1082","2026-09-30 11:01:00",37.42,1
"1083","2026-09-30 11:02:00",37.13,1
"1084","2026-09-30 11:03:00",37.77,1
"1085","2026-09-30 11:04:00",38.25,1
"1086","2026-09-30 11:05:00",38.49,1
"1087","2026-09-30 11:06:00",37.83,1
"1088","2026-09-30 11:07:00",36.93,1
"1089","2026-09-30 11:08:00",37.16,1
"1090","2026-09-30 11:09:00",37.72,1
"1091","2026-09-30 11:10:00",38.32,1
"1092","2026-09-30 11:11:00",37.92,1
"1093","2026-09-30 11:12:00",37.96,1
"1094","2026-09-30 11:13:00",36.93,1
"1095","2026-09-30 11:14:00",36.38,1
"1096","2026-09-30 11:15:00",35.87,1
"1097","2026-09-30 11:16:00",37.66,1
"1098","2026-09-30 11:17:00",38.76,1
"1099","2026-09-30 11:18:00",38.07,1
"1100","2026-09-30 11:19:00",38.13,1
"1101","2026-09-30 11:20:00",38.76,1
"1102","2026-09-30 11:21:00",38.99,1
"1103","2026-09-30 11:22:00",38.9,1
"1104","2026-09-30 11:23:00",38.54,1
"1105","2026-09-30 11:24:00",38.47,1
"1106","2026-09-30 11:25:00",38.67,1
"1107","2026-09-30 11:26:00",38.36,1
"1108","2026-09-30 11:27:00",37.56,1
"1109","2026-09-30 11:28:00",37.89,1
"1110","2026-09-30 11:29:00",37.85,1
"1111","2026-09-30 11:30:00",38.32,1
"1112","2026-09-30 11:31:00",38,1
"1113","2026-09-30 11:32:00",37.91,1
"1114","2026-09-30 11:33:00",37.8,1
"1115","2026-09-30 11:34:00",38.17,1
"1116","2026-09-30 11:35:00",37.69,1
"1117","2026-09-30 11:36:00",37.71,1
"1118","2026-09-30 11:37:00",38.38,1
"1119","2026-09-30 11:38:00",38.55,1
"1120","2026-09-30 11:39:00",38.18,1
"1121","2026-09-30 11:40:00",37.03,1
"1122","2026-09-30 11:41:00",37.42,1
"1123","2026-09-30 11:42:00",37.07,1
"1124","2026-09-30 11:43:00",37.99,1
"1125","2026-09-30 11:44:00",38.57,1
"1126","2026-09-30 11:45:00",38.31,1
"1127","2026-09-30 11:46:00",37.56,1
"1128","2026-09-30 11:47:00",38.14,1
"1129","2026-09-30 11:48:00",38.51,1
"1130","2026-09-30 11:49:00",38.71,1
"1131","2026-09-30 11:50:00",38.9,1
"1132","2026-09-30 11:51:00",39.21,1
"1133","2026-09-30 11:52:00",38.64,1
"1134","2026-09-30 11:53:00",38.89,1
"1135","2026-09-30 11:54:00",39.03,1
"1136","2026-09-30 11:55:00",38.69,1
"1137","2026-09-30 11:56:00",39.04,1
"1138","2026-09-30 11:57:00",37.85,1
"1139","2026-09-30 11:58:00",38.24,1
"1140","2026-09-30 11:59:00",38.38,1
"1141","2026-09-30 12:00:00",38.92,1
"1142","2026-09-30 12:01:00",38.89,1
"1143","2026-09-30 12:02:00",38.97,1
"1144","2026-09-30 12:03:00",38.28,1
"1145","2026-09-30 12:04:00",38.08,1
"1146","2026-09-30 12:05:00",37.77,1
"1147","2026-09-30 12:06:00",37.89,1
"1148","2026-09-30 12:07:00",37.87,1
"1149","2026-09-30 12:08:00",38.6,1
"1150","2026-09-30 12:09:00",39.16,1
"1151","2026-09-30 12:10:00",39.52,1
"1152","2026-09-30 12:11:00",39.33,1
"1153","2026-09-30 12:12:00",39.92,1
"1154","2026-09-30 12:13:00",39.64,1
"1155","2026-09-30 12:14:00",39.38,1
"1156","2026-09-30 12:15:00",39.75,1
"1157","2026-09-30 12:16:00",40.24,1
"1158","2026-09-30 12:17:00",39.79,1
"1159","2026-09-30 12:18:00",38.99,1
"1160","2026-09-30 12:19:00",39.58,1
"1161","2026-09-30 12:20:00",39.51,1
"1162","2026-09-30 12:21:00",38.95,1
"1163","2026-09-30 12:22:00",39.39,1
"1164","2026-09-30 12:23:00",39.4,1
"1165","2026-09-30 12:24:00",39.54,1
"1166","2026-09-30 12:25:00",39.26,1
"1167","2026-09-30 12:26:00",38.85,1
"1168","2026-09-30 12:27:00",38.73,1
"1169","2026-09-30 12:28:00",38.37,1
"1170","2026-09-30 12:29:00",37.43,1
"1171","2026-09-30 12:30:00",37.32,1
"1172","2026-09-30 12:31:00",38.25,1
"1173","2026-09-30 12:32:00",38.18,1
"1174","2026-09-30 12:33:00",38.11,1
"1175","2026-09-30 12:34:00",39.02,1
"1176","2026-09-30 12:35:00",39.09,1
"1177","2026-09-30 12:36:00",38.78,1
"1178","2026-09-30 12:37:00",38.46,1
"1179","2026-09-30 12:38:00",38.77,1
"1180","2026-09-30 12:39:00",38.84,1
"1181","2026-09-30 12:40:00",37.21,1
"1182","2026-09-30 12:41:00",38.41,1
"1183","2026-09-30 12:42:00",39.67,1
"1184","2026-09-30 12:43:00",39.3,1
"1185","2026-09-30 12:44:00",39.72,1
"1186","2026-09-30 12:45:00",39.47,1
"1187","2026-09-30 12:46:00",39.12,1
"1188","2026-09-30 12:47:00",39.67,1
"1189","2026-09-30 12:48:00",39.84,1
"1190","2026-09-30 12:49:00",39.62,1
"1191","2026-09-30 12:50:00",39.24,1
"1192","2026-09-30 12:51:00",39.29,1
"1193","2026-09-30 12:52:00",38.99,1
"1194","2026-09-30 12:53:00",39.46,1
"1195","2026-09-30 12:54:00",38.98,1
"1196","2026-09-30 12:55:00",39.38,1
"1197","2026-09-30 12:56:00",39.22,1
"1198","2026-09-30 12:57:00",39.27,1
"1199","2026-09-30 12:58:00",39.28,1
"1200","2026-09-30 12:59:00",38,1
"1201","2026-09-30 13:00:00",38.32,1
"1202","2026-09-30 13:01:00",38.38,1
"1203","2026-09-30 13:02:00",37.99,1
"1204","2026-09-30 13:03:00",38.82,1
"1205","2026-09-30 13:04:00",39.13,1
"1206","2026-09-30 13:05:00",39.08,1
"1207","2026-09-30 13:06:00",39.21,1
"1208","2026-09-30 13:07:00",39.93,1
"1209","2026-09-30 13:08:00",40.57,1
"1210","2026-09-30 13:09:00",40.58,1
"1211","2026-09-30 13:10:00",40.55,1
"1212","2026-09-30 13:11:00",41.05,1
"1213","2026-09-30 13:12:00",39.91,1
"1214","2026-09-30 13:13:00",39.59,1
"1215","2026-09-30 13:14:00",39.56,1
"1216","2026-09-30 13:15:00",40.32,1
"1217","2026-09-30 13:16:00",40.03,1
"1218","2026-09-30 13:17:00",40.31,1
"1219","2026-09-30 13:18:00",40.92,1
"1220","2026-09-30 13:19:00",40.23,1
"1221","2026-09-30 13:20:00",40.24,1
"1222","2026-09-30 13:21:00",39.36,1
"1223","2026-09-30 13:22:00",40.06,1
"1224","2026-09-30 13:23:00",40.01,1
"1225","2026-09-30 13:24:00",39.14,1
"1226","2026-09-30 13:25:00",38.99,1
"1227","2026-09-30 13:26:00",39.38,1
"1228","2026-09-30 13:27:00",40.95,1
"1229","2026-09-30 13:28:00",41.37,1
"1230","2026-09-30 13:29:00",40.85,1
"1231","2026-09-30 13:30:00",40.27,1
"1232","2026-09-30 13:31:00",39.91,1
"1233","2026-09-30 13:32:00",40.08,1
"1234","2026-09-30 13:33:00",40.77,1
"1235","2026-09-30 13:34:00",40.81,1
"1236","2026-09-30 13:35:00",41.36,1
"1237","2026-09-30 13:36:00",40.79,1
"1238","2026-09-30 13:37:00",41.08,1
"1239","2026-09-30 13:38:00",41.32,1
"1240","2026-09-30 13:39:00",40.49,1
"1241","2026-09-30 13:40:00",40.16,1
"1242","2026-09-30 13:41:00",39.71,1
"1243","2026-09-30 13:42:00",40.81,1
"1244","2026-09-30 13:43:00",40.14,1
"1245","2026-09-30 13:44:00",40.25,1
"1246","2026-09-30 13:45:00",40.72,1
"1247","2026-09-30 13:46:00",41.28,1
"1248","2026-09-30 13:47:00",41.27,1
"1249","2026-09-30 13:48:00",41.38,1
"1250","2026-09-30 13:49:00",41.86,1
"1251","2026-09-30 13:50:00",41.39,1
"1252","2026-09-30 13:51:00",41.05,1
"1253","2026-09-30 13:52:00",41.15,1
"1254","2026-09-30 13:53:00",41.41,1
"1255","2026-09-30 13:54:00",40.71,1
"1256","2026-09-30 13:55:00",39.12,1
"1257","2026-09-30 13:56:00",38.62,1
"1258","2026-09-30 13:57:00",40.83,1
"1259","2026-09-30 13:58:00",41.84,1
"1260","2026-09-30 13:59:00",41.57,1
"1261","2026-09-30 14:00:00",40.62,1
"1262","2026-09-30 14:01:00",40.7,1
"1263","2026-09-30 14:02:00",41.3,1
"1264","2026-09-30 14:03:00",40.75,1
"1265","2026-09-30 14:04:00",41.05,1
"1266","2026-09-30 14:05:00",41.41,1
"1267","2026-09-30 14:06:00",40.56,1
"1268","2026-09-30 14:07:00",40.59,1
"1269","2026-09-30 14:08:00",40.19,1
"1270","2026-09-30 14:09:00",41.04,1
"1271","2026-09-30 14:10:00",40.96,1
"1272","2026-09-30 14:11:00",40.52,1
"1273","2026-09-30 14:12:00",40.36,1
"1274","2026-09-30 14:13:00",39.93,1
"1275","2026-09-30 14:14:00",40.81,1
"1276","2026-09-30 14:15:00",41.77,1
"1277","2026-09-30 14:16:00",42.49,1
"1278","2026-09-30 14:17:00",42.68,1
"1279","2026-09-30 14:18:00",42.12,1
"1280","2026-09-30 14:19:00",42.04,1
"1281","2026-09-30 14:20:00",41.94,1
"1282","2026-09-30 14:21:00",41.89,1
"1283","2026-09-30 14:22:00",41.87,1
"1284","2026-09-30 14:23:00",41.24,1
"1285","2026-09-30 14:24:00",41.56,1
"1286","2026-09-30 14:25:00",40.91,1
"1287","2026-09-30 14:26:00",39.95,1
"1288","2026-09-30 14:27:00",39.72,1
"1289","2026-09-30 14:28:00",40.21,1
"1290","2026-09-30 14:29:00",40.56,1
"1291","2026-09-30 14:30:00",41.61,1
"1292","2026-09-30 14:31:00",41.07,1
"1293","2026-09-30 14:32:00",41.79,1
"1294","2026-09-30 14:33:00",41.87,1
"1295","2026-09-30 14:34:00",42.2,1
"1296","2026-09-30 14:35:00",42.18,1
"1297","2026-09-30 14:36:00",42.3,1
"1298","2026-09-30 14:37:00",42.31,1
"1299","2026-09-30 14:38:00",42.2,1
"1300","2026-09-30 14:39:00",42.01,1
"1301","2026-09-30 14:40:00",41.37,1
"1302","2026-09-30 14:41:00",41.36,1
"1303","2026-09-30 14:42:00",41.54,1
"1304","2026-09-30 14:43:00",42,1
"1305","2026-09-30 14:44:00",41.66,1
"1306","2026-09-30 14:45:00",41.62,1
"1307","2026-09-30 14:46:00",41.17,1
"1308","2026-09-30 14:47:00",41.06,1
"1309","2026-09-30 14:48:00",40.81,1
"1310","2026-09-30 14:49:00",40,1
"1311","2026-09-30 14:50:00",40.33,1
"1312","2026-09-30 14:51:00",40.2,1
"1313","2026-09-30 14:52:00",40.18,1
"1314","2026-09-30 14:53:00",39.25,1
"1315","2026-09-30 14:54:00",39.92,1
"1316","2026-09-30 14:55:00",40.75,1
"1317","2026-09-30 14:56:00",40.52,1
"1318","2026-09-30 14:57:00",41.15,1
"1319","2026-09-30 14:58:00",41.33,1
"1320","2026-09-30 14:59:00",41.44,1
"1321","2026-09-30 15:00:00",40.65,1
"1322","2026-09-30 15:01:00",40.62,1
"1323","2026-09-30 15:02:00",39.92,1
"1324","2026-09-30 15:03:00",39.78,1
"1325","2026-09-30 15:04:00",39.07,1
"1326","2026-09-30 15:05:00",39.15,1
"1327","2026-09-30 15:06:00",40.14,1
"1328","2026-09-30 15:07:00",40.73,1
"1329","2026-09-30 15:08:00",40.41,1
"1330","2026-09-30 15:09:00",41.01,1
"1331","2026-09-30 15:10:00",40.24,1
"1332","2026-09-30 15:11:00",40.03,1
"1333","2026-09-30 15:12:00",40.53,1
"1334","2026-09-30 15:13:00",40.64,1
"1335","2026-09-30 15:14:00",40.13,1
"1336","2026-09-30 15:15:00",40.76,1
"1337","2026-09-30 15:16:00",40.79,1
"1338","2026-09-30 15:17:00",40.54,1
"1339","2026-09-30 15:18:00",40.9,1
"1340","2026-09-30 15:19:00",40.85,1
"1341","2026-09-30 15:20:00",40.06,1
"1342","2026-09-30 15:21:00",39.64,1
"1343","2026-09-30 15:22:00",39.86,1
"1344","2026-09-30 15:23:00",41.21,1
"1345","2026-09-30 15:24:00",40.32,1
"1346","2026-09-30 15:25:00",40.1,1
"1347","2026-09-30 15:26:00",40.22,1
"1348","2026-09-30 15:27:00",39.97,1
"1349","2026-09-30 15:28:00",39.37,1
"1350","2026-09-30 15:29:00",40.68,1
"1351","2026-09-30 15:30:00",41.4,1
"1352","2026-09-30 15:31:00",40.6,1
"1353","2026-09-30 15:32:00",40.63,1
"1354","2026-09-30 15:33:00",40.48,1
"1355","2026-09-30 15:34:00",40.91,1
"1356","2026-09-30 15:35:00",41.01,1
"1357","2026-09-30 15:36:00",41.09,1
"1358","2026-09-30 15:37:00",40.77,1
"1359","2026-09-30 15:38:00",40.68,1
"1360","2026-09-30 15:39:00",40.14,1
"1361","2026-09-30 15:40:00",39.51,1
"1362","2026-09-30 15:41:00",39.77,1
"1363","2026-09-30 15:42:00",40.17,1
"1364","2026-09-30 15:43:00",40.57,1
"1365","2026-09-30 15:44:00",40.25,1
"1366","2026-09-30 15:45:00",39.94,1
"1367","2026-09-30 15:46:00",39.27,1
"1368","2026-09-30 15:47:00",39.65,1
"1369","2026-09-30 15:48:00",38.62,1
"1370","2026-09-30 15:49:00",39.54,1
"1371","2026-09-30 15:50:00",39.16,1
"1372","2026-09-30 15:51:00",38.57,1
"1373","2026-09-30 15:52:00",39.35,1
"1374","2026-09-30 15:53:00",40.02,1
"1375","2026-09-30 15:54:00",40.11,1
"1376","2026-09-30 15:55:00",40.59,1
"1377","2026-09-30 15:56:00",39.81,1
"1378","2026-09-30 15:57:00",39.53,1
"1379","2026-09-30 15:58:00",39.67,1
"1380","2026-09-30 15:59:00",39.76,1
"1381","2026-09-30 16:00:00",39.96,1
"1382","2026-09-30 16:01:00",38.89,1
"1383","2026-09-30 16:02:00",38.95,1
"1384","2026-09-30 16:03:00",38.17,1
"1385","2026-09-30 16:04:00",38.41,1
"1386","2026-09-30 16:05:00",38.88,1
"1387","2026-09-30 16:06:00",39.4,1
"1388","2026-09-30 16:07:00",39.1,1
"1389","2026-09-30 16:08:00",38.57,1
"1390","2026-09-30 16:09:00",38.73,1
"1391","2026-09-30 16:10:00",38.47,1
"1392","2026-09-30 16:11:00",38.23,1
"1393","2026-09-30 16:12:00",37.12,1
"1394","2026-09-30 16:13:00",38.32,1
"1395","2026-09-30 16:14:00",37.94,1
"1396","2026-09-30 16:15:00",37.6,1
"1397","2026-09-30 16:16:00",36.62,1
"1398","2026-09-30 16:17:00",37.62,1
"1399","2026-09-30 16:18:00",36.68,1
"1400","2026-09-30 16:19:00",36.34,1
"1401","2026-09-30 16:20:00",36.05,1
"1402","2026-09-30 16:21:00",35.89,1
"1403","2026-09-30 16:22:00",37.29,1
"1404","2026-09-30 16:23:00",37.27,1
"1405","2026-09-30 16:24:00",36.72,1
"1406","2026-09-30 16:25:00",36.75,1
"1407","2026-09-30 16:26:00",36.5,1
"1408","2026-09-30 16:27:00",36.96,1
"1409","2026-09-30 16:28:00",37.26,1
"1410","2026-09-30 16:29:00",36.64,1
"1411","2026-09-30 16:30:00",36.85,1
"1412","2026-09-30 16:31:00",36.76,1
"1413","2026-09-30 16:32:00",38.22,1
"1414","2026-09-30 16:33:00",37.51,1
"1415","2026-09-30 16:34:00",37.37,1
"1416","2026-09-30 16:35:00",36.6,1
"1417","2026-09-30 16:36:00",35.89,1
"1418","2026-09-30 16:37:00",35.45,1
"1419","2026-09-30 16:38:00",29.55,1
"1420","2026-09-30 16:39:00",35.27,1
"1421","2026-09-30 16:40:00",37.99,1
"1422","2026-09-30 16:41:00",38.32,1
"1423","2026-09-30 16:42:00",38.11,1
"1424","2026-09-30 16:43:00",37.75,1
"1425","2026-09-30 16:44:00",38.31,1
"1426","2026-09-30 16:45:00",37.68,1
"1427","2026-09-30 16:46:00",37.35,1
"1428","2026-09-30 16:47:00",37,1
"1429","2026-09-30 16:48:00",36.75,1
"1430","2026-09-30 16:49:00",35.8,1
"1431","2026-09-30 16:50:00",36.13,1
"1432","2026-09-30 16:51:00",35.84,1
"1433","2026-09-30 16:52:00",34.68,1
"1434","2026-09-30 16:53:00",35.44,1
"1435","2026-09-30 16:54:00",34.82,1
"1436","2026-09-30 16:55:00",36.66,1
"1437","2026-09-30 16:56:00",37.05,1
"1438","2026-09-30 16:57:00",36.69,1
"1439","2026-09-30 16:58:00",37,1
"1440","2026-09-30 16:59:00",36.72,1
