"","date (UTC)","NO (ppb)","NOy (ppb)","Flag"
"1","2026-07-19 22:00:00",0.096,3.21,0
"2","2026-07-19 22:01:00",0.112,3.19,0
"3","2026-07-19 22:02:00",0.109,3.144,2
"4","2026-07-19 22:03:00",0.122,3.05,2
"5","2026-07-19 22:04:00",0.11,2.962,0
"6","2026-07-19 22:05:00",0.111,2.86,2
"7","2026-07-19 22:06:00",0.101,2.774,0
"8","2026-07-19 22:07:00",0.105,2.69,0
"9","2026-07-19 22:08:00",0.092,2.653,0
"10","2026-07-19 22:09:00",0.072,2.64,2
"11","2026-07-19 22:10:00",0.064,2.608,0
"12","2026-07-19 22:11:00",0.051,2.607,0
"13","2026-07-19 22:12:00",0.059,2.615,2
"14","2026-07-19 22:13:00",0.065,2.648,2
"15","2026-07-19 22:14:00",0.065,2.673,2
"16","2026-07-19 22:15:00",0.065,2.701,2
"17","2026-07-19 22:16:00",0.073,2.7,2
"18","2026-07-19 22:17:00",0.071,2.715,0
"19","2026-07-19 22:18:00",0.095,2.71,0
"20","2026-07-19 22:19:00",0.092,2.713,2
"21","2026-07-19 22:20:00",0.085,2.724,0
"22","2026-07-19 22:21:00",0.079,2.72,0
"23","2026-07-19 22:22:00",0.07,2.694,2
"24","2026-07-19 22:23:00",0.078,2.686,2
"25","2026-07-19 22:24:00",0.081,2.685,0
"26","2026-07-19 22:25:00",0.093,2.663,2
"27","2026-07-19 22:26:00",0.094,2.656,2
"28","2026-07-19 22:27:00",0.098,2.661,0
"29","2026-07-19 22:28:00",0.101,2.656,0
"30","2026-07-19 22:29:00",0.114,2.667,2
"31","2026-07-19 22:30:00",0.119,2.714,2
"32","2026-07-19 22:31:00",0.13,2.795,0
"33","2026-07-19 22:32:00",0.111,2.85,0
"34","2026-07-19 22:33:00",0.087,2.957,2
"35","2026-07-19 22:34:00",0.087,2.957,0
"36","2026-07-19 22:35:00",0.083,3.066,0
"37","2026-07-19 22:36:00",0.075,3.214,2
"38","2026-07-19 22:37:00",0.072,3.37,0
"39","2026-07-19 22:38:00",0.074,3.541,0
"40","2026-07-19 22:39:00",0.075,3.623,0
"41","2026-07-19 22:40:00",0.075,3.721,2
"42","2026-07-19 22:41:00",0.064,3.851,2
"43","2026-07-19 22:42:00",0.075,4.023,0
"44","2026-07-19 22:43:00",0.078,4.116,2
"45","2026-07-19 22:44:00",0.069,4.189,0
"46","2026-07-19 22:45:00",0.079,4.24,0
"47","2026-07-19 22:46:00",0.079,4.267,0
"48","2026-07-19 22:47:00",0.07,4.283,0
"49","2026-07-19 22:48:00",0.058,4.318,0
"50","2026-07-19 22:49:00",0.072,4.319,0
"51","2026-07-19 22:50:00",0.072,4.319,2
"52","2026-07-19 22:51:00",0.064,4.309,0
"53","2026-07-19 22:52:00",0.064,4.293,2
"54","2026-07-19 22:53:00",0.055,4.258,2
"55","2026-07-19 22:54:00",0.049,4.203,2
"56","2026-07-19 22:55:00",0.055,4.143,0
"57","2026-07-19 22:56:00",0.055,4.143,0
"58","2026-07-19 22:57:00",0.069,4.084,2
"59","2026-07-19 22:58:00",0.072,4.009,0
"60","2026-07-19 22:59:00",0.063,3.976,0
"61","2026-07-19 23:00:00",0.061,3.881,2
"62","2026-07-19 23:01:00",0.066,3.867,2
"63","2026-07-19 23:02:00",0.066,3.867,0
"64","2026-07-19 23:03:00",0.07,3.819,2
"65","2026-07-19 23:04:00",0.075,3.778,2
"66","2026-07-19 23:05:00",0.081,3.748,0
"67","2026-07-19 23:06:00",0.093,3.739,0
"68","2026-07-19 23:07:00",0.102,3.711,2
"69","2026-07-19 23:08:00",0.102,3.711,2
"70","2026-07-19 23:09:00",0.105,3.711,0
"71","2026-07-19 23:10:00",0.099,3.7,2
"72","2026-07-19 23:11:00",0.098,3.701,2
"73","2026-07-19 23:12:00",0.106,3.731,0
"74","2026-07-19 23:13:00",0.107,3.732,0
"75","2026-07-19 23:14:00",0.108,3.728,2
"76","2026-07-19 23:15:00",0.108,3.728,0
"77","2026-07-19 23:16:00",0.097,3.741,0
"78","2026-07-19 23:17:00",0.107,3.743,0
"79","2026-07-19 23:18:00",0.112,3.736,2
"80","2026-07-19 23:19:00",0.126,3.718,2
"81","2026-07-19 23:20:00",0.131,3.689,0
"82","2026-07-19 23:21:00",0.134,3.711,2
"83","2026-07-19 23:22:00",0.139,3.7,0
"84","2026-07-19 23:23:00",0.132,3.739,0
"85","2026-07-19 23:24:00",0.132,3.739,2
"86","2026-07-19 23:25:00",0.136,3.753,0
"87","2026-07-19 23:26:00",0.139,3.772,0
"88","2026-07-19 23:27:00",0.131,3.816,0
"89","2026-07-19 23:28:00",0.124,3.84,2
"90","2026-07-19 23:29:00",0.133,3.85,0
"91","2026-07-19 23:30:00",0.145,3.874,2
"92","2026-07-19 23:31:00",0.145,3.874,2
"93","2026-07-19 23:32:00",0.16,3.854,0
"94","2026-07-19 23:33:00",0.159,3.837,0
"95","2026-07-19 23:34:00",0.157,3.828,0
"96","2026-07-19 23:35:00",0.145,3.781,2
"97","2026-07-19 23:36:00",0.148,3.759,0
"98","2026-07-19 23:37:00",0.148,3.763,0
"99","2026-07-19 23:38:00",0.131,3.74,2
"100","2026-07-19 23:39:00",0.117,3.671,0
"101","2026-07-19 23:40:00",0.117,3.671,0
"102","2026-07-19 23:41:00",0.104,3.662,2
"103","2026-07-19 23:42:00",0.117,3.613,2
"104","2026-07-19 23:43:00",0.123,3.618,0
"105","2026-07-19 23:44:00",0.139,3.637,0
"106","2026-07-19 23:45:00",0.122,3.597,2
"107","2026-07-19 23:46:00",0.107,3.578,2
"108","2026-07-19 23:47:00",0.117,3.563,0
"109","2026-07-19 23:48:00",0.117,3.563,2
"110","2026-07-19 23:49:00",0.113,3.603,2
"111","2026-07-19 23:50:00",0.095,3.601,0
"112","2026-07-19 23:51:00",0.087,3.596,0
"113","2026-07-19 23:52:00",0.077,3.602,2
"114","2026-07-19 23:53:00",0.067,3.637,0
"115","2026-07-19 23:54:00",0.071,3.746,0
"116","2026-07-19 23:55:00",0.065,3.816,2
"117","2026-07-19 23:56:00",0.064,3.858,2
"118","2026-07-19 23:57:00",0.07,3.854,2
"119","2026-07-19 23:58:00",0.07,3.854,2
"120","2026-07-19 23:59:00",0.107,3.915,2
"121","2026-07-20",0.095,3.934,0
"122","2026-07-20 00:01:00",0.097,3.925,0
"123","2026-07-20 00:02:00",0.11,3.851,2
"124","2026-07-20 00:03:00",0.127,3.788,0
"125","2026-07-20 00:04:00",0.133,3.689,0
"126","2026-07-20 00:05:00",0.137,3.663,0
"127","2026-07-20 00:06:00",0.137,3.663,2
"128","2026-07-20 00:07:00",0.103,3.473,0
"129","2026-07-20 00:08:00",0.089,3.379,2
"130","2026-07-20 00:09:00",0.083,3.257,2
"131","2026-07-20 00:10:00",0.085,3.215,0
"132","2026-07-20 00:11:00",0.07,3.135,0
"133","2026-07-20 00:12:00",0.048,3.057,0
"134","2026-07-20 00:13:00",0.022,2.986,2
"135","2026-07-20 00:14:00",0.022,2.986,0
"136","2026-07-20 00:15:00",0.012,2.938,0
"137","2026-07-20 00:16:00",0.006,2.976,2
"138","2026-07-20 00:17:00",0.004,3.016,0
"139","2026-07-20 00:18:00",0.018,3.122,0
"140","2026-07-20 00:19:00",0.029,3.177,2
"141","2026-07-20 00:20:00",0.028,3.276,0
"142","2026-07-20 00:21:00",0.036,3.349,0
"143","2026-07-20 00:22:00",0.046,3.392,0
"144","2026-07-20 00:23:00",0.063,3.474,2
"145","2026-07-20 00:24:00",0.074,3.491,2
"146","2026-07-20 00:25:00",0.071,3.478,0
"147","2026-07-20 00:26:00",0.064,3.454,2
"148","2026-07-20 00:27:00",0.06,3.432,2
"149","2026-07-20 00:28:00",0.06,3.412,0
"150","2026-07-20 00:29:00",0.057,3.382,0
"151","2026-07-20 00:30:00",0.069,3.398,2
"152","2026-07-20 00:31:00",0.055,3.386,0
"153","2026-07-20 00:32:00",0.061,3.387,0
"154","2026-07-20 00:33:00",0.08,3.38,2
"155","2026-07-20 00:34:00",0.107,3.378,2
"156","2026-07-20 00:35:00",0.106,3.384,2
"157","2026-07-20 00:36:00",0.111,3.368,2
"158","2026-07-20 00:37:00",0.115,3.334,2
"159","2026-07-20 00:38:00",0.121,3.293,0
"160","2026-07-20 00:39:00",0.107,3.237,0
"161","2026-07-20 00:40:00",0.1,3.171,2
"162","2026-07-20 00:41:00",0.091,3.131,0
"163","2026-07-20 00:42:00",0.07,3.057,0
"164","2026-07-20 00:43:00",0.05,3.003,2
"165","2026-07-20 00:44:00",0.051,2.971,2
"166","2026-07-20 00:45:00",0.03,2.899,0
"167","2026-07-20 00:46:00",0.031,2.879,2
"168","2026-07-20 00:47:00",0.04,2.892,2
"169","2026-07-20 00:48:00",0.044,2.894,0
"170","2026-07-20 00:49:00",0.064,2.844,0
"171","2026-07-20 00:50:00",0.062,2.837,2
"172","2026-07-20 00:51:00",0.073,2.847,2
"173","2026-07-20 00:52:00",0.08,2.812,0
"174","2026-07-20 00:53:00",0.094,2.783,0
"175","2026-07-20 00:54:00",0.117,2.758,2
"176","2026-07-20 00:55:00",0.128,2.736,0
"177","2026-07-20 00:56:00",0.132,2.652,0
"178","2026-07-20 00:57:00",0.133,2.631,2
"179","2026-07-20 00:58:00",0.14,2.65,0
"180","2026-07-20 00:59:00",0.157,2.624,0
"181","2026-07-20 01:00:00",0.177,2.604,0
"182","2026-07-20 01:01:00",0.185,2.612,2
"183","2026-07-20 01:02:00",0.185,2.608,2
"184","2026-07-20 01:03:00",0.194,2.589,0
"185","2026-07-20 01:04:00",0.213,2.571,2
"186","2026-07-20 01:05:00",0.214,2.565,0
"187","2026-07-20 01:06:00",0.22,2.546,0
"188","2026-07-20 01:07:00",0.221,2.515,0
"189","2026-07-20 01:08:00",0.221,2.524,0
"190","2026-07-20 01:09:00",0.206,2.527,0
"191","2026-07-20 01:10:00",0.231,2.478,0
"192","2026-07-20 01:11:00",0.218,2.496,2
"193","2026-07-20 01:12:00",0.219,2.472,0
"194","2026-07-20 01:13:00",0.197,2.438,2
"195","2026-07-20 01:14:00",0.19,2.413,2
"196","2026-07-20 01:15:00",0.18,2.364,2
"197","2026-07-20 01:16:00",0.164,2.284,0
"198","2026-07-20 01:17:00",0.16,2.205,0
"199","2026-07-20 01:18:00",0.153,2.142,2
"200","2026-07-20 01:19:00",0.127,2.135,0
"201","2026-07-20 01:20:00",0.115,2.067,0
"202","2026-07-20 01:21:00",0.109,2.074,2
"203","2026-07-20 01:22:00",0.115,2.046,2
"204","2026-07-20 01:23:00",0.142,2.046,0
"205","2026-07-20 01:24:00",0.155,2.055,2
"206","2026-07-20 01:25:00",0.148,2.084,2
"207","2026-07-20 01:26:00",0.149,2.112,0
"208","2026-07-20 01:27:00",0.154,2.141,0
"209","2026-07-20 01:28:00",0.156,2.146,2
"210","2026-07-20 01:29:00",0.145,2.132,2
"211","2026-07-20 01:30:00",0.147,2.124,0
"212","2026-07-20 01:31:00",0.131,2.149,2
"213","2026-07-20 01:32:00",0.103,2.103,2
"214","2026-07-20 01:33:00",0.088,2.093,0
"215","2026-07-20 01:34:00",0.084,2.024,0
"216","2026-07-20 01:35:00",0.078,1.975,2
"217","2026-07-20 01:36:00",0.079,1.909,0
"218","2026-07-20 01:37:00",0.086,1.849,0
"219","2026-07-20 01:38:00",0.068,1.77,2
"220","2026-07-20 01:39:00",0.076,1.73,2
"221","2026-07-20 01:40:00",0.065,1.681,2
"222","2026-07-20 01:41:00",0.074,1.628,0
"223","2026-07-20 01:42:00",0.077,1.539,2
"224","2026-07-20 01:43:00",0.072,1.478,0
"225","2026-07-20 01:44:00",0.053,1.379,0
"226","2026-07-20 01:45:00",0.043,1.296,0
"227","2026-07-20 01:46:00",0.033,1.229,0
"228","2026-07-20 01:47:00",0.033,1.105,0
"229","2026-07-20 01:48:00",0.022,1.027,0
"230","2026-07-20 01:49:00",0.015,0.952,2
"231","2026-07-20 01:50:00",-0.007,0.928,0
"232","2026-07-20 01:51:00",-0.013,0.871,2
"233","2026-07-20 01:52:00",-0.013,0.844,2
"234","2026-07-20 01:53:00",-0.017,0.851,0
"235","2026-07-20 01:54:00",-0.009,0.827,0
"236","2026-07-20 01:55:00",0.002,0.836,0
"237","2026-07-20 01:56:00",-0.008,0.841,2
"238","2026-07-20 01:57:00",-0.01,0.79,0
"239","2026-07-20 01:58:00",-0.014,0.749,0
"240","2026-07-20 01:59:00",-0.019,0.704,2
"241","2026-07-20 02:00:00",-0.019,0.652,2
"242","2026-07-20 02:01:00",-0.018,0.58,0
"243","2026-07-20 02:02:00",-0.028,0.528,2
"244","2026-07-20 02:03:00",-0.026,0.499,2
"245","2026-07-20 02:04:00",-0.025,0.448,0
"246","2026-07-20 02:05:00",-0.015,0.385,0
"247","2026-07-20 02:06:00",-0.007,0.382,2
"248","2026-07-20 02:07:00",-0.003,0.386,2
"249","2026-07-20 02:08:00",-0.002,0.368,0
"250","2026-07-20 02:09:00",-0.009,0.373,2
"251","2026-07-20 02:10:00",-0.002,0.379,2
"252","2026-07-20 02:11:00",0.01,0.389,0
"253","2026-07-20 02:12:00",0.015,0.396,0
"254","2026-07-20 02:13:00",0.034,0.462,2
"255","2026-07-20 02:14:00",0.034,0.501,0
"256","2026-07-20 02:15:00",0.041,0.472,0
"257","2026-07-20 02:16:00",0.045,0.453,2
"258","2026-07-20 02:17:00",0.04,0.476,2
"259","2026-07-20 02:18:00",0.031,0.453,2
"260","2026-07-20 02:19:00",0.026,0.431,2
"261","2026-07-20 02:20:00",0.02,0.42,2
"262","2026-07-20 02:21:00",0.01,0.401,0
"263","2026-07-20 02:22:00",0.012,0.323,0
"264","2026-07-20 02:23:00",0.005,0.286,2
"265","2026-07-20 02:24:00",0,0.272,0
"266","2026-07-20 02:25:00",0.006,0.272,0
"267","2026-07-20 02:26:00",0.017,0.31,2
"268","2026-07-20 02:27:00",0.023,0.385,2
"269","2026-07-20 02:28:00",0.001,0.491,0
"270","2026-07-20 02:29:00",0.011,0.591,2
"271","2026-07-20 02:30:00",0.016,0.665,2
"272","2026-07-20 02:31:00",0.016,0.751,0
"273","2026-07-20 02:32:00",0.01,0.846,0
"274","2026-07-20 02:33:00",0.007,0.953,0
"275","2026-07-20 02:34:00",0.007,1.014,2
"276","2026-07-20 02:35:00",0.018,1.065,0
"277","2026-07-20 02:36:00",0.034,1.062,0
"278","2026-07-20 02:37:00",0.048,0.996,2
"279","2026-07-20 02:38:00",0.038,0.944,0
"280","2026-07-20 02:39:00",0.044,0.868,0
"281","2026-07-20 02:40:00",0.056,0.802,2
"282","2026-07-20 02:41:00",0.048,0.75,0
"283","2026-07-20 02:42:00",0.054,0.665,0
"284","2026-07-20 02:43:00",0.07,0.611,0
"285","2026-07-20 02:44:00",0.073,0.496,2
"286","2026-07-20 02:45:00",0.074,0.446,2
"287","2026-07-20 02:46:00",0.085,0.446,0
"288","2026-07-20 02:47:00",0.102,0.439,2
"289","2026-07-20 02:48:00",0.094,0.473,0
"290","2026-07-20 02:49:00",0.097,0.509,0
"291","2026-07-20 02:50:00",0.103,0.518,0
"292","2026-07-20 02:51:00",0.097,0.553,2
"293","2026-07-20 02:52:00",0.097,0.588,0
"294","2026-07-20 02:53:00",0.116,0.621,0
"295","2026-07-20 02:54:00",0.111,0.675,2
"296","2026-07-20 02:55:00",0.101,0.706,2
"297","2026-07-20 02:56:00",0.087,0.733,2
"298","2026-07-20 02:57:00",0.094,0.696,2
"299","2026-07-20 02:58:00",0.095,0.686,2
"300","2026-07-20 02:59:00",0.091,0.709,0
"301","2026-07-20 03:00:00",0.084,0.701,0
"302","2026-07-20 03:01:00",0.057,0.728,2
"303","2026-07-20 03:02:00",0.05,0.766,0
"304","2026-07-20 03:03:00",0.055,0.811,0
"305","2026-07-20 03:04:00",0.053,0.846,2
"306","2026-07-20 03:05:00",0.061,0.876,2
"307","2026-07-20 03:06:00",0.058,0.941,0
"308","2026-07-20 03:07:00",0.085,0.99,2
"309","2026-07-20 03:08:00",0.084,1.042,2
"310","2026-07-20 03:09:00",0.088,1.093,0
"311","2026-07-20 03:10:00",0.115,1.129,0
"312","2026-07-20 03:11:00",0.13,1.1,2
"313","2026-07-20 03:12:00",0.138,1.087,2
"314","2026-07-20 03:13:00",0.145,1.1,0
"315","2026-07-20 03:14:00",0.152,1.103,0
"316","2026-07-20 03:15:00",0.159,1.102,2
"317","2026-07-20 03:16:00",0.151,1.089,0
"318","2026-07-20 03:17:00",0.164,1.118,0
"319","2026-07-20 03:18:00",0.154,1.119,2
"320","2026-07-20 03:19:00",0.146,1.139,0
"321","2026-07-20 03:20:00",0.146,1.183,0
"322","2026-07-20 03:21:00",0.153,1.19,0
"323","2026-07-20 03:22:00",0.14,1.228,2
"324","2026-07-20 03:23:00",0.138,1.233,2
"325","2026-07-20 03:24:00",0.141,1.261,0
"326","2026-07-20 03:25:00",0.15,1.285,2
"327","2026-07-20 03:26:00",0.136,1.28,0
"328","2026-07-20 03:27:00",0.139,1.28,0
"329","2026-07-20 03:28:00",0.136,1.313,0
"330","2026-07-20 03:29:00",0.142,1.317,0
"331","2026-07-20 03:30:00",0.136,1.344,0
"332","2026-07-20 03:31:00",0.139,1.365,0
"333","2026-07-20 03:32:00",0.139,1.367,2
"334","2026-07-20 03:33:00",0.137,1.361,0
"335","2026-07-20 03:34:00",0.137,1.376,2
"336","2026-07-20 03:35:00",0.148,1.378,2
"337","2026-07-20 03:36:00",0.153,1.382,0
"338","2026-07-20 03:37:00",0.137,1.378,0
"339","2026-07-20 03:38:00",0.126,1.391,0
"340","2026-07-20 03:39:00",0.108,1.404,2
"341","2026-07-20 03:40:00",0.109,1.399,0
"342","2026-07-20 03:41:00",0.121,1.413,0
"343","2026-07-20 03:42:00",0.104,1.413,2
"344","2026-07-20 03:43:00",0.101,1.409,2
"345","2026-07-20 03:44:00",0.088,1.393,0
"346","2026-07-20 03:45:00",0.113,1.378,2
"347","2026-07-20 03:46:00",0.116,1.365,2
"348","2026-07-20 03:47:00",0.107,1.336,0
"349","2026-07-20 03:48:00",0.113,1.326,0
"350","2026-07-20 03:49:00",0.096,1.322,2
"351","2026-07-20 03:50:00",0.107,1.32,2
"352","2026-07-20 03:51:00",0.105,1.302,0
"353","2026-07-20 03:52:00",0.096,1.283,2
"354","2026-07-20 03:53:00",0.106,1.276,2
"355","2026-07-20 03:54:00",0.101,1.276,0
"356","2026-07-20 03:55:00",0.103,1.295,0
"357","2026-07-20 03:56:00",0.106,1.344,2
"358","2026-07-20 03:57:00",0.115,1.352,0
"359","2026-07-20 03:58:00",0.118,1.396,0
"360","2026-07-20 03:59:00",0.103,1.434,0
"361","2026-07-20 04:00:00",0.109,1.508,2
"362","2026-07-20 04:01:00",0.104,1.594,2
"363","2026-07-20 04:02:00",0.108,1.593,0
"364","2026-07-20 04:03:00",0.106,1.618,2
"365","2026-07-20 04:04:00",0.095,1.625,0
"366","2026-07-20 04:05:00",0.088,1.628,0
"367","2026-07-20 04:06:00",0.096,1.63,0
"368","2026-07-20 04:07:00",0.095,1.628,0
"369","2026-07-20 04:08:00",0.093,1.627,0
"370","2026-07-20 04:09:00",0.098,1.601,0
"371","2026-07-20 04:10:00",0.087,1.598,2
"372","2026-07-20 04:11:00",0.078,1.659,0
"373","2026-07-20 04:12:00",0.089,1.7,2
"374","2026-07-20 04:13:00",0.087,1.697,2
"375","2026-07-20 04:14:00",0.092,1.728,0
"376","2026-07-20 04:15:00",0.099,1.772,0
"377","2026-07-20 04:16:00",0.105,1.835,0
"378","2026-07-20 04:17:00",0.114,1.9,2
"379","2026-07-20 04:18:00",0.102,1.971,0
"380","2026-07-20 04:19:00",0.092,2.045,0
"381","2026-07-20 04:20:00",0.095,2.117,2
"382","2026-07-20 04:21:00",0.094,2.17,0
"383","2026-07-20 04:22:00",0.092,2.222,0
"384","2026-07-20 04:23:00",0.097,2.27,2
"385","2026-07-20 04:24:00",0.091,2.292,2
"386","2026-07-20 04:25:00",0.083,2.293,0
"387","2026-07-20 04:26:00",0.093,2.31,0
"388","2026-07-20 04:27:00",0.118,2.319,2
"389","2026-07-20 04:28:00",0.135,2.307,2
"390","2026-07-20 04:29:00",0.131,2.336,0
"391","2026-07-20 04:30:00",0.138,2.351,2
"392","2026-07-20 04:31:00",0.142,2.404,2
"393","2026-07-20 04:32:00",0.15,2.459,0
"394","2026-07-20 04:33:00",0.144,2.472,0
"395","2026-07-20 04:34:00",0.146,2.473,2
"396","2026-07-20 04:35:00",0.136,2.468,0
"397","2026-07-20 04:36:00",0.13,2.445,0
"398","2026-07-20 04:37:00",0.13,2.404,2
"399","2026-07-20 04:38:00",0.13,2.376,2
"400","2026-07-20 04:39:00",0.133,2.343,2
"401","2026-07-20 04:40:00",0.132,2.264,2
"402","2026-07-20 04:41:00",0.125,2.211,2
"403","2026-07-20 04:42:00",0.126,2.191,0
"404","2026-07-20 04:43:00",0.133,2.134,0
"405","2026-07-20 04:44:00",0.14,2.098,2
"406","2026-07-20 04:45:00",0.142,2.066,0
"407","2026-07-20 04:46:00",0.145,2.045,0
"408","2026-07-20 04:47:00",0.143,2.01,0
"409","2026-07-20 04:48:00",0.159,2.047,2
"410","2026-07-20 04:49:00",0.173,2.086,0
"411","2026-07-20 04:50:00",0.176,2.143,2
"412","2026-07-20 04:51:00",0.185,2.186,2
"413","2026-07-20 04:52:00",0.192,2.255,0
"414","2026-07-20 04:53:00",0.192,2.301,0
"415","2026-07-20 04:54:00",0.207,2.32,0
"416","2026-07-20 04:55:00",0.232,2.322,2
"417","2026-07-20 04:56:00",0.254,2.292,0
"418","2026-07-20 04:57:00",0.26,2.274,0
"419","2026-07-20 04:58:00",0.273,2.242,2
"420","2026-07-20 04:59:00",0.297,2.185,0
"421","2026-07-20 05:00:00",0.311,2.165,0
"422","2026-07-20 05:01:00",0.333,2.119,2
"423","2026-07-20 05:02:00",0.337,2.114,0
"424","2026-07-20 05:03:00",0.327,2.141,0
"425","2026-07-20 05:04:00",0.334,2.16,0
"426","2026-07-20 05:05:00",0.326,2.149,2
"427","2026-07-20 05:06:00",0.317,2.182,2
"428","2026-07-20 05:07:00",0.299,2.194,0
"429","2026-07-20 05:08:00",0.286,2.2,2
"430","2026-07-20 05:09:00",0.282,2.21,2
"431","2026-07-20 05:10:00",0.292,2.247,0
"432","2026-07-20 05:11:00",0.31,2.249,0
"433","2026-07-20 05:12:00",0.316,2.28,2
"434","2026-07-20 05:13:00",0.334,2.318,0
"435","2026-07-20 05:14:00",0.368,2.362,0
"436","2026-07-20 05:15:00",0.389,2.425,2
"437","2026-07-20 05:16:00",0.421,2.514,2
"438","2026-07-20 05:17:00",0.467,2.548,2
"439","2026-07-20 05:18:00",0.488,2.628,2
"440","2026-07-20 05:19:00",0.467,2.685,2
"441","2026-07-20 05:20:00",0.476,2.752,0
"442","2026-07-20 05:21:00",0.476,2.797,0
"443","2026-07-20 05:22:00",0.468,2.891,2
"444","2026-07-20 05:23:00",0.45,2.932,0
"445","2026-07-20 05:24:00",0.466,2.981,0
"446","2026-07-20 05:25:00",0.459,3.024,2
"447","2026-07-20 05:26:00",0.448,3.126,2
"448","2026-07-20 05:27:00",0.447,3.18,0
"449","2026-07-20 05:28:00",0.447,3.235,2
"450","2026-07-20 05:29:00",0.451,3.286,2
"451","2026-07-20 05:30:00",0.46,3.339,0
"452","2026-07-20 05:31:00",0.479,3.373,0
"453","2026-07-20 05:32:00",0.48,3.437,2
"454","2026-07-20 05:33:00",0.497,3.495,2
"455","2026-07-20 05:34:00",0.5,3.589,0
"456","2026-07-20 05:35:00",0.507,3.643,2
"457","2026-07-20 05:36:00",0.521,3.691,2
"458","2026-07-20 05:37:00",0.546,3.726,0
"459","2026-07-20 05:38:00",0.535,3.77,0
"460","2026-07-20 05:39:00",0.541,3.798,2
"461","2026-07-20 05:40:00",0.542,3.826,0
"462","2026-07-20 05:41:00",0.534,3.878,0
"463","2026-07-20 05:42:00",0.534,3.885,2
"464","2026-07-20 05:43:00",0.529,3.863,2
"465","2026-07-20 05:44:00",0.544,3.814,2
"466","2026-07-20 05:45:00",0.536,3.828,2
"467","2026-07-20 05:46:00",0.555,3.824,2
"468","2026-07-20 05:47:00",0.583,3.783,0
"469","2026-07-20 05:48:00",0.606,3.797,0
"470","2026-07-20 05:49:00",0.644,3.833,2
"471","2026-07-20 05:50:00",0.683,3.864,0
"472","2026-07-20 05:51:00",0.7,3.928,0
"473","2026-07-20 05:52:00",0.722,3.974,2
"474","2026-07-20 05:53:00",0.721,4.015,2
"475","2026-07-20 05:54:00",0.716,4.078,0
"476","2026-07-20 05:55:00",0.697,4.152,2
"477","2026-07-20 05:56:00",0.687,4.205,2
"478","2026-07-20 05:57:00",0.683,4.205,0
"479","2026-07-20 05:58:00",0.686,4.147,0
"480","2026-07-20 05:59:00",0.68,4.082,0
"481","2026-07-20 06:00:00",0.701,4.067,2
"482","2026-07-20 06:01:00",0.773,4.179,0
"483","2026-07-20 06:02:00",0.848,4.336,0
"484","2026-07-20 06:03:00",0.937,4.489,2
"485","2026-07-20 06:04:00",1.01,4.604,0
"486","2026-07-20 06:05:00",1.108,4.734,0
"487","2026-07-20 06:06:00",1.159,4.856,2
"488","2026-07-20 06:07:00",1.193,4.918,0
"489","2026-07-20 06:08:00",1.216,5.024,0
"490","2026-07-20 06:09:00",1.24,5.11,0
"491","2026-07-20 06:10:00",1.249,5.109,2
"492","2026-07-20 06:11:00",1.276,5.082,2
"493","2026-07-20 06:12:00",1.279,5.036,0
"494","2026-07-20 06:13:00",1.286,5.015,2
"495","2026-07-20 06:14:00",1.316,5.055,0
"496","2026-07-20 06:15:00",1.351,5.067,0
"497","2026-07-20 06:16:00",1.448,5.215,0
"498","2026-07-20 06:17:00",1.49,5.247,2
"499","2026-07-20 06:18:00",1.511,5.285,0
"500","2026-07-20 06:19:00",1.531,5.392,0
"501","2026-07-20 06:20:00",1.594,5.5,2
"502","2026-07-20 06:21:00",1.7,5.703,2
"503","2026-07-20 06:22:00",1.782,5.889,2
"504","2026-07-20 06:23:00",1.864,6.047,2
"505","2026-07-20 06:24:00",1.947,6.2,2
"506","2026-07-20 06:25:00",2.063,6.357,0
"507","2026-07-20 06:26:00",2.137,6.46,0
"508","2026-07-20 06:27:00",2.308,6.699,2
"509","2026-07-20 06:28:00",2.44,6.925,0
"510","2026-07-20 06:29:00",2.515,7.051,0
"511","2026-07-20 06:30:00",2.596,7.218,2
"512","2026-07-20 06:31:00",2.62,7.285,2
"513","2026-07-20 06:32:00",2.651,7.472,0
"514","2026-07-20 06:33:00",2.63,7.587,2
"515","2026-07-20 06:34:00",2.636,7.784,2
"516","2026-07-20 06:35:00",2.624,7.995,0
"517","2026-07-20 06:36:00",2.59,8.168,0
"518","2026-07-20 06:37:00",2.593,8.366,2
"519","2026-07-20 06:38:00",2.587,8.598,2
"520","2026-07-20 06:39:00",2.598,8.793,0
"521","2026-07-20 06:40:00",2.625,9.078,0
"522","2026-07-20 06:41:00",2.666,9.303,2
"523","2026-07-20 06:42:00",2.738,9.628,0
"524","2026-07-20 06:43:00",2.793,9.923,0
"525","2026-07-20 06:44:00",2.847,10.216,2
"526","2026-07-20 06:45:00",2.872,10.39,0
"527","2026-07-20 06:46:00",2.892,10.597,0
"528","2026-07-20 06:47:00",2.901,10.788,0
"529","2026-07-20 06:48:00",2.837,10.961,2
"530","2026-07-20 06:49:00",2.835,11.089,2
"531","2026-07-20 06:50:00",2.812,11.12,0
"532","2026-07-20 06:51:00",2.759,11.152,2
"533","2026-07-20 06:52:00",2.785,11.27,0
"534","2026-07-20 06:53:00",2.737,11.244,0
"535","2026-07-20 06:54:00",2.814,11.419,0
"536","2026-07-20 06:55:00",2.901,11.575,0
"537","2026-07-20 06:56:00",3.093,11.824,0
"538","2026-07-20 06:57:00",3.267,11.974,0
"539","2026-07-20 06:58:00",3.417,12.175,2
"540","2026-07-20 06:59:00",3.541,12.289,0
"541","2026-07-20 07:00:00",3.68,12.411,2
"542","2026-07-20 07:01:00",3.744,12.455,2
"543","2026-07-20 07:02:00",3.814,12.515,0
"544","2026-07-20 07:03:00",3.796,12.455,0
"545","2026-07-20 07:04:00",3.707,12.427,0
"546","2026-07-20 07:05:00",3.757,12.463,2
"547","2026-07-20 07:06:00",3.744,12.469,0
"548","2026-07-20 07:07:00",3.691,12.592,0
"549","2026-07-20 07:08:00",3.726,12.8,2
"550","2026-07-20 07:09:00",3.775,12.99,2
"551","2026-07-20 07:10:00",3.829,13.202,0
"552","2026-07-20 07:11:00",3.825,13.326,2
"553","2026-07-20 07:12:00",3.849,13.372,2
"554","2026-07-20 07:13:00",3.844,13.409,0
"555","2026-07-20 07:14:00",3.791,13.505,0
"556","2026-07-20 07:15:00",3.841,13.585,2
"557","2026-07-20 07:16:00",3.909,13.594,2
"558","2026-07-20 07:17:00",3.918,13.565,0
"559","2026-07-20 07:18:00",3.969,13.591,2
"560","2026-07-20 07:19:00",4.018,13.615,2
"561","2026-07-20 07:20:00",4.107,13.594,0
"562","2026-07-20 07:21:00",4.315,13.725,0
"563","2026-07-20 07:22:00",4.385,13.781,2
"564","2026-07-20 07:23:00",4.448,13.774,0
"565","2026-07-20 07:24:00",4.434,13.679,0
"566","2026-07-20 07:25:00",4.376,13.572,2
"567","2026-07-20 07:26:00",4.312,13.356,2
"568","2026-07-20 07:27:00",4.205,13.148,2
"569","2026-07-20 07:28:00",4.162,13.017,0
"570","2026-07-20 07:29:00",4.057,12.857,2
"571","2026-07-20 07:30:00",3.926,12.747,0
"572","2026-07-20 07:31:00",3.799,12.544,0
"573","2026-07-20 07:32:00",3.738,12.315,2
"574","2026-07-20 07:33:00",3.728,12.263,0
"575","2026-07-20 07:34:00",3.763,12.244,0
"576","2026-07-20 07:35:00",3.814,12.262,0
"577","2026-07-20 07:36:00",3.908,12.26,2
"578","2026-07-20 07:37:00",4.068,12.313,0
"579","2026-07-20 07:38:00",4.201,12.318,2
"580","2026-07-20 07:39:00",4.364,12.345,2
"581","2026-07-20 07:40:00",4.433,12.331,0
"582","2026-07-20 07:41:00",4.473,12.214,0
"583","2026-07-20 07:42:00",4.441,12.008,0
"584","2026-07-20 07:43:00",4.357,11.829,2
"585","2026-07-20 07:44:00",4.36,11.79,0
"586","2026-07-20 07:45:00",4.342,11.688,0
"587","2026-07-20 07:46:00",4.331,11.612,2
"588","2026-07-20 07:47:00",4.292,11.498,0
"589","2026-07-20 07:48:00",4.134,11.229,0
"590","2026-07-20 07:49:00",4.005,10.967,2
"591","2026-07-20 07:50:00",3.974,10.943,2
"592","2026-07-20 07:51:00",4.007,10.949,0
"593","2026-07-20 07:52:00",3.906,10.755,0
"594","2026-07-20 07:53:00",3.753,10.472,2
"595","2026-07-20 07:54:00",3.491,10.067,2
"596","2026-07-20 07:55:00",3.286,9.807,0
"597","2026-07-20 07:56:00",3.183,9.698,2
"598","2026-07-20 07:57:00",3.125,9.687,2
"599","2026-07-20 07:58:00",3.094,9.704,0
"600","2026-07-20 07:59:00",2.962,9.587,0
"601","2026-07-20 08:00:00",2.954,9.559,2
"602","2026-07-20 08:01:00",2.962,9.571,0
"603","2026-07-20 08:02:00",3.003,9.705,0
"604","2026-07-20 08:03:00",3.05,9.796,2
"605","2026-07-20 08:04:00",3.016,9.823,2
"606","2026-07-20 08:05:00",3.018,9.768,2
"607","2026-07-20 08:06:00",3.032,9.798,2
"608","2026-07-20 08:07:00",3.006,9.816,2
"609","2026-07-20 08:08:00",3.06,9.875,0
"610","2026-07-20 08:09:00",3.075,9.857,0
"611","2026-07-20 08:10:00",3.169,9.882,2
"612","2026-07-20 08:11:00",3.242,9.893,0
"613","2026-07-20 08:12:00",3.32,9.888,0
"614","2026-07-20 08:13:00",3.437,9.866,0
"615","2026-07-20 08:14:00",3.527,9.953,2
"616","2026-07-20 08:15:00",3.669,10.017,0
"617","2026-07-20 08:16:00",3.713,10.018,2
"618","2026-07-20 08:17:00",3.725,10.057,2
"619","2026-07-20 08:18:00",3.793,10.133,0
"620","2026-07-20 08:19:00",3.765,10.162,0
"621","2026-07-20 08:20:00",3.738,10.168,0
"622","2026-07-20 08:21:00",3.725,10.213,2
"623","2026-07-20 08:22:00",3.574,9.991,0
"624","2026-07-20 08:23:00",3.446,9.853,0
"625","2026-07-20 08:24:00",3.42,9.773,2
"626","2026-07-20 08:25:00",3.383,9.62,0
"627","2026-07-20 08:26:00",3.3,9.379,0
"628","2026-07-20 08:27:00",3.235,9.263,2
"629","2026-07-20 08:28:00",3.158,9.021,0
"630","2026-07-20 08:29:00",2.969,8.66,0
"631","2026-07-20 08:30:00",2.822,8.375,0
"632","2026-07-20 08:31:00",2.771,8.299,2
"633","2026-07-20 08:32:00",2.626,8.044,2
"634","2026-07-20 08:33:00",2.482,7.855,0
"635","2026-07-20 08:34:00",2.45,7.828,2
"636","2026-07-20 08:35:00",2.388,7.771,2
"637","2026-07-20 08:36:00",2.33,7.646,0
"638","2026-07-20 08:37:00",2.304,7.683,0
"639","2026-07-20 08:38:00",2.298,7.773,2
"640","2026-07-20 08:39:00",2.31,7.798,0
"641","2026-07-20 08:40:00",2.401,7.861,0
"642","2026-07-20 08:41:00",2.476,7.911,2
"643","2026-07-20 08:42:00",2.532,7.94,2
"644","2026-07-20 08:43:00",2.514,7.855,2
"645","2026-07-20 08:44:00",2.488,7.763,2
"646","2026-07-20 08:45:00",2.491,7.69,2
"647","2026-07-20 08:46:00",2.486,7.578,0
"648","2026-07-20 08:47:00",2.463,7.406,0
"649","2026-07-20 08:48:00",2.333,7.182,2
"650","2026-07-20 08:49:00",2.158,6.86,0
"651","2026-07-20 08:50:00",1.987,6.591,0
"652","2026-07-20 08:51:00",2.074,6.779,2
"653","2026-07-20 08:52:00",2.092,6.821,2
"654","2026-07-20 08:53:00",1.955,6.556,0
"655","2026-07-20 08:54:00",1.921,6.4,2
"656","2026-07-20 08:55:00",1.913,6.274,2
"657","2026-07-20 08:56:00",1.947,6.272,0
"658","2026-07-20 08:57:00",2.04,6.324,0
"659","2026-07-20 08:58:00",2.161,6.468,2
"660","2026-07-20 08:59:00",2.119,6.27,2
"661","2026-07-20 09:00:00",1.9,5.709,0
"662","2026-07-20 09:01:00",1.885,5.53,0
"663","2026-07-20 09:02:00",1.894,5.538,2
"664","2026-07-20 09:03:00",1.845,5.437,0
"665","2026-07-20 09:04:00",1.784,5.314,0
"666","2026-07-20 09:05:00",1.748,5.15,2
"667","2026-07-20 09:06:00",1.687,5.129,0
"668","2026-07-20 09:07:00",1.591,4.969,0
"669","2026-07-20 09:08:00",1.562,4.92,0
"670","2026-07-20 09:09:00",1.538,4.813,2
"671","2026-07-20 09:10:00",1.456,4.673,2
"672","2026-07-20 09:11:00",1.412,4.528,0
"673","2026-07-20 09:12:00",1.366,4.408,2
"674","2026-07-20 09:13:00",1.331,4.347,0
"675","2026-07-20 09:14:00",1.264,4.191,0
"676","2026-07-20 09:15:00",1.246,4.023,0
"677","2026-07-20 09:16:00",1.217,3.978,2
"678","2026-07-20 09:17:00",1.214,4.011,0
"679","2026-07-20 09:18:00",1.224,4.061,0
"680","2026-07-20 09:19:00",1.237,4.095,2
"681","2026-07-20 09:20:00",1.249,4.13,0
"682","2026-07-20 09:21:00",1.247,4.144,2
"683","2026-07-20 09:22:00",1.237,4.134,2
"684","2026-07-20 09:23:00",1.234,4.191,2
"685","2026-07-20 09:24:00",1.249,4.239,0
"686","2026-07-20 09:25:00",1.314,4.295,0
"687","2026-07-20 09:26:00",1.43,4.617,2
"688","2026-07-20 09:27:00",1.548,4.848,0
"689","2026-07-20 09:28:00",1.647,5.145,0
"690","2026-07-20 09:29:00",1.728,5.478,2
"691","2026-07-20 09:30:00",1.788,5.734,2
"692","2026-07-20 09:31:00",1.845,5.955,0
"693","2026-07-20 09:32:00",1.849,5.92,2
"694","2026-07-20 09:33:00",1.837,5.946,2
"695","2026-07-20 09:34:00",1.823,5.798,0
"696","2026-07-20 09:35:00",2.035,6.388,0
"697","2026-07-20 09:36:00",1.899,6.104,2
"698","2026-07-20 09:37:00",1.819,5.88,2
"699","2026-07-20 09:38:00",1.695,5.525,0
"700","2026-07-20 09:39:00",1.589,5.17,2
"701","2026-07-20 09:40:00",1.575,5.107,2
"702","2026-07-20 09:41:00",1.48,4.892,0
"703","2026-07-20 09:42:00",1.432,4.713,0
"704","2026-07-20 09:43:00",1.02,3.817,2
"705","2026-07-20 09:44:00",0.925,3.533,0
"706","2026-07-20 09:45:00",0.866,3.334,0
"707","2026-07-20 09:46:00",0.833,3.138,2
"708","2026-07-20 09:47:00",0.899,3.112,2
"709","2026-07-20 09:48:00",0.929,3.178,2
"710","2026-07-20 09:49:00",0.974,3.296,0
"711","2026-07-20 09:50:00",0.999,3.368,2
"712","2026-07-20 09:51:00",1.007,3.44,0
"713","2026-07-20 09:52:00",1.037,3.504,0
"714","2026-07-20 09:53:00",1.024,3.5,0
"715","2026-07-20 09:54:00",1.03,3.515,0
"716","2026-07-20 09:55:00",1.011,3.492,0
"717","2026-07-20 09:56:00",0.914,3.327,0
"718","2026-07-20 09:57:00",0.855,3.163,2
"719","2026-07-20 09:58:00",0.84,3.093,0
"720","2026-07-20 09:59:00",0.815,3.042,2
"721","2026-07-20 10:00:00",0.855,3.089,2
"722","2026-07-20 10:01:00",0.906,3.196,0
"723","2026-07-20 10:02:00",0.921,3.232,0
"724","2026-07-20 10:03:00",1.038,3.391,0
"725","2026-07-20 10:04:00",1.202,3.898,2
"726","2026-07-20 10:05:00",1.31,4.294,0
"727","2026-07-20 10:06:00",1.381,4.457,0
"728","2026-07-20 10:07:00",1.405,4.54,2
"729","2026-07-20 10:08:00",1.48,4.825,0
"730","2026-07-20 10:09:00",1.482,4.973,0
"731","2026-07-20 10:10:00",1.58,5.241,2
"732","2026-07-20 10:11:00",1.613,5.363,2
"733","2026-07-20 10:12:00",1.411,5.065,0
"734","2026-07-20 10:13:00",1.327,4.783,0
"735","2026-07-20 10:14:00",1.167,4.38,2
"736","2026-07-20 10:15:00",1.12,4.258,2
"737","2026-07-20 10:16:00",1.068,4.133,0
"738","2026-07-20 10:17:00",0.963,3.772,2
"739","2026-07-20 10:18:00",0.878,3.512,2
"740","2026-07-20 10:19:00",0.76,3.181,0
"741","2026-07-20 10:20:00",0.742,3.118,0
"742","2026-07-20 10:21:00",0.744,3.1,2
"743","2026-07-20 10:22:00",0.764,3.075,0
"744","2026-07-20 10:23:00",0.771,3.135,0
"745","2026-07-20 10:24:00",0.759,3.135,2
"746","2026-07-20 10:25:00",0.772,3.162,2
"747","2026-07-20 10:26:00",0.792,3.262,2
"748","2026-07-20 10:27:00",0.8,3.297,0
"749","2026-07-20 10:28:00",0.79,3.301,2
"750","2026-07-20 10:29:00",0.804,3.29,0
"751","2026-07-20 10:30:00",0.8,3.23,0
"752","2026-07-20 10:31:00",0.755,3.148,2
"753","2026-07-20 10:32:00",0.74,3.087,0
"754","2026-07-20 10:33:00",0.75,3.08,0
"755","2026-07-20 10:34:00",0.759,3.054,0
"756","2026-07-20 10:35:00",0.755,2.996,2
"757","2026-07-20 10:36:00",0.77,2.925,0
"758","2026-07-20 10:37:00",0.769,2.896,2
"759","2026-07-20 10:38:00",0.743,2.892,2
"760","2026-07-20 10:39:00",0.874,3.231,0
"761","2026-07-20 10:40:00",0.909,3.386,0
"762","2026-07-20 10:41:00",0.916,3.437,0
"763","2026-07-20 10:42:00",0.892,3.421,2
"764","2026-07-20 10:43:00",0.867,3.333,0
"765","2026-07-20 10:44:00",0.892,3.424,0
"766","2026-07-20 10:45:00",0.897,3.404,2
"767","2026-07-20 10:46:00",0.877,3.304,0
"768","2026-07-20 10:47:00",0.833,3.232,0
"769","2026-07-20 10:48:00",0.668,2.779,2
"770","2026-07-20 10:49:00",0.618,2.604,2
"771","2026-07-20 10:50:00",0.585,2.473,0
"772","2026-07-20 10:51:00",0.573,2.4,0
"773","2026-07-20 10:52:00",0.564,2.374,2
"774","2026-07-20 10:53:00",0.483,2.134,2
"775","2026-07-20 10:54:00",0.456,2.077,0
"776","2026-07-20 10:55:00",0.443,2.04,2
"777","2026-07-20 10:56:00",0.453,2.019,2
"778","2026-07-20 10:57:00",0.47,2.072,0
"779","2026-07-20 10:58:00",0.466,2.054,0
"780","2026-07-20 10:59:00",0.461,2.025,2
"781","2026-07-20 11:00:00",0.484,2.076,0
"782","2026-07-20 11:01:00",0.601,2.33,0
"783","2026-07-20 11:02:00",0.665,2.499,2
"784","2026-07-20 11:03:00",0.762,2.756,2
"785","2026-07-20 11:04:00",0.823,2.977,2
"786","2026-07-20 11:05:00",0.837,3.04,2
"787","2026-07-20 11:06:00",0.861,3.136,2
"788","2026-07-20 11:07:00",0.884,3.183,0
"789","2026-07-20 11:08:00",0.886,3.223,0
"790","2026-07-20 11:09:00",0.819,3.134,2
"791","2026-07-20 11:10:00",0.793,3.046,0
"792","2026-07-20 11:11:00",0.736,2.936,0
"793","2026-07-20 11:12:00",0.698,2.863,2
"794","2026-07-20 11:13:00",0.661,2.767,2
"795","2026-07-20 11:14:00",0.59,2.591,0
"796","2026-07-20 11:15:00",0.582,2.551,2
"797","2026-07-20 11:16:00",0.577,2.512,2
"798","2026-07-20 11:17:00",0.557,2.485,0
"799","2026-07-20 11:18:00",0.546,2.429,0
"800","2026-07-20 11:19:00",0.486,2.277,2
"801","2026-07-20 11:20:00",0.464,2.194,2
"802","2026-07-20 11:21:00",0.421,2.054,0
"803","2026-07-20 11:22:00",0.427,2.023,0
"804","2026-07-20 11:23:00",0.428,1.994,2
"805","2026-07-20 11:24:00",0.418,1.942,0
"806","2026-07-20 11:25:00",0.434,1.884,0
"807","2026-07-20 11:26:00",0.43,1.862,2
"808","2026-07-20 11:27:00",0.417,1.81,0
"809","2026-07-20 11:28:00",0.423,1.805,0
"810","2026-07-20 11:29:00",0.419,1.81,0
"811","2026-07-20 11:30:00",0.425,1.82,2
"812","2026-07-20 11:31:00",0.412,1.823,2
"813","2026-07-20 11:32:00",0.442,1.868,0
"814","2026-07-20 11:33:00",0.455,1.967,2
"815","2026-07-20 11:34:00",0.471,2.111,0
"816","2026-07-20 11:35:00",0.492,2.245,0
"817","2026-07-20 11:36:00",0.512,2.347,0
"818","2026-07-20 11:37:00",0.531,2.416,0
"819","2026-07-20 11:38:00",0.559,2.487,0
"820","2026-07-20 11:39:00",0.557,2.502,0
"821","2026-07-20 11:40:00",0.549,2.523,2
"822","2026-07-20 11:41:00",0.527,2.433,2
"823","2026-07-20 11:42:00",0.498,2.36,2
"824","2026-07-20 11:43:00",0.5,2.344,2
"825","2026-07-20 11:44:00",0.504,2.331,2
"826","2026-07-20 11:45:00",0.49,2.262,0
"827","2026-07-20 11:46:00",0.489,2.199,0
"828","2026-07-20 11:47:00",0.472,2.132,2
"829","2026-07-20 11:48:00",0.483,2.079,0
"830","2026-07-20 11:49:00",0.478,2.029,0
"831","2026-07-20 11:50:00",0.482,1.969,2
"832","2026-07-20 11:51:00",0.488,1.902,2
"833","2026-07-20 11:52:00",5.809,14.913,0
"834","2026-07-20 11:53:00",1.184,5.152,2
"835","2026-07-20 11:54:00",0.691,3.133,2
"836","2026-07-20 11:55:00",0.493,2.777,0
"837","2026-07-20 11:56:00",0.477,2.645,0
"838","2026-07-20 11:57:00",0.454,2.513,2
"839","2026-07-20 11:58:00",0.431,2.335,2
"840","2026-07-20 11:59:00",0.396,2.163,0
"841","2026-07-20 12:00:00",0.381,2.017,0
"842","2026-07-20 12:01:00",0.349,1.875,2
"843","2026-07-20 12:02:00",0.344,1.786,0
"844","2026-07-20 12:03:00",0.316,1.638,0
"845","2026-07-20 12:04:00",0.314,1.59,2
"846","2026-07-20 12:05:00",0.341,1.647,0
"847","2026-07-20 12:06:00",0.419,2.004,0
"848","2026-07-20 12:07:00",0.468,2.18,0
"849","2026-07-20 12:08:00",0.558,2.572,2
"850","2026-07-20 12:09:00",0.589,2.665,2
"851","2026-07-20 12:10:00",0.585,2.632,0
"852","2026-07-20 12:11:00",0.591,2.609,2
"853","2026-07-20 12:12:00",0.607,2.593,0
"854","2026-07-20 12:13:00",0.59,2.538,0
"855","2026-07-20 12:14:00",0.514,2.27,0
"856","2026-07-20 12:15:00",0.458,2.014,0
"857","2026-07-20 12:16:00",0.406,1.784,0
"858","2026-07-20 12:17:00",0.411,1.662,0
"859","2026-07-20 12:18:00",0.449,1.705,2
"860","2026-07-20 12:19:00",0.728,2.43,0
"861","2026-07-20 12:20:00",0.769,2.678,2
"862","2026-07-20 12:21:00",0.798,2.742,2
"863","2026-07-20 12:22:00",0.852,2.905,0
"864","2026-07-20 12:23:00",0.871,2.964,0
"865","2026-07-20 12:24:00",0.906,3.068,0
"866","2026-07-20 12:25:00",0.969,3.239,2
"867","2026-07-20 12:26:00",0.891,3.159,0
"868","2026-07-20 12:27:00",0.692,2.705,0
"869","2026-07-20 12:28:00",0.572,2.261,2
"870","2026-07-20 12:29:00",0.504,2.063,2
"871","2026-07-20 12:30:00",0.476,1.969,0
"872","2026-07-20 12:31:00",0.461,1.817,2
"873","2026-07-20 12:32:00",0.424,1.707,2
"874","2026-07-20 12:33:00",0.39,1.54,0
"875","2026-07-20 12:34:00",0.336,1.339,0
"876","2026-07-20 12:35:00",0.331,1.234,2
"877","2026-07-20 12:36:00",0.322,1.236,2
"878","2026-07-20 12:37:00",0.329,1.25,0
"879","2026-07-20 12:38:00",0.319,1.239,2
"880","2026-07-20 12:39:00",0.336,1.297,2
"881","2026-07-20 12:40:00",0.315,1.328,0
"882","2026-07-20 12:41:00",0.311,1.365,0
"883","2026-07-20 12:42:00",0.323,1.369,2
"884","2026-07-20 12:43:00",0.341,1.345,0
"885","2026-07-20 12:44:00",0.324,1.336,0
"886","2026-07-20 12:45:00",0.337,1.329,2
"887","2026-07-20 12:46:00",0.416,1.551,2
"888","2026-07-20 12:47:00",0.502,1.816,2
"889","2026-07-20 12:48:00",0.554,1.914,0
"890","2026-07-20 12:49:00",0.585,1.973,2
"891","2026-07-20 12:50:00",0.606,2.061,0
"892","2026-07-20 12:51:00",0.606,2.094,0
"893","2026-07-20 12:52:00",0.613,2.128,2
"894","2026-07-20 12:53:00",0.625,2.17,0
"895","2026-07-20 12:54:00",0.58,2.059,0
"896","2026-07-20 12:55:00",0.542,1.919,0
"897","2026-07-20 12:56:00",0.45,1.67,2
"898","2026-07-20 12:57:00",0.405,1.584,0
"899","2026-07-20 12:58:00",0.406,1.579,2
"900","2026-07-20 12:59:00",0.371,1.487,2
"901","2026-07-20 13:00:00",0.356,1.455,0
"902","2026-07-20 13:01:00",0.356,1.435,0
"903","2026-07-20 13:02:00",0.342,1.441,0
"904","2026-07-20 13:03:00",0.332,1.357,2
"905","2026-07-20 13:04:00",0.324,1.293,0
"906","2026-07-20 13:05:00",0.326,1.304,0
"907","2026-07-20 13:06:00",0.319,1.282,2
"908","2026-07-20 13:07:00",0.322,1.265,0
"909","2026-07-20 13:08:00",0.309,1.175,0
"910","2026-07-20 13:09:00",0.298,1.12,2
"911","2026-07-20 13:10:00",0.282,1.046,0
"912","2026-07-20 13:11:00",0.287,1.033,0
"913","2026-07-20 13:12:00",0.267,1.018,0
"914","2026-07-20 13:13:00",0.26,1.04,2
"915","2026-07-20 13:14:00",0.256,1.034,2
"916","2026-07-20 13:15:00",0.259,1.044,0
"917","2026-07-20 13:16:00",0.259,1.09,2
"918","2026-07-20 13:17:00",0.279,1.17,2
"919","2026-07-20 13:18:00",0.281,1.245,0
"920","2026-07-20 13:19:00",0.286,1.271,0
"921","2026-07-20 13:20:00",0.29,1.347,2
"922","2026-07-20 13:21:00",0.3,1.382,0
"923","2026-07-20 13:22:00",0.306,1.472,0
"924","2026-07-20 13:23:00",0.299,1.469,2
"925","2026-07-20 13:24:00",0.274,1.444,2
"926","2026-07-20 13:25:00",0.259,1.444,2
"927","2026-07-20 13:26:00",0.248,1.407,2
"928","2026-07-20 13:27:00",0.23,1.382,2
"929","2026-07-20 13:28:00",0.228,1.347,0
"930","2026-07-20 13:29:00",0.226,1.298,0
"931","2026-07-20 13:30:00",0.235,1.264,2
"932","2026-07-20 13:31:00",0.233,1.201,0
"933","2026-07-20 13:32:00",0.24,1.208,0
"934","2026-07-20 13:33:00",0.266,1.266,2
"935","2026-07-20 13:34:00",0.279,1.336,2
"936","2026-07-20 13:35:00",0.291,1.413,0
"937","2026-07-20 13:36:00",0.281,1.433,2
"938","2026-07-20 13:37:00",0.282,1.43,2
"939","2026-07-20 13:38:00",0.283,1.413,0
"940","2026-07-20 13:39:00",0.243,1.382,0
"941","2026-07-20 13:40:00",0.237,1.422,2
"942","2026-07-20 13:41:00",0.266,1.554,2
"943","2026-07-20 13:42:00",0.25,1.584,0
"944","2026-07-20 13:43:00",0.251,1.605,0
"945","2026-07-20 13:44:00",0.327,1.735,2
"946","2026-07-20 13:45:00",0.509,2.066,0
"947","2026-07-20 13:46:00",0.528,2.177,0
"948","2026-07-20 13:47:00",0.544,2.229,2
"949","2026-07-20 13:48:00",0.559,2.235,0
"950","2026-07-20 13:49:00",0.544,2.143,0
"951","2026-07-20 13:50:00",0.536,2.043,0
"952","2026-07-20 13:51:00",0.564,1.975,2
"953","2026-07-20 13:52:00",0.555,1.889,2
"954","2026-07-20 13:53:00",0.416,1.75,0
"955","2026-07-20 13:54:00",0.354,1.63,2
"956","2026-07-20 13:55:00",0.371,1.683,0
"957","2026-07-20 13:56:00",0.371,1.714,0
"958","2026-07-20 13:57:00",0.366,1.719,0
"959","2026-07-20 13:58:00",0.356,1.733,2
"960","2026-07-20 14:00:00",0.337,1.758,0
"961","2026-07-20 14:01:00",0.303,1.721,2
"962","2026-07-20 14:02:00",0.285,1.625,0
"963","2026-07-20 14:03:00",0.298,1.572,2
"964","2026-07-20 14:04:00",0.288,1.485,2
"965","2026-07-20 14:05:00",0.304,1.571,2
"966","2026-07-20 14:06:00",0.347,1.726,0
"967","2026-07-20 14:07:00",0.381,1.783,0
"968","2026-07-20 14:08:00",0.39,1.814,2
"969","2026-07-20 14:09:00",0.385,1.751,0
"970","2026-07-20 14:10:00",0.385,1.715,0
"971","2026-07-20 14:11:00",0.384,1.703,0
"972","2026-07-20 14:12:00",0.361,1.625,2
"973","2026-07-20 14:13:00",0.353,1.614,0
"974","2026-07-20 14:14:00",0.295,1.44,2
"975","2026-07-20 14:15:00",0.26,1.277,2
"976","2026-07-20 14:16:00",0.235,1.149,0
"977","2026-07-20 14:17:00",0.232,1.106,0
"978","2026-07-20 14:18:00",0.232,1.102,2
"979","2026-07-20 14:19:00",0.218,1.047,2
"980","2026-07-20 14:20:00",0.234,1.04,0
"981","2026-07-20 14:21:00",0.235,1.054,2
"982","2026-07-20 14:22:00",0.239,1.047,2
"983","2026-07-20 14:23:00",0.251,1.061,0
"984","2026-07-20 14:24:00",0.251,1.069,0
"985","2026-07-20 14:25:00",0.261,1.083,2
"986","2026-07-20 14:26:00",0.264,1.101,0
"987","2026-07-20 14:27:00",0.255,1.089,0
"988","2026-07-20 14:28:00",0.255,1.083,0
"989","2026-07-20 14:29:00",0.261,1.071,2
"990","2026-07-20 14:30:00",0.265,1.042,2
"991","2026-07-20 14:31:00",0.271,1.054,0
"992","2026-07-20 14:32:00",0.287,1.077,2
"993","2026-07-20 14:33:00",0.308,1.154,0
"994","2026-07-20 14:34:00",0.315,1.147,0
"995","2026-07-20 14:35:00",0.328,1.162,0
"996","2026-07-20 14:36:00",0.332,1.21,0
"997","2026-07-20 14:37:00",0.319,1.236,0
"998","2026-07-20 14:38:00",0.327,1.277,0
"999","2026-07-20 14:39:00",0.337,1.382,2
"1000","2026-07-20 14:40:00",0.343,1.385,0
"1001","2026-07-20 14:41:00",0.341,1.415,2
"1002","2026-07-20 14:42:00",0.339,1.417,2
"1003","2026-07-20 14:43:00",0.353,1.461,0
"1004","2026-07-20 14:44:00",0.361,1.449,0
"1005","2026-07-20 14:45:00",0.354,1.476,0
"1006","2026-07-20 14:46:00",0.346,1.509,2
"1007","2026-07-20 14:47:00",0.327,1.485,0
"1008","2026-07-20 14:48:00",0.327,1.494,0
"1009","2026-07-20 14:49:00",0.31,1.467,2
"1010","2026-07-20 14:50:00",0.296,1.425,0
"1011","2026-07-20 14:51:00",0.275,1.375,0
"1012","2026-07-20 14:52:00",0.282,1.353,2
"1013","2026-07-20 14:53:00",0.265,1.319,2
"1014","2026-07-20 14:54:00",0.267,1.239,0
"1015","2026-07-20 14:55:00",0.281,1.234,0
"1016","2026-07-20 14:56:00",0.306,1.327,2
"1017","2026-07-20 14:57:00",0.331,1.483,2
"1018","2026-07-20 14:58:00",0.373,1.689,0
"1019","2026-07-20 14:59:00",0.387,1.847,2
"1020","2026-07-20 15:09:00",0.326,1.419,0
"1021","2026-07-20 15:10:00",0.337,1.345,2
"1022","2026-07-20 15:11:00",0.333,1.313,0
"1023","2026-07-20 15:12:00",0.328,1.216,0
"1024","2026-07-20 15:13:00",0.325,1.155,2
"1025","2026-07-20 15:14:00",0.334,1.142,0
"1026","2026-07-20 15:15:00",0.318,1.125,0
"1027","2026-07-20 15:16:00",0.318,1.117,0
"1028","2026-07-20 15:17:00",0.311,1.101,2
"1029","2026-07-20 15:18:00",0.308,1.074,0
"1030","2026-07-20 15:19:00",0.29,1.018,2
"1031","2026-07-20 15:20:00",0.267,0.965,2
"1032","2026-07-20 15:21:00",0.253,0.926,0
"1033","2026-07-20 15:22:00",0.256,0.889,0
"1034","2026-07-20 15:23:00",0.25,0.822,0
"1035","2026-07-20 15:24:00",0.244,0.826,2
"1036","2026-07-20 15:25:00",0.241,0.84,0
"1037","2026-07-20 15:26:00",0.247,0.888,0
"1038","2026-07-20 15:27:00",0.276,0.97,2
"1039","2026-07-20 15:28:00",0.29,1.059,0
"1040","2026-07-20 15:29:00",0.321,1.12,0
"1041","2026-07-20 15:30:00",0.338,1.258,2
"1042","2026-07-20 15:31:00",0.371,1.474,2
"1043","2026-07-20 15:32:00",0.394,1.582,0
"1044","2026-07-20 15:33:00",0.388,1.596,0
"1045","2026-07-20 15:34:00",0.376,1.623,2
"1046","2026-07-20 15:35:00",0.364,1.603,2
"1047","2026-07-20 15:36:00",0.373,1.621,0
"1048","2026-07-20 15:37:00",0.364,1.674,2
"1049","2026-07-20 15:38:00",0.325,1.615,2
"1050","2026-07-20 15:39:00",0.31,1.5,0
"1051","2026-07-20 15:40:00",0.298,1.48,0
"1052","2026-07-20 15:41:00",0.306,1.504,2
"1053","2026-07-20 15:42:00",0.311,1.549,0
"1054","2026-07-20 15:43:00",0.317,1.613,0
"1055","2026-07-20 15:44:00",0.301,1.58,2
"1056","2026-07-20 15:45:00",0.29,1.521,2
"1057","2026-07-20 15:46:00",0.296,1.583,2
"1058","2026-07-20 15:47:00",0.304,1.641,2
"1059","2026-07-20 15:48:00",0.301,1.636,2
"1060","2026-07-20 15:49:00",0.286,1.558,0
"1061","2026-07-20 15:50:00",0.306,1.64,0
"1062","2026-07-20 15:51:00",0.298,1.619,2
"1063","2026-07-20 15:52:00",0.291,1.616,0
"1064","2026-07-20 15:53:00",0.323,1.76,0
"1065","2026-07-20 15:54:00",0.378,2.007,2
"1066","2026-07-20 15:55:00",0.431,2.248,2
"1067","2026-07-20 15:56:00",0.471,2.479,0
"1068","2026-07-20 15:57:00",0.486,2.559,2
"1069","2026-07-20 15:58:00",0.465,2.573,2
"1070","2026-07-20 15:59:00",0.47,2.627,0
"1071","2026-07-20 16:00:00",0.492,2.674,0
"1072","2026-07-20 16:01:00",0.494,2.71,0
"1073","2026-07-20 16:02:00",0.451,2.546,2
"1074","2026-07-20 16:03:00",0.385,2.239,0
"1075","2026-07-20 16:04:00",0.357,2.105,0
"1076","2026-07-20 16:05:00",0.355,2.06,2
"1077","2026-07-20 16:06:00",0.347,2.018,0
"1078","2026-07-20 16:07:00",0.346,1.936,0
"1079","2026-07-20 16:08:00",0.343,1.827,2
"1080","2026-07-20 16:09:00",0.325,1.747,0
"1081","2026-07-20 16:10:00",0.311,1.642,0
"1082","2026-07-20 16:11:00",0.294,1.581,0
"1083","2026-07-20 16:12:00",0.283,1.521,2
"1084","2026-07-20 16:13:00",0.24,1.373,2
"1085","2026-07-20 16:14:00",0.22,1.263,0
"1086","2026-07-20 16:15:00",0.198,1.218,2
"1087","2026-07-20 16:16:00",0.18,1.192,0
"1088","2026-07-20 16:17:00",0.162,1.22,0
"1089","2026-07-20 16:18:00",0.157,1.259,0
"1090","2026-07-20 16:19:00",0.145,1.31,2
"1091","2026-07-20 16:20:00",0.152,1.321,0
"1092","2026-07-20 16:21:00",0.14,1.302,0
"1093","2026-07-20 16:22:00",0.143,1.327,2
"1094","2026-07-20 16:23:00",0.128,1.354,2
"1095","2026-07-20 16:24:00",0.139,1.37,2
"1096","2026-07-20 16:25:00",0.143,1.351,2
"1097","2026-07-20 16:26:00",0.147,1.317,2
"1098","2026-07-20 16:27:00",0.137,1.287,0
"1099","2026-07-20 16:28:00",0.143,1.252,0
"1100","2026-07-20 16:29:00",0.148,1.251,2
"1101","2026-07-20 16:30:00",0.151,1.228,0
"1102","2026-07-20 16:31:00",0.149,1.213,0
"1103","2026-07-20 16:32:00",0.134,1.196,2
"1104","2026-07-20 16:33:00",0.134,1.201,2
"1105","2026-07-20 16:34:00",0.124,1.221,0
"1106","2026-07-20 16:35:00",0.128,1.241,2
"1107","2026-07-20 16:36:00",0.123,1.269,2
"1108","2026-07-20 16:37:00",0.106,1.287,0
"1109","2026-07-20 16:38:00",0.089,1.302,0
"1110","2026-07-20 16:39:00",0.111,1.364,2
"1111","2026-07-20 16:40:00",0.124,1.383,2
"1112","2026-07-20 16:41:00",0.122,1.393,0
"1113","2026-07-20 16:42:00",0.135,1.413,2
"1114","2026-07-20 16:43:00",0.142,1.421,2
"1115","2026-07-20 16:44:00",0.159,1.462,0
"1116","2026-07-20 16:45:00",0.194,1.593,0
"1117","2026-07-20 16:46:00",0.234,1.762,2
"1118","2026-07-20 16:47:00",0.247,1.874,0
"1119","2026-07-20 16:48:00",0.248,1.996,0
"1120","2026-07-20 16:49:00",0.255,2.048,0
"1121","2026-07-20 16:50:00",0.266,2.085,2
"1122","2026-07-20 16:51:00",0.267,2.092,2
"1123","2026-07-20 16:52:00",0.268,2.106,0
"1124","2026-07-20 16:53:00",0.286,2.087,2
"1125","2026-07-20 16:54:00",0.265,1.943,0
"1126","2026-07-20 16:55:00",0.259,1.899,0
"1127","2026-07-20 16:56:00",0.312,2.043,0
"1128","2026-07-20 16:57:00",0.519,2.91,0
"1129","2026-07-20 16:58:00",0.565,3.285,0
"1130","2026-07-20 16:59:00",0.552,3.341,0
"1131","2026-07-20 17:00:00",0.565,3.461,2
"1132","2026-07-20 17:01:00",0.568,3.639,0
"1133","2026-07-20 17:02:00",0.557,3.789,2
"1134","2026-07-20 17:03:00",0.551,3.854,2
"1135","2026-07-20 17:04:00",0.528,3.768,2
"1136","2026-07-20 17:05:00",0.383,3.152,0
"1137","2026-07-20 17:06:00",0.213,2.283,0
"1138","2026-07-20 17:07:00",0.195,2.124,2
"1139","2026-07-20 17:08:00",0.173,2.014,0
"1140","2026-07-20 17:09:00",0.158,1.877,0
"1141","2026-07-20 17:10:00",0.15,1.679,2
"1142","2026-07-20 17:11:00",0.124,1.493,2
"1143","2026-07-20 17:12:00",0.115,1.408,0
"1144","2026-07-20 17:13:00",0.103,1.385,2
"1145","2026-07-20 17:14:00",0.116,1.44,2
"1146","2026-07-20 17:15:00",0.134,1.522,0
"1147","2026-07-20 17:16:00",0.142,1.568,0
"1148","2026-07-20 17:17:00",0.158,1.642,2
"1149","2026-07-20 17:18:00",0.146,1.643,2
"1150","2026-07-20 17:19:00",0.162,1.61,0
"1151","2026-07-20 17:20:00",0.162,1.588,2
"1152","2026-07-20 17:21:00",0.155,1.591,2
"1153","2026-07-20 17:22:00",0.148,1.576,0
"1154","2026-07-20 17:23:00",0.136,1.491,0
"1155","2026-07-20 17:24:00",0.117,1.437,2
"1156","2026-07-20 17:25:00",0.123,1.409,0
"1157","2026-07-20 17:26:00",0.152,1.59,0
"1158","2026-07-20 17:27:00",0.178,1.86,2
"1159","2026-07-20 17:28:00",0.209,2.217,2
"1160","2026-07-20 17:29:00",0.228,2.403,2
"1161","2026-07-20 17:30:00",0.227,2.502,0
"1162","2026-07-20 17:31:00",0.239,2.537,2
"1163","2026-07-20 17:32:00",0.245,2.544,0
"1164","2026-07-20 17:33:00",0.245,2.56,0
"1165","2026-07-20 17:34:00",0.198,2.405,2
"1166","2026-07-20 17:35:00",0.16,2.211,0
"1167","2026-07-20 17:36:00",0.119,2.038,0
"1168","2026-07-20 17:37:00",0.09,1.861,0
"1169","2026-07-20 17:38:00",0.071,1.734,2
"1170","2026-07-20 17:39:00",0.087,1.851,0
"1171","2026-07-20 17:40:00",0.113,2.1,2
"1172","2026-07-20 17:41:00",0.118,2.315,2
"1173","2026-07-20 17:42:00",0.132,2.491,0
"1174","2026-07-20 17:43:00",0.165,2.61,0
"1175","2026-07-20 17:44:00",0.166,2.56,0
"1176","2026-07-20 17:45:00",0.161,2.486,2
"1177","2026-07-20 17:46:00",0.177,2.465,0
"1178","2026-07-20 17:47:00",0.185,2.426,0
"1179","2026-07-20 17:48:00",0.143,2.162,2
"1180","2026-07-20 17:49:00",0.123,1.953,2
"1181","2026-07-20 17:50:00",0.105,1.847,0
"1182","2026-07-20 17:51:00",0.095,1.757,2
"1183","2026-07-20 17:52:00",0.091,1.725,2
"1184","2026-07-20 17:53:00",0.1,1.737,0
"1185","2026-07-20 17:54:00",0.11,1.812,0
"1186","2026-07-20 17:55:00",0.096,1.902,2
"1187","2026-07-20 17:56:00",0.101,1.987,2
"1188","2026-07-20 17:57:00",0.102,2.058,0
"1189","2026-07-20 17:58:00",0.096,2.012,2
"1190","2026-07-20 17:59:00",0.104,1.974,2
"1191","2026-07-20 18:00:00",0.086,1.97,0
"1192","2026-07-20 18:01:00",0.087,2.08,0
"1193","2026-07-20 18:02:00",0.095,2.139,2
"1194","2026-07-20 18:03:00",0.107,2.138,0
"1195","2026-07-20 18:04:00",0.103,2.109,0
"1196","2026-07-20 18:05:00",0.089,1.994,2
"1197","2026-07-20 18:06:00",0.089,1.872,2
"1198","2026-07-20 18:07:00",0.093,1.794,2
"1199","2026-07-20 18:08:00",0.105,1.636,2
"1200","2026-07-20 18:09:00",0.105,1.467,2
"1201","2026-07-20 18:10:00",0.094,1.307,0
"1202","2026-07-20 18:11:00",0.093,1.145,0
"1203","2026-07-20 18:12:00",0.099,1.094,2
"1204","2026-07-20 18:13:00",0.119,1.081,0
"1205","2026-07-20 18:14:00",0.124,1.128,0
"1206","2026-07-20 18:15:00",0.126,1.175,0
"1207","2026-07-20 18:16:00",0.128,1.224,2
"1208","2026-07-20 18:17:00",0.122,1.268,0
"1209","2026-07-20 18:18:00",0.12,1.298,2
"1210","2026-07-20 18:19:00",0.138,1.33,2
"1211","2026-07-20 18:20:00",0.128,1.376,0
"1212","2026-07-20 18:21:00",0.125,1.397,0
"1213","2026-07-20 18:22:00",0.133,1.571,0
"1214","2026-07-20 18:23:00",0.153,1.663,2
"1215","2026-07-20 18:24:00",0.165,1.819,0
"1216","2026-07-20 18:25:00",0.175,2.025,0
"1217","2026-07-20 18:26:00",0.188,2.274,2
"1218","2026-07-20 18:27:00",0.178,2.421,0
"1219","2026-07-20 18:28:00",0.15,2.535,0
"1220","2026-07-20 18:29:00",0.154,2.563,2
"1221","2026-07-20 18:30:00",0.14,2.493,0
"1222","2026-07-20 18:31:00",0.127,2.311,0
"1223","2026-07-20 18:32:00",0.11,2.203,0
"1224","2026-07-20 18:33:00",0.097,1.963,2
"1225","2026-07-20 18:34:00",0.097,1.676,2
"1226","2026-07-20 18:35:00",0.088,1.511,0
"1227","2026-07-20 18:36:00",0.092,1.343,2
"1228","2026-07-20 18:37:00",0.091,1.285,2
"1229","2026-07-20 18:38:00",0.098,1.285,0
"1230","2026-07-20 18:39:00",0.087,1.327,0
"1231","2026-07-20 18:40:00",0.083,1.415,2
"1232","2026-07-20 18:41:00",0.096,1.463,0
"1233","2026-07-20 18:42:00",0.094,1.465,0
"1234","2026-07-20 18:43:00",0.085,1.492,2
"1235","2026-07-20 18:44:00",0.088,1.512,2
"1236","2026-07-20 18:45:00",0.091,1.527,2
"1237","2026-07-20 18:46:00",0.082,1.519,2
"1238","2026-07-20 18:47:00",0.079,1.545,2
"1239","2026-07-20 18:48:00",0.09,1.594,0
"1240","2026-07-20 18:49:00",0.077,1.634,0
"1241","2026-07-20 18:50:00",0.062,1.715,2
"1242","2026-07-20 18:51:00",0.08,1.877,0
"1243","2026-07-20 18:52:00",0.074,1.983,0
"1244","2026-07-20 18:53:00",0.059,2.123,2
"1245","2026-07-20 18:54:00",0.07,2.292,2
"1246","2026-07-20 18:55:00",0.084,2.461,0
"1247","2026-07-20 18:56:00",0.092,2.496,2
"1248","2026-07-20 18:57:00",0.087,2.485,2
"1249","2026-07-20 18:58:00",0.103,2.4,0
"1250","2026-07-20 18:59:00",0.094,2.373,0
"1251","2026-07-20 19:00:00",0.098,2.284,0
"1252","2026-07-20 19:01:00",0.111,2.241,2
"1253","2026-07-20 19:02:00",0.116,2.166,0
"1254","2026-07-20 19:03:00",0.091,2.002,0
"1255","2026-07-20 19:04:00",0.085,1.887,2
"1256","2026-07-20 19:05:00",0.072,1.845,0
"1257","2026-07-20 19:06:00",0.075,1.848,0
"1258","2026-07-20 19:07:00",0.074,1.92,2
"1259","2026-07-20 19:08:00",0.069,1.936,0
"1260","2026-07-20 19:09:00",0.07,1.983,0
"1261","2026-07-20 19:10:00",0.072,1.966,0
"1262","2026-07-20 19:11:00",0.062,2.031,2
"1263","2026-07-20 19:12:00",0.068,2.037,2
"1264","2026-07-20 19:13:00",0.068,2.038,0
"1265","2026-07-20 19:14:00",0.075,1.991,2
"1266","2026-07-20 19:15:00",0.064,1.903,0
"1267","2026-07-20 19:16:00",0.06,1.8,0
"1268","2026-07-20 19:17:00",0.054,1.701,0
"1269","2026-07-20 19:18:00",0.046,1.603,0
"1270","2026-07-20 19:19:00",0.043,1.497,0
"1271","2026-07-20 19:20:00",0.048,1.46,0
"1272","2026-07-20 19:21:00",0.056,1.469,2
"1273","2026-07-20 19:22:00",0.047,1.473,0
"1274","2026-07-20 19:23:00",0.063,1.6,2
"1275","2026-07-20 19:24:00",0.067,1.716,2
"1276","2026-07-20 19:25:00",0.07,1.924,2
"1277","2026-07-20 19:26:00",0.081,2.104,0
"1278","2026-07-20 19:27:00",0.091,2.209,0
"1279","2026-07-20 19:28:00",0.097,2.326,2
"1280","2026-07-20 19:29:00",0.096,2.396,0
"1281","2026-07-20 19:30:00",0.091,2.474,0
"1282","2026-07-20 19:31:00",0.088,2.42,2
"1283","2026-07-20 19:32:00",0.088,2.232,2
"1284","2026-07-20 19:33:00",0.072,2.16,0
"1285","2026-07-20 19:34:00",0.065,2.046,2
"1286","2026-07-20 19:35:00",0.059,1.953,2
"1287","2026-07-20 19:36:00",0.07,1.927,0
"1288","2026-07-20 19:37:00",0.073,1.881,0
"1289","2026-07-20 19:38:00",0.06,1.809,2
"1290","2026-07-20 19:39:00",0.063,1.806,2
"1291","2026-07-20 19:40:00",0.053,1.877,0
"1292","2026-07-20 19:41:00",0.059,1.916,2
"1293","2026-07-20 19:42:00",0.059,1.925,2
"1294","2026-07-20 19:43:00",0.076,1.916,0
"1295","2026-07-20 19:44:00",0.082,1.896,0
"1296","2026-07-20 19:45:00",0.069,1.901,2
"1297","2026-07-20 19:46:00",0.074,1.921,0
"1298","2026-07-20 19:47:00",0.101,2.162,0
"1299","2026-07-20 19:48:00",0.102,2.276,2
"1300","2026-07-20 19:49:00",0.132,2.598,2
"1301","2026-07-20 19:50:00",0.13,2.882,2
"1302","2026-07-20 19:51:00",0.126,3.213,0
"1303","2026-07-20 19:52:00",0.091,3.516,2
"1304","2026-07-20 19:53:00",0.082,3.842,0
"1305","2026-07-20 19:54:00",0.071,4.1,0
"1306","2026-07-20 19:55:00",0.053,4.148,0
"1307","2026-07-20 19:56:00",0.05,4.159,0
"1308","2026-07-20 19:57:00",0.031,4.226,0
"1309","2026-07-20 19:58:00",0.005,4.266,0
"1310","2026-07-20 19:59:00",0.002,4.178,2
"1311","2026-07-20 20:00:00",0.007,4.2,0
"1312","2026-07-20 20:01:00",0.021,4.299,2
"1313","2026-07-20 20:02:00",0.023,4.475,2
"1314","2026-07-20 20:03:00",0.023,4.701,0
"1315","2026-07-20 20:04:00",0.029,4.877,0
"1316","2026-07-20 20:05:00",0.036,5.077,0
"1317","2026-07-20 20:06:00",0.043,5.166,2
"1318","2026-07-20 20:07:00",0.043,5.211,0
"1319","2026-07-20 20:08:00",0.049,5.295,0
"1320","2026-07-20 20:09:00",0.04,5.117,2
"1321","2026-07-20 20:10:00",0.034,4.945,0
"1322","2026-07-20 20:11:00",0.029,4.701,0
"1323","2026-07-20 20:12:00",0.023,4.426,2
"1324","2026-07-20 20:13:00",0.008,4.199,2
"1325","2026-07-20 20:14:00",0.001,4.087,0
"1326","2026-07-20 20:15:00",0.007,3.963,0
"1327","2026-07-20 20:16:00",0.002,3.82,2
"1328","2026-07-20 20:17:00",-0.001,3.708,2
"1329","2026-07-20 20:18:00",0.001,3.644,0
"1330","2026-07-20 20:19:00",0.02,3.55,2
"1331","2026-07-20 20:20:00",0.024,3.518,2
"1332","2026-07-20 20:21:00",0.027,3.472,0
"1333","2026-07-20 20:22:00",0.03,3.475,0
"1334","2026-07-20 20:23:00",0.03,3.506,2
"1335","2026-07-20 20:24:00",0.029,3.596,0
"1336","2026-07-20 20:25:00",0.04,3.639,0
"1337","2026-07-20 20:26:00",0.047,3.691,2
"1338","2026-07-20 20:27:00",0.029,3.807,2
"1339","2026-07-20 20:28:00",0.036,3.867,2
"1340","2026-07-20 20:29:00",0.024,3.914,2
"1341","2026-07-20 20:30:00",0.024,3.979,2
"1342","2026-07-20 20:31:00",0.028,3.977,0
"1343","2026-07-20 20:32:00",0.026,3.972,0
"1344","2026-07-20 20:33:00",0.034,3.92,2
"1345","2026-07-20 20:34:00",0.032,3.965,0
"1346","2026-07-20 20:35:00",0.025,3.995,0
"1347","2026-07-20 20:36:00",0.028,4.019,2
"1348","2026-07-20 20:37:00",0.014,4.077,2
"1349","2026-07-20 20:38:00",0.013,4.153,0
"1350","2026-07-20 20:39:00",0.013,4.167,2
"1351","2026-07-20 20:40:00",0.011,4.262,2
"1352","2026-07-20 20:41:00",0.006,4.339,0
"1353","2026-07-20 20:42:00",0.01,4.45,0
"1354","2026-07-20 20:43:00",0.011,4.6,0
"1355","2026-07-20 20:44:00",0.003,4.757,2
"1356","2026-07-20 20:45:00",0.004,4.876,0
"1357","2026-07-20 20:46:00",0.002,4.987,0
"1358","2026-07-20 20:47:00",-0.002,5.046,2
"1359","2026-07-20 20:48:00",-0.012,5.131,0
"1360","2026-07-20 20:49:00",-0.003,5.146,0
"1361","2026-07-20 20:50:00",-0.012,5.151,2
"1362","2026-07-20 20:51:00",-0.007,5.117,0
"1363","2026-07-20 20:52:00",0.011,5.062,0
"1364","2026-07-20 20:53:00",0.054,5.101,0
"1365","2026-07-20 20:54:00",0.121,5.413,2
"1366","2026-07-20 20:55:00",0.141,5.578,2
"1367","2026-07-20 20:56:00",0.163,5.817,0
"1368","2026-07-20 20:57:00",0.164,5.993,2
"1369","2026-07-20 20:58:00",0.178,6.154,2
"1370","2026-07-20 20:59:00",0.159,6.293,0
"1371","2026-07-20 21:00:00",0.166,6.437,0
"1372","2026-07-20 21:01:00",0.13,6.586,2
"1373","2026-07-20 21:02:00",0.113,6.613,0
"1374","2026-07-20 21:03:00",0.071,6.412,0
"1375","2026-07-20 21:04:00",0.053,6.342,2
"1376","2026-07-20 21:05:00",0.051,6.177,2
"1377","2026-07-20 21:06:00",0.045,6.043,2
"1378","2026-07-20 21:07:00",0.045,5.864,2
"1379","2026-07-20 21:08:00",0.042,5.705,2
"1380","2026-07-20 21:09:00",0.031,5.526,0
"1381","2026-07-20 21:10:00",0.012,5.202,0
"1382","2026-07-20 21:11:00",0.01,5.003,2
"1383","2026-07-20 21:12:00",0,4.841,0
"1384","2026-07-20 21:13:00",-0.002,4.522,0
"1385","2026-07-20 21:14:00",-0.005,4.181,2
"1386","2026-07-20 21:15:00",-0.012,3.865,2
"1387","2026-07-20 21:16:00",-0.012,3.568,0
"1388","2026-07-20 21:17:00",-0.024,3.252,2
"1389","2026-07-20 21:18:00",-0.03,2.931,2
"1390","2026-07-20 21:19:00",-0.032,2.66,0
"1391","2026-07-20 21:20:00",-0.035,2.324,0
"1392","2026-07-20 21:21:00",-0.044,1.997,2
"1393","2026-07-20 21:22:00",-0.054,1.833,2
"1394","2026-07-20 21:23:00",-0.053,1.779,0
"1395","2026-07-20 21:24:00",-0.061,1.786,0
"1396","2026-07-20 21:25:00",-0.056,1.76,2
"1397","2026-07-20 21:26:00",-0.053,1.762,0
"1398","2026-07-20 21:27:00",-0.063,1.763,0
"1399","2026-07-20 21:28:00",-0.073,1.739,2
"1400","2026-07-20 21:29:00",-0.076,1.744,0
"1401","2026-07-20 21:30:00",-0.079,1.746,0
"1402","2026-07-20 21:31:00",-0.073,1.752,0
"1403","2026-07-20 21:32:00",-0.086,1.77,2
"1404","2026-07-20 21:33:00",-0.076,1.777,2
"1405","2026-07-20 21:34:00",-0.084,1.817,0
"1406","2026-07-20 21:35:00",-0.076,1.857,2
"1407","2026-07-20 21:36:00",-0.073,1.947,0
"1408","2026-07-20 21:37:00",-0.051,2.043,0
"1409","2026-07-20 21:38:00",-0.038,2.131,0
"1410","2026-07-20 21:39:00",-0.038,2.25,0
"1411","2026-07-20 21:40:00",-0.038,2.293,0
"1412","2026-07-20 21:41:00",-0.027,2.316,0
"1413","2026-07-20 21:42:00",-0.031,2.369,2
"1414","2026-07-20 21:43:00",-0.013,2.498,0
"1415","2026-07-20 21:44:00",0.002,2.569,2
"1416","2026-07-20 21:45:00",0.005,2.609,2
"1417","2026-07-20 21:46:00",0.012,2.633,2
"1418","2026-07-20 21:47:00",0.01,2.652,0
"1419","2026-07-20 21:48:00",0.005,2.713,0
"1420","2026-07-20 21:49:00",0.016,2.729,2
"1421","2026-07-20 21:50:00",0.024,2.739,0
"1422","2026-07-20 21:51:00",0.022,2.684,0
"1423","2026-07-20 21:52:00",0.024,2.518,2
"1424","2026-07-20 21:53:00",0.014,2.375,2
"1425","2026-07-20 21:54:00",0.014,2.276,0
"1426","2026-07-20 21:55:00",0.017,2.186,2
"1427","2026-07-20 21:56:00",0.024,2.068,2
"1428","2026-07-20 21:57:00",0.042,1.983,0
"1429","2026-07-20 21:58:00",0.044,1.875,0
"1430","2026-07-20 21:59:00",0.031,1.778,2
