"","date (UTC)","NO (ppb)","NOy (ppb)","Flag"
"1","2026-10-08 15:00:00",1.166,4.189,2
"2","2026-10-08 15:01:00",1.166,4.189,2
"3","2026-10-08 15:02:00",1.118,4.151,1
"4","2026-10-08 15:03:00",1.066,4.043,2
"5","2026-10-08 15:04:00",1.04,NA,1
"6","2026-10-08 15:05:00",1.01,NA,1
"7","2026-10-08 15:06:00",0.996,3.933,2
"8","2026-10-08 15:07:00",0.95,3.784,1
"9","2026-10-08 15:08:00",0.924,3.658,1
"10","2026-10-08 15:09:00",0.934,3.766,1
"11","2026-10-08 15:10:00",0.867,3.802,2
"12","2026-10-08 15:11:00",0.867,3.802,1
"13","2026-10-08 15:12:00",0.922,4.253,2
"14","2026-10-08 15:13:00",0.905,4.368,2
"15","2026-10-08 15:14:00",0.884,NA,1
"16","2026-10-08 15:15:00",0.884,4.382,1
"17","2026-10-08 15:16:00",0.882,4.654,1
"18","2026-10-08 15:17:00",0.9,4.75,2
"19","2026-10-08 15:18:00",0.941,4.817,1
"20","2026-10-08 15:19:00",0.941,4.817,1
"21","2026-10-08 15:20:00",0.991,4.874,2
"22","2026-10-08 15:21:00",0.969,4.893,1
"23","2026-10-08 15:22:00",0.929,4.861,1
"24","2026-10-08 15:23:00",0.877,4.818,2
"25","2026-10-08 15:24:00",0.891,4.891,2
"26","2026-10-08 15:25:00",0.849,4.837,1
"27","2026-10-08 15:26:00",0.86,5.034,1
"28","2026-10-08 15:27:00",0.828,5.29,2
"29","2026-10-08 15:28:00",0.772,5.284,2
"30","2026-10-08 15:29:00",0.692,5.11,1
"31","2026-10-08 15:30:00",0.679,4.997,2
"32","2026-10-08 15:31:00",0.666,4.909,2
"33","2026-10-08 15:32:00",0.677,4.91,1
"34","2026-10-08 15:33:00",0.696,4.91,1
"35","2026-10-08 15:34:00",0.676,4.698,2
"36","2026-10-08 15:35:00",0.639,4.476,1
"37","2026-10-08 15:36:00",0.621,4.313,1
"38","2026-10-08 15:37:00",0.625,4.252,2
"39","2026-10-08 15:38:00",0.615,4.207,2
"40","2026-10-08 15:39:00",0.624,4.323,2
"41","2026-10-08 15:40:00",0.639,4.451,2
"42","2026-10-08 15:41:00",0.62,4.516,2
"43","2026-10-08 15:42:00",0.645,4.584,1
"44","2026-10-08 15:43:00",0.65,4.658,1
"45","2026-10-08 15:44:00",0.653,4.705,2
"46","2026-10-08 15:45:00",0.663,4.802,1
"47","2026-10-08 15:46:00",0.711,4.961,1
"48","2026-10-08 15:47:00",0.717,5.01,1
"49","2026-10-08 15:48:00",0.719,4.891,2
"50","2026-10-08 15:49:00",0.708,4.848,1
"51","2026-10-08 15:50:00",0.697,4.743,2
"52","2026-10-08 15:51:00",0.692,4.716,2
"53","2026-10-08 15:52:00",0.684,4.83,1
"54","2026-10-08 15:53:00",0.743,5.203,1
"55","2026-10-08 15:54:00",0.831,5.461,1
"56","2026-10-08 15:55:00",0.909,5.831,2
"57","2026-10-08 15:56:00",1.033,6.386,1
"58","2026-10-08 15:57:00",1.072,6.7,1
"59","2026-10-08 15:58:00",1.131,7.154,2
"60","2026-10-08 15:59:00",1.172,7.349,1
"61","2026-10-08 16:00:00",1.219,7.615,1
"62","2026-10-08 16:01:00",1.183,7.38,2
"63","2026-10-08 16:02:00",1.17,7.341,1
"64","2026-10-08 16:03:00",1.06,7.116,1
"65","2026-10-08 16:04:00",0.961,6.88,1
"66","2026-10-08 16:05:00",0.869,6.526,2
"67","2026-10-08 16:06:00",0.808,6.217,2
"68","2026-10-08 16:07:00",0.741,5.818,1
"69","2026-10-08 16:08:00",0.72,5.558,2
"70","2026-10-08 16:09:00",0.684,5.269,2
"71","2026-10-08 16:10:00",0.654,4.98,1
"72","2026-10-08 16:11:00",0.63,4.511,1
"73","2026-10-08 16:12:00",0.632,4.332,2
"74","2026-10-08 16:13:00",0.608,4.059,1
"75","2026-10-08 16:14:00",0.609,4.069,1
"76","2026-10-08 16:15:00",0.643,4.104,2
"77","2026-10-08 16:16:00",0.689,4.645,2
"78","2026-10-08 16:17:00",0.659,4.701,2
"79","2026-10-08 16:18:00",0.653,4.677,2
"80","2026-10-08 16:19:00",0.612,4.617,2
"81","2026-10-08 16:20:00",0.58,4.665,1
"82","2026-10-08 16:21:00",0.546,4.517,1
"83","2026-10-08 16:22:00",0.569,4.506,2
"84","2026-10-08 16:23:00",0.552,4.491,1
"85","2026-10-08 16:24:00",0.487,4.198,1
"86","2026-10-08 16:25:00",0.482,4.164,2
"87","2026-10-08 16:26:00",0.524,4.571,2
"88","2026-10-08 16:27:00",0.57,4.999,1
"89","2026-10-08 16:28:00",0.552,5.076,2
"90","2026-10-08 16:29:00",0.555,5.13,2
"91","2026-10-08 16:30:00",0.54,5.138,1
"92","2026-10-08 16:31:00",0.454,4.822,1
"93","2026-10-08 16:32:00",0.416,4.634,2
"94","2026-10-08 16:33:00",0.383,4.329,2
"95","2026-10-08 16:34:00",0.346,3.983,1
"96","2026-10-08 16:35:00",0.281,3.45,1
"97","2026-10-08 16:36:00",0.258,3.148,2
"98","2026-10-08 16:37:00",0.265,3.045,1
"99","2026-10-08 16:38:00",0.287,2.997,1
"100","2026-10-08 16:39:00",0.299,2.942,2
"101","2026-10-08 16:40:00",0.288,2.879,1
"102","2026-10-08 16:41:00",0.304,2.879,1
"103","2026-10-08 16:42:00",0.298,2.871,1
"104","2026-10-08 16:43:00",0.28,2.775,2
"105","2026-10-08 16:44:00",0.295,2.685,2
"106","2026-10-08 16:45:00",0.281,2.684,1
"107","2026-10-08 16:46:00",0.266,2.717,2
"108","2026-10-08 16:47:00",0.278,2.774,1
"109","2026-10-08 16:48:00",0.299,2.961,1
"110","2026-10-08 16:49:00",0.293,3.105,1
"111","2026-10-08 16:50:00",0.297,3.286,1
"112","2026-10-08 16:51:00",0.365,3.523,1
"113","2026-10-08 16:52:00",0.414,4.058,1
"114","2026-10-08 16:53:00",0.423,4.325,2
"115","2026-10-08 16:54:00",0.422,4.347,1
"116","2026-10-08 16:55:00",0.381,4.287,2
"117","2026-10-08 16:56:00",0.365,4.205,2
"118","2026-10-08 16:57:00",0.366,4.107,2
"119","2026-10-08 16:58:00",0.387,4.048,1
"120","2026-10-08 16:59:00",0.391,4.052,1
"121","2026-10-08 17:00:00",0.333,3.821,2
"122","2026-10-08 17:01:00",0.313,3.607,1
"123","2026-10-08 17:02:00",0.304,3.8,1
"124","2026-10-08 17:03:00",0.374,4.221,2
"125","2026-10-08 17:04:00",0.378,4.503,2
"126","2026-10-08 17:05:00",0.395,4.944,1
"127","2026-10-08 17:06:00",0.37,5.254,2
"128","2026-10-08 17:07:00",0.383,5.453,2
"129","2026-10-08 17:08:00",0.369,5.561,1
"130","2026-10-08 17:09:00",0.368,5.652,1
"131","2026-10-08 17:10:00",0.372,5.695,2
"132","2026-10-08 17:11:00",0.335,5.605,2
"133","2026-10-08 17:12:00",0.319,5.376,1
"134","2026-10-08 17:13:00",0.411,5.511,2
"135","2026-10-08 17:14:00",0.428,5.415,2
"136","2026-10-08 17:15:00",16.614,24.227,1
"137","2026-10-08 17:16:00",20.706,38.486,1
"138","2026-10-08 17:17:00",7.916,18.991,2
"139","2026-10-08 17:18:00",6.348,20.984,1
"140","2026-10-08 17:19:00",1.678,11.324,1
"141","2026-10-08 17:20:00",1.37,10.033,1
"142","2026-10-08 17:21:00",1.287,9.321,2
"143","2026-10-08 17:22:00",1.215,9.25,2
"144","2026-10-08 17:23:00",1.126,9.073,1
"145","2026-10-08 17:24:00",1.025,8.612,2
"146","2026-10-08 17:25:00",0.936,8.263,1
"147","2026-10-08 17:26:00",0.809,7.717,1
"148","2026-10-08 17:27:00",0.676,7.064,1
"149","2026-10-08 17:28:00",0.579,6.598,1
"150","2026-10-08 17:29:00",0.436,5.941,1
"151","2026-10-08 17:30:00",0.402,5.5,1
"152","2026-10-08 17:31:00",0.385,4.979,2
"153","2026-10-08 17:32:00",0.363,4.682,1
"154","2026-10-08 17:33:00",0.346,4.517,2
"155","2026-10-08 17:34:00",0.332,4.339,2
"156","2026-10-08 17:35:00",0.318,4.249,1
"157","2026-10-08 17:36:00",0.279,4.182,1
"158","2026-10-08 17:37:00",0.277,4.163,1
"159","2026-10-08 17:38:00",0.285,4.148,2
"160","2026-10-08 17:39:00",0.224,4.025,1
"161","2026-10-08 17:40:00",0.205,4.039,1
"162","2026-10-08 17:41:00",0.199,4.102,2
"163","2026-10-08 17:42:00",0.243,4.207,1
"164","2026-10-08 17:43:00",0.279,4.513,1
"165","2026-10-08 17:44:00",0.368,4.829,2
"166","2026-10-08 17:45:00",0.513,5.347,2
"167","2026-10-08 17:46:00",0.55,5.622,1
"168","2026-10-08 17:47:00",0.561,5.946,1
"169","2026-10-08 17:48:00",0.633,6.403,2
"170","2026-10-08 17:49:00",0.794,6.935,2
"171","2026-10-08 17:50:00",0.97,7.641,1
"172","2026-10-08 17:51:00",1.062,8.032,2
"173","2026-10-08 17:52:00",1.131,8.196,2
"174","2026-10-08 17:53:00",1.15,8.212,1
"175","2026-10-08 17:54:00",1.12,8.207,1
"176","2026-10-08 17:55:00",1.128,8.289,2
"177","2026-10-08 17:56:00",1.098,8.082,1
"178","2026-10-08 17:57:00",1.066,7.849,1
"179","2026-10-08 17:58:00",0.921,7.362,2
"180","2026-10-08 17:59:00",0.78,6.903,2
"181","2026-10-08 18:00:00",0.645,6.593,2
"182","2026-10-08 18:01:00",0.555,6.37,1
"183","2026-10-08 18:02:00",0.473,6.067,2
"184","2026-10-08 18:03:00",0.382,5.617,1
"185","2026-10-08 18:04:00",0.35,5.381,1
"186","2026-10-08 18:05:00",0.294,5.132,2
"187","2026-10-08 18:06:00",0.28,5.024,1
"188","2026-10-08 18:07:00",0.261,4.956,1
"189","2026-10-08 18:08:00",0.214,4.618,1
"190","2026-10-08 18:09:00",0.218,4.486,2
"191","2026-10-08 18:10:00",0.218,4.436,1
"192","2026-10-08 18:11:00",0.22,4.454,2
"193","2026-10-08 18:12:00",0.211,4.433,2
"194","2026-10-08 18:13:00",0.202,4.426,1
"195","2026-10-08 18:14:00",0.18,4.314,1
"196","2026-10-08 18:15:00",0.164,4.24,1
"197","2026-10-08 18:16:00",0.156,4.317,2
"198","2026-10-08 18:17:00",0.174,4.476,1
"199","2026-10-08 18:18:00",0.188,4.655,1
"200","2026-10-08 18:19:00",0.196,4.695,2
"201","2026-10-08 18:20:00",0.218,4.722,1
"202","2026-10-08 18:21:00",0.293,4.925,1
"203","2026-10-08 18:22:00",0.338,5.183,2
"204","2026-10-08 18:23:00",0.354,5.258,2
"205","2026-10-08 18:24:00",0.364,5.334,1
"206","2026-10-08 18:25:00",0.368,5.41,1
"207","2026-10-08 18:26:00",0.36,5.394,2
"208","2026-10-08 18:27:00",0.341,5.377,2
"209","2026-10-08 18:28:00",0.337,5.4,1
"210","2026-10-08 18:29:00",0.309,5.245,2
"211","2026-10-08 18:30:00",0.23,5.31,2
"212","2026-10-08 18:31:00",0.189,5.271,1
"213","2026-10-08 18:32:00",0.175,5.147,1
"214","2026-10-08 18:33:00",0.17,5.013,2
"215","2026-10-08 18:34:00",0.181,4.947,1
"216","2026-10-08 18:35:00",0.231,4.975,1
"217","2026-10-08 18:36:00",0.232,5,2
"218","2026-10-08 18:37:00",0.244,4.947,2
"219","2026-10-08 18:38:00",0.296,4.918,2
"220","2026-10-08 18:39:00",0.33,4.851,2
"221","2026-10-08 18:40:00",0.345,5.023,2
"222","2026-10-08 18:41:00",0.339,4.98,1
"223","2026-10-08 18:42:00",0.383,5.142,1
"224","2026-10-08 18:43:00",0.342,5.132,2
"225","2026-10-08 18:44:00",0.394,5.189,1
"226","2026-10-08 18:45:00",0.392,5.032,1
"227","2026-10-08 18:46:00",0.396,4.86,2
"228","2026-10-08 18:47:00",0.358,4.484,2
"229","2026-10-08 18:48:00",0.405,3.889,1
"230","2026-10-08 18:49:00",0.422,3.648,2
"231","2026-10-08 18:50:00",0.414,3.314,2
"232","2026-10-08 18:51:00",0.554,3.322,1
"233","2026-10-08 18:52:00",0.609,3.296,1
"234","2026-10-08 18:53:00",0.58,2.916,1
"235","2026-10-08 18:54:00",0.63,3.242,2
"236","2026-10-08 18:55:00",0.644,3.517,1
"237","2026-10-08 18:56:00",0.655,3.902,1
"238","2026-10-08 18:57:00",0.626,4.179,2
"239","2026-10-08 18:58:00",0.654,4.414,1
"240","2026-10-08 18:59:00",0.539,4.393,1
"241","2026-10-08 19:00:00",0.433,4.15,2
"242","2026-10-08 19:01:00",0.391,4.064,1
"243","2026-10-08 19:02:00",0.351,3.799,1
"244","2026-10-08 19:03:00",0.295,3.389,1
"245","2026-10-08 19:04:00",0.278,3.121,2
"246","2026-10-08 19:05:00",0.241,2.605,2
"247","2026-10-08 19:06:00",0.199,2.255,1
"248","2026-10-08 19:07:00",0.189,2.08,2
"249","2026-10-08 19:08:00",0.229,1.973,1
"250","2026-10-08 19:09:00",0.288,1.921,1
"251","2026-10-08 19:10:00",0.407,1.79,1
"252","2026-10-08 19:11:00",0.428,1.779,2
"253","2026-10-08 19:12:00",0.419,1.715,1
"254","2026-10-08 19:13:00",0.414,1.701,1
"255","2026-10-08 19:14:00",0.407,1.734,2
"256","2026-10-08 19:15:00",0.412,1.742,2
"257","2026-10-08 19:16:00",0.381,1.717,2
"258","2026-10-08 19:17:00",0.33,1.677,2
"259","2026-10-08 19:18:00",0.266,1.695,2
"260","2026-10-08 19:19:00",0.162,1.769,1
"261","2026-10-08 19:20:00",0.169,1.859,1
"262","2026-10-08 19:21:00",0.16,1.905,2
"263","2026-10-08 19:22:00",0.194,1.996,1
"264","2026-10-08 19:23:00",0.239,2.235,1
"265","2026-10-08 19:24:00",0.256,2.374,2
"266","2026-10-08 19:25:00",0.266,2.423,2
"267","2026-10-08 19:26:00",0.319,2.523,1
"268","2026-10-08 19:27:00",0.337,2.562,2
"269","2026-10-08 19:28:00",0.338,2.616,2
"270","2026-10-08 19:29:00",0.343,2.731,1
"271","2026-10-08 19:30:00",0.352,2.956,1
"272","2026-10-08 19:31:00",0.308,3.023,2
"273","2026-10-08 19:32:00",0.272,3.106,2
"274","2026-10-08 19:33:00",0.244,3.2,1
"275","2026-10-08 19:34:00",0.208,3.273,2
"276","2026-10-08 19:35:00",0.204,3.407,2
"277","2026-10-08 19:36:00",0.206,3.479,1
"278","2026-10-08 19:37:00",0.206,3.516,1
"279","2026-10-08 19:38:00",0.213,3.455,2
"280","2026-10-08 19:39:00",0.221,3.358,1
"281","2026-10-08 19:40:00",0.238,3.242,1
"282","2026-10-08 19:41:00",0.236,3.155,1
"283","2026-10-08 19:42:00",0.264,3.145,2
"284","2026-10-08 19:43:00",0.278,3.082,2
"285","2026-10-08 19:44:00",0.308,3.141,1
"286","2026-10-08 19:45:00",0.346,3.28,2
"287","2026-10-08 19:46:00",0.388,3.623,1
"288","2026-10-08 19:47:00",0.433,3.86,1
"289","2026-10-08 19:48:00",0.433,4.009,1
"290","2026-10-08 19:49:00",0.425,4.149,1
"291","2026-10-08 19:50:00",0.395,4.204,1
"292","2026-10-08 19:51:00",0.391,4.236,1
"293","2026-10-08 19:52:00",0.374,4.229,2
"294","2026-10-08 19:53:00",0.33,4.096,1
"295","2026-10-08 19:54:00",0.247,3.808,2
"296","2026-10-08 19:55:00",0.19,3.521,2
"297","2026-10-08 19:56:00",0.148,3.396,1
"298","2026-10-08 19:57:00",0.123,3.289,1
"299","2026-10-08 19:58:00",0.114,3.137,1
"300","2026-10-08 19:59:00",0.113,3.139,2
"301","2026-10-08 20:00:00",0.125,3.14,1
"302","2026-10-08 20:01:00",0.213,3.248,1
"303","2026-10-08 20:02:00",0.5,3.888,2
"304","2026-10-08 20:03:00",0.615,4.112,2
"305","2026-10-08 20:04:00",0.718,4.348,1
"306","2026-10-08 20:05:00",0.75,4.428,2
"307","2026-10-08 20:06:00",0.761,4.425,2
"308","2026-10-08 20:07:00",0.774,4.372,1
"309","2026-10-08 20:08:00",0.778,4.184,1
"310","2026-10-08 20:09:00",0.789,4.107,2
"311","2026-10-08 20:10:00",0.639,3.779,2
"312","2026-10-08 20:11:00",0.397,3.252,1
"313","2026-10-08 20:12:00",0.282,3.025,2
"314","2026-10-08 20:13:00",0.256,2.917,2
"315","2026-10-08 20:14:00",0.243,2.877,1
"316","2026-10-08 20:15:00",0.259,2.938,1
"317","2026-10-08 20:16:00",0.26,3.005,2
"318","2026-10-08 20:17:00",0.253,3.094,1
"319","2026-10-08 20:18:00",0.259,3.111,1
"320","2026-10-08 20:19:00",0.308,3.188,2
"321","2026-10-08 20:20:00",0.399,3.26,2
"322","2026-10-08 20:21:00",0.58,3.551,2
"323","2026-10-08 20:22:00",0.739,3.676,1
"324","2026-10-08 20:23:00",0.818,3.787,2
"325","2026-10-08 20:24:00",0.895,3.836,1
"326","2026-10-08 20:25:00",0.903,3.816,1
"327","2026-10-08 20:26:00",0.92,3.796,2
"328","2026-10-08 20:27:00",0.863,3.654,1
"329","2026-10-08 20:28:00",0.814,3.42,1
"330","2026-10-08 20:29:00",0.661,3.028,1
"331","2026-10-08 20:30:00",0.519,2.702,2
"332","2026-10-08 20:31:00",0.377,2.409,1
"333","2026-10-08 20:32:00",0.236,2.092,2
"334","2026-10-08 20:33:00",0.218,2.027,2
"335","2026-10-08 20:34:00",0.178,1.857,1
"336","2026-10-08 20:35:00",0.211,1.807,1
"337","2026-10-08 20:36:00",0.344,1.981,1
"338","2026-10-08 20:37:00",0.491,2.261,2
"339","2026-10-08 20:38:00",0.62,2.482,1
"340","2026-10-08 20:39:00",0.682,2.7,1
"341","2026-10-08 20:40:00",0.726,2.715,2
"342","2026-10-08 20:41:00",0.724,2.657,1
"343","2026-10-08 20:42:00",0.722,2.565,1
"344","2026-10-08 20:43:00",0.721,2.548,2
"345","2026-10-08 20:44:00",0.651,2.463,2
"346","2026-10-08 20:45:00",0.484,2.265,1
"347","2026-10-08 20:46:00",0.333,1.949,1
"348","2026-10-08 20:47:00",0.227,1.744,2
"349","2026-10-08 20:48:00",0.19,1.629,2
"350","2026-10-08 20:49:00",0.18,1.662,1
"351","2026-10-08 20:50:00",0.197,1.745,2
"352","2026-10-08 20:51:00",0.206,1.869,2
"353","2026-10-08 20:52:00",0.212,1.905,1
"354","2026-10-08 20:53:00",0.287,2.023,1
"355","2026-10-08 20:54:00",0.357,2.139,2
"356","2026-10-08 20:55:00",0.423,2.229,1
"357","2026-10-08 20:56:00",0.471,2.267,1
"358","2026-10-08 20:57:00",0.541,2.362,2
"359","2026-10-08 20:58:00",0.582,2.381,2
"360","2026-10-08 20:59:00",0.595,2.226,2
"361","2026-10-08 21:00:00",0.691,2.268,1
"362","2026-10-08 21:01:00",0.754,2.282,2
"363","2026-10-08 21:02:00",0.662,1.993,1
"364","2026-10-08 21:03:00",0.568,1.818,1
"365","2026-10-08 21:04:00",0.503,1.698,2
"366","2026-10-08 21:05:00",0.423,1.607,1
"367","2026-10-08 21:06:00",0.374,1.48,1
"368","2026-10-08 21:07:00",0.32,1.378,2
"369","2026-10-08 21:08:00",0.288,1.368,2
"370","2026-10-08 21:09:00",0.156,1.236,1
"371","2026-10-08 21:10:00",0.176,1.282,2
"372","2026-10-08 21:11:00",0.225,1.409,2
"373","2026-10-08 21:12:00",0.28,1.504,1
"374","2026-10-08 21:13:00",0.415,1.745,1
"375","2026-10-08 21:14:00",0.507,1.939,2
"376","2026-10-08 21:15:00",0.56,2.145,2
"377","2026-10-08 21:16:00",0.587,2.233,1
"378","2026-10-08 21:17:00",0.579,2.218,1
"379","2026-10-08 21:18:00",0.581,2.195,2
"380","2026-10-08 21:19:00",0.529,2.115,1
"381","2026-10-08 21:20:00",0.509,2.054,1
"382","2026-10-08 21:21:00",0.431,1.918,2
"383","2026-10-08 21:22:00",0.31,1.66,1
"384","2026-10-08 21:23:00",0.233,1.45,1
"385","2026-10-08 21:24:00",0.216,1.299,1
"386","2026-10-08 21:25:00",0.309,1.421,2
"387","2026-10-08 21:26:00",0.374,1.597,2
"388","2026-10-08 21:27:00",0.428,1.85,1
"389","2026-10-08 21:28:00",0.47,1.93,2
"390","2026-10-08 21:29:00",0.539,2.041,1
"391","2026-10-08 21:30:00",0.663,2.25,1
"392","2026-10-08 21:31:00",0.803,2.558,1
"393","2026-10-08 21:32:00",0.869,2.73,2
"394","2026-10-08 21:33:00",0.807,2.636,1
"395","2026-10-08 21:34:00",0.775,2.565,1
"396","2026-10-08 21:35:00",0.698,2.4,2
"397","2026-10-08 21:36:00",0.644,2.162,1
"398","2026-10-08 21:37:00",0.556,1.952,2
"399","2026-10-08 21:38:00",0.472,1.811,2
"400","2026-10-08 21:39:00",0.323,1.539,2
"401","2026-10-08 21:40:00",0.221,1.371,1
"402","2026-10-08 21:41:00",0.204,1.42,1
"403","2026-10-08 21:42:00",0.303,1.67,2
"404","2026-10-08 21:43:00",0.419,1.947,1
"405","2026-10-08 21:44:00",0.453,2.071,1
"406","2026-10-08 21:45:00",0.456,2.117,2
"407","2026-10-08 21:46:00",0.492,2.22,2
"408","2026-10-08 21:47:00",0.565,2.399,1
"409","2026-10-08 21:48:00",0.639,2.522,2
"410","2026-10-08 21:49:00",0.653,2.532,2
"411","2026-10-08 21:50:00",0.596,2.429,1
"412","2026-10-08 21:51:00",0.516,2.326,1
"413","2026-10-08 21:52:00",0.454,2.212,2
"414","2026-10-08 21:53:00",0.438,2.266,2
"415","2026-10-08 21:54:00",0.411,2.308,1
"416","2026-10-08 21:55:00",0.376,2.267,2
"417","2026-10-08 21:56:00",0.323,2.201,2
"418","2026-10-08 21:57:00",0.263,2.1,1
"419","2026-10-08 21:58:00",0.302,2.165,1
"420","2026-10-08 21:59:00",0.36,2.184,2
"421","2026-10-08 22:00:00",0.426,2.196,1
"422","2026-10-08 22:01:00",0.43,2.152,1
"423","2026-10-08 22:02:00",0.446,2.088,1
"424","2026-10-08 22:03:00",0.463,2.154,2
"425","2026-10-08 22:04:00",0.473,2.175,2
"426","2026-10-08 22:05:00",0.507,2.204,1
"427","2026-10-08 22:06:00",0.514,2.247,2
"428","2026-10-08 22:07:00",0.539,2.296,1
"429","2026-10-08 22:08:00",0.474,2.355,1
"430","2026-10-08 22:09:00",0.449,2.398,1
"431","2026-10-08 22:10:00",0.427,2.501,1
"432","2026-10-08 22:11:00",0.418,2.489,1
"433","2026-10-08 22:12:00",0.412,2.479,1
"434","2026-10-08 22:13:00",0.38,2.471,2
"435","2026-10-08 22:14:00",0.387,2.542,1
"436","2026-10-08 22:15:00",0.39,2.594,2
"437","2026-10-08 22:16:00",0.338,2.549,2
"438","2026-10-08 22:17:00",0.345,2.459,1
"439","2026-10-08 22:18:00",0.338,2.372,1
"440","2026-10-08 22:19:00",0.331,2.26,1
"441","2026-10-08 22:20:00",0.314,2.214,2
"442","2026-10-08 22:21:00",0.336,2.184,1
"443","2026-10-08 22:22:00",0.443,2.254,1
"444","2026-10-08 22:23:00",0.464,2.308,2
"445","2026-10-08 22:24:00",0.486,2.33,2
"446","2026-10-08 22:25:00",0.496,2.409,1
"447","2026-10-08 22:26:00",0.498,2.431,2
"448","2026-10-08 22:27:00",0.512,2.454,2
"449","2026-10-08 22:28:00",0.517,2.474,1
"450","2026-10-08 22:29:00",0.514,2.509,1
"451","2026-10-08 22:30:00",0.489,2.517,2
"452","2026-10-08 22:31:00",0.378,2.335,2
"453","2026-10-08 22:32:00",0.31,2.207,1
"454","2026-10-08 22:33:00",0.305,2.173,2
"455","2026-10-08 22:34:00",0.261,2.098,2
"456","2026-10-08 22:35:00",0.275,2.101,1
"457","2026-10-08 22:36:00",0.347,2.164,1
"458","2026-10-08 22:37:00",0.379,2.205,2
"459","2026-10-08 22:38:00",0.391,2.203,1
"460","2026-10-08 22:39:00",0.444,2.316,1
"461","2026-10-08 22:40:00",0.471,2.405,2
"462","2026-10-08 22:41:00",0.528,2.448,2
"463","2026-10-08 22:42:00",0.529,2.349,2
"464","2026-10-08 22:43:00",0.543,2.322,1
"465","2026-10-08 22:44:00",0.527,2.282,2
"466","2026-10-08 22:45:00",0.465,2.168,1
"467","2026-10-08 22:46:00",0.439,2.011,1
"468","2026-10-08 22:47:00",0.417,1.799,2
"469","2026-10-08 22:48:00",0.326,1.48,1
"470","2026-10-08 22:49:00",0.275,1.278,1
"471","2026-10-08 22:50:00",0.212,1.105,1
"472","2026-10-08 22:51:00",0.203,1.046,2
"473","2026-10-08 22:52:00",0.161,0.925,1
"474","2026-10-08 22:53:00",0.151,0.888,2
"475","2026-10-08 22:54:00",0.16,0.904,2
"476","2026-10-08 22:55:00",0.207,0.99,1
"477","2026-10-08 22:56:00",0.239,1.05,1
"478","2026-10-08 22:57:00",0.355,1.228,1
"479","2026-10-08 22:58:00",0.4,1.283,2
"480","2026-10-08 22:59:00",0.42,1.292,1
"481","2026-10-08 23:00:00",0.417,1.29,1
"482","2026-10-08 23:01:00",0.452,1.348,2
"483","2026-10-08 23:02:00",0.463,1.412,1
"484","2026-10-08 23:03:00",0.429,1.405,1
"485","2026-10-08 23:04:00",0.387,1.368,2
"486","2026-10-08 23:05:00",0.308,1.264,2
"487","2026-10-08 23:06:00",0.24,1.19,1
"488","2026-10-08 23:07:00",0.223,1.266,1
"489","2026-10-08 23:08:00",0.233,1.359,2
"490","2026-10-08 23:09:00",0.209,1.397,2
"491","2026-10-08 23:10:00",0.194,1.374,1
"492","2026-10-08 23:11:00",0.195,1.355,2
"493","2026-10-08 23:12:00",0.202,1.391,2
"494","2026-10-08 23:13:00",0.211,1.391,1
"495","2026-10-08 23:14:00",0.218,1.416,1
"496","2026-10-08 23:15:00",0.22,1.416,2
"497","2026-10-08 23:16:00",0.204,1.343,1
"498","2026-10-08 23:17:00",0.207,1.239,1
"499","2026-10-08 23:18:00",0.205,1.14,2
"500","2026-10-08 23:19:00",0.187,1.062,2
"501","2026-10-08 23:20:00",0.17,0.985,2
"502","2026-10-08 23:21:00",0.171,0.906,2
"503","2026-10-08 23:22:00",0.175,0.815,2
"504","2026-10-08 23:23:00",0.155,0.758,1
"505","2026-10-08 23:24:00",0.141,0.672,1
"506","2026-10-08 23:25:00",0.143,0.674,2
"507","2026-10-08 23:26:00",0.138,0.682,1
"508","2026-10-08 23:27:00",0.156,0.77,1
"509","2026-10-08 23:28:00",0.164,0.813,2
"510","2026-10-08 23:29:00",0.176,0.839,2
"511","2026-10-08 23:30:00",0.174,0.889,1
"512","2026-10-08 23:31:00",0.164,0.846,2
"513","2026-10-08 23:32:00",0.165,0.863,2
"514","2026-10-08 23:33:00",0.182,0.888,1
"515","2026-10-08 23:34:00",0.177,0.891,1
"516","2026-10-08 23:35:00",0.174,0.816,2
"517","2026-10-08 23:36:00",0.186,0.81,2
"518","2026-10-08 23:37:00",0.213,0.861,1
"519","2026-10-08 23:38:00",0.209,0.851,1
"520","2026-10-08 23:39:00",0.209,0.85,2
"521","2026-10-08 23:40:00",0.231,0.888,1
"522","2026-10-08 23:41:00",0.241,0.917,1
"523","2026-10-08 23:42:00",0.23,0.864,2
"524","2026-10-08 23:43:00",0.231,0.897,1
"525","2026-10-08 23:44:00",0.233,0.913,1
"526","2026-10-08 23:45:00",0.21,0.866,1
"527","2026-10-08 23:46:00",0.221,0.812,2
"528","2026-10-08 23:47:00",0.237,0.902,2
"529","2026-10-08 23:48:00",0.244,0.929,1
"530","2026-10-08 23:49:00",0.368,1.112,2
"531","2026-10-08 23:50:00",0.414,1.241,1
"532","2026-10-08 23:51:00",0.423,1.29,1
"533","2026-10-08 23:52:00",0.449,1.344,1
"534","2026-10-08 23:53:00",0.49,1.485,2
"535","2026-10-08 23:54:00",0.536,1.571,1
"536","2026-10-08 23:55:00",0.543,1.611,1
"537","2026-10-08 23:56:00",0.538,1.561,2
"538","2026-10-08 23:57:00",0.509,1.474,2
"539","2026-10-08 23:58:00",0.357,1.177,2
"540","2026-10-08 23:59:00",0.338,1.077,2
"541","2026-10-09",0.319,0.988,2
"542","2026-10-09 00:01:00",0.285,0.873,1
"543","2026-10-09 00:02:00",0.223,0.625,1
"544","2026-10-09 00:03:00",0.164,0.45,2
"545","2026-10-09 00:04:00",0.135,0.324,1
"546","2026-10-09 00:05:00",0.125,0.299,1
"547","2026-10-09 00:06:00",0.113,0.257,2
"548","2026-10-09 00:07:00",0.116,0.272,2
"549","2026-10-09 00:08:00",0.121,0.265,1
"550","2026-10-09 00:09:00",0.142,0.257,2
"551","2026-10-09 00:10:00",0.163,0.288,2
"552","2026-10-09 00:11:00",0.173,0.336,1
"553","2026-10-09 00:12:00",0.207,0.379,1
"554","2026-10-09 00:13:00",0.198,0.404,2
"555","2026-10-09 00:14:00",0.196,0.389,2
"556","2026-10-09 00:15:00",0.193,0.366,1
"557","2026-10-09 00:16:00",0.182,0.337,1
"558","2026-10-09 00:17:00",0.167,0.328,2
"559","2026-10-09 00:18:00",0.139,0.253,1
"560","2026-10-09 00:19:00",0.111,0.185,1
"561","2026-10-09 00:20:00",0.082,0.134,2
"562","2026-10-09 00:21:00",0.053,0.109,1
"563","2026-10-09 00:22:00",0.052,0.073,1
"564","2026-10-09 00:23:00",0.045,0.04,2
"565","2026-10-09 00:24:00",0.038,0.026,2
"566","2026-10-09 00:25:00",0.04,-0.011,2
"567","2026-10-09 00:26:00",0.043,-0.018,2
"568","2026-10-09 00:27:00",0.044,-0.036,2
"569","2026-10-09 00:28:00",0.05,-0.045,2
"570","2026-10-09 00:29:00",0.057,-0.057,2
"571","2026-10-09 00:30:00",0.077,-0.063,2
"572","2026-10-09 00:31:00",0.075,-0.053,2
"573","2026-10-09 00:32:00",0.081,-0.091,2
"574","2026-10-09 00:33:00",0.078,-0.108,2
"575","2026-10-09 00:34:00",0.066,-0.121,2
"576","2026-10-09 00:35:00",0.07,-0.109,2
"577","2026-10-09 00:36:00",0.07,-0.119,2
"578","2026-10-09 00:37:00",0.074,-0.151,2
"579","2026-10-09 00:38:00",0.05,-0.174,2
"580","2026-10-09 00:39:00",0.039,-0.224,2
"581","2026-10-09 00:40:00",0.036,-0.238,2
"582","2026-10-09 00:41:00",0.042,-0.251,2
"583","2026-10-09 00:42:00",0.043,-0.251,2
"584","2026-10-09 00:43:00",0.036,-0.271,2
"585","2026-10-09 00:44:00",0.041,-0.283,2
"586","2026-10-09 00:45:00",0.035,-0.306,2
"587","2026-10-09 00:46:00",0.029,-0.326,2
"588","2026-10-09 00:47:00",0.015,-0.341,2
"589","2026-10-09 00:48:00",0.001,-0.348,2
"590","2026-10-09 00:49:00",0.014,-0.32,2
"591","2026-10-09 00:50:00",0.017,-0.3,2
"592","2026-10-09 00:51:00",0.027,-0.298,2
"593","2026-10-09 00:52:00",0.039,-0.238,2
"594","2026-10-09 00:53:00",0.042,-0.205,2
"595","2026-10-09 00:54:00",0.045,-0.184,2
"596","2026-10-09 00:55:00",0.049,-0.176,2
"597","2026-10-09 00:56:00",0.086,-0.158,2
"598","2026-10-09 00:57:00",0.087,-0.162,2
"599","2026-10-09 00:58:00",0.086,-0.161,2
"600","2026-10-09 00:59:00",0.093,-0.138,2
"601","2026-10-09 01:00:00",0.089,-0.15,2
"602","2026-10-09 01:01:00",0.081,-0.187,2
"603","2026-10-09 01:02:00",0.071,-0.203,2
"604","2026-10-09 01:03:00",0.062,-0.202,2
"605","2026-10-09 01:04:00",0.055,-0.22,2
"606","2026-10-09 01:05:00",0.047,-0.23,2
"607","2026-10-09 01:06:00",0.049,-0.245,2
"608","2026-10-09 01:07:00",0.041,-0.275,2
"609","2026-10-09 01:08:00",0.055,-0.22,2
"610","2026-10-09 01:09:00",0.051,-0.227,2
"611","2026-10-09 01:10:00",0.076,-0.22,2
"612","2026-10-09 01:11:00",0.083,-0.206,2
"613","2026-10-09 01:12:00",0.108,-0.177,2
"614","2026-10-09 01:13:00",0.101,-0.13,2
"615","2026-10-09 01:14:00",0.103,-0.106,2
"616","2026-10-09 01:15:00",0.117,-0.083,2
"617","2026-10-09 01:16:00",0.091,-0.133,2
"618","2026-10-09 01:17:00",0.083,-0.158,2
"619","2026-10-09 01:18:00",0.09,-0.112,2
"620","2026-10-09 01:19:00",0.098,-0.075,2
"621","2026-10-09 01:20:00",0.087,-0.047,2
"622","2026-10-09 01:21:00",0.086,-0.039,2
"623","2026-10-09 01:22:00",0.095,-0.01,2
"624","2026-10-09 01:23:00",0.094,0,2
"625","2026-10-09 01:24:00",0.081,0.014,2
"626","2026-10-09 01:25:00",0.096,0.033,2
"627","2026-10-09 01:26:00",0.093,0.045,2
"628","2026-10-09 01:27:00",0.11,0.03,2
"629","2026-10-09 01:28:00",0.113,0,2
"630","2026-10-09 01:29:00",0.158,0.03,2
"631","2026-10-09 01:30:00",0.182,0.053,2
"632","2026-10-09 01:31:00",0.188,0.032,2
"633","2026-10-09 01:32:00",0.187,0.025,2
"634","2026-10-09 01:33:00",0.195,0.001,2
"635","2026-10-09 01:34:00",0.209,-0.006,2
"636","2026-10-09 01:35:00",0.192,-0.026,2
"637","2026-10-09 01:36:00",0.171,-0.056,2
"638","2026-10-09 01:37:00",0.128,-0.103,2
"639","2026-10-09 01:38:00",0.11,-0.156,2
"640","2026-10-09 01:39:00",0.096,-0.191,2
"641","2026-10-09 01:40:00",0.093,-0.211,2
"642","2026-10-09 01:41:00",0.086,-0.232,2
"643","2026-10-09 01:42:00",0.07,-0.233,2
"644","2026-10-09 01:43:00",0.057,-0.245,2
"645","2026-10-09 01:44:00",0.072,-0.242,2
"646","2026-10-09 01:45:00",0.083,-0.225,2
"647","2026-10-09 01:46:00",0.071,-0.218,2
"648","2026-10-09 01:47:00",0.071,-0.212,2
"649","2026-10-09 01:48:00",0.074,-0.196,2
"650","2026-10-09 01:49:00",0.072,-0.187,2
"651","2026-10-09 01:50:00",0.068,-0.176,2
"652","2026-10-09 01:51:00",0.078,-0.173,2
"653","2026-10-09 01:52:00",0.079,-0.176,2
"654","2026-10-09 01:53:00",0.071,-0.193,2
"655","2026-10-09 01:54:00",0.082,-0.164,2
"656","2026-10-09 01:55:00",0.096,-0.13,2
"657","2026-10-09 01:56:00",0.108,-0.112,2
"658","2026-10-09 01:57:00",0.115,-0.102,2
"659","2026-10-09 01:58:00",0.12,-0.075,2
"660","2026-10-09 01:59:00",0.13,-0.093,2
"661","2026-10-09 02:00:00",0.123,-0.097,2
"662","2026-10-09 02:01:00",0.109,-0.083,2
"663","2026-10-09 02:02:00",0.11,-0.091,2
"664","2026-10-09 02:03:00",0.108,-0.129,2
"665","2026-10-09 02:04:00",0.109,-0.162,2
"666","2026-10-09 02:05:00",0.09,-0.194,2
"667","2026-10-09 02:06:00",0.09,-0.236,2
"668","2026-10-09 02:07:00",0.082,-0.259,2
"669","2026-10-09 02:08:00",0.082,-0.248,2
"670","2026-10-09 02:09:00",0.095,-0.235,2
"671","2026-10-09 02:10:00",0.091,-0.239,2
"672","2026-10-09 02:11:00",0.087,-0.232,2
"673","2026-10-09 02:12:00",0.07,-0.21,2
"674","2026-10-09 02:13:00",0.057,-0.235,2
"675","2026-10-09 02:14:00",0.05,-0.219,2
"676","2026-10-09 02:15:00",0.05,-0.198,2
"677","2026-10-09 02:16:00",0.05,-0.194,2
"678","2026-10-09 02:17:00",0.035,-0.206,2
"679","2026-10-09 02:18:00",0.038,-0.213,2
"680","2026-10-09 02:19:00",0.039,-0.244,2
"681","2026-10-09 02:20:00",0.035,-0.258,2
"682","2026-10-09 02:21:00",0.039,-0.283,2
"683","2026-10-09 02:22:00",0.047,-0.302,2
"684","2026-10-09 02:23:00",0.05,-0.282,2
"685","2026-10-09 02:24:00",0.058,-0.285,2
"686","2026-10-09 02:25:00",0.081,-0.281,2
"687","2026-10-09 02:26:00",0.115,-0.267,2
"688","2026-10-09 02:27:00",0.127,-0.24,2
"689","2026-10-09 02:28:00",0.14,-0.181,2
"690","2026-10-09 02:29:00",0.143,-0.117,2
"691","2026-10-09 02:30:00",0.141,-0.069,2
"692","2026-10-09 02:31:00",0.166,0.033,2
"693","2026-10-09 02:32:00",0.158,0.068,2
"694","2026-10-09 02:33:00",0.14,0.108,2
"695","2026-10-09 02:34:00",0.134,0.136,2
"696","2026-10-09 02:35:00",0.11,0.16,2
"697","2026-10-09 02:36:00",0.115,0.228,1
"698","2026-10-09 02:37:00",0.112,0.32,1
"699","2026-10-09 02:38:00",0.106,0.429,2
"700","2026-10-09 02:39:00",0.095,0.537,1
"701","2026-10-09 02:40:00",0.096,0.57,1
"702","2026-10-09 02:41:00",0.109,0.678,2
"703","2026-10-09 02:42:00",0.132,0.775,1
"704","2026-10-09 02:43:00",0.144,0.831,1
"705","2026-10-09 02:44:00",0.138,0.853,1
"706","2026-10-09 02:45:00",0.129,0.802,2
"707","2026-10-09 02:46:00",0.127,0.691,2
"708","2026-10-09 02:47:00",0.113,0.568,1
"709","2026-10-09 02:48:00",0.109,0.434,2
"710","2026-10-09 02:49:00",0.112,0.364,1
"711","2026-10-09 02:50:00",0.111,0.267,1
"712","2026-10-09 02:51:00",0.112,0.193,1
"713","2026-10-09 02:52:00",0.103,0.118,1
"714","2026-10-09 02:53:00",0.125,0.071,2
"715","2026-10-09 02:54:00",0.133,0.041,2
"716","2026-10-09 02:55:00",0.157,0.037,2
"717","2026-10-09 02:56:00",0.156,0.035,2
"718","2026-10-09 02:57:00",0.158,0.011,2
"719","2026-10-09 02:58:00",0.154,-0.033,2
"720","2026-10-09 02:59:00",0.15,-0.046,2
"721","2026-10-09 03:00:00",0.148,-0.068,2
"722","2026-10-09 03:01:00",0.154,-0.088,2
"723","2026-10-09 03:02:00",0.151,-0.114,2
"724","2026-10-09 03:03:00",0.161,-0.128,2
"725","2026-10-09 03:04:00",0.179,-0.128,2
"726","2026-10-09 03:05:00",0.202,-0.111,2
"727","2026-10-09 03:06:00",0.202,-0.091,2
"728","2026-10-09 03:07:00",0.211,-0.083,2
"729","2026-10-09 03:08:00",0.217,-0.074,2
"730","2026-10-09 03:09:00",0.21,-0.064,2
"731","2026-10-09 03:10:00",0.216,-0.047,2
"732","2026-10-09 03:11:00",0.203,-0.04,2
"733","2026-10-09 03:12:00",0.198,-0.043,2
"734","2026-10-09 03:13:00",0.176,-0.061,2
"735","2026-10-09 03:14:00",0.177,-0.071,2
"736","2026-10-09 03:15:00",0.169,-0.081,2
"737","2026-10-09 03:16:00",0.171,-0.119,2
"738","2026-10-09 03:17:00",0.159,-0.135,2
"739","2026-10-09 03:18:00",0.155,-0.166,2
"740","2026-10-09 03:19:00",0.161,-0.178,2
"741","2026-10-09 03:20:00",0.162,-0.172,2
"742","2026-10-09 03:21:00",0.151,-0.171,2
"743","2026-10-09 03:22:00",0.152,-0.192,2
"744","2026-10-09 03:23:00",0.144,-0.222,2
"745","2026-10-09 03:24:00",0.141,-0.214,2
"746","2026-10-09 03:25:00",0.137,-0.225,2
"747","2026-10-09 03:26:00",0.148,-0.233,2
"748","2026-10-09 03:27:00",0.134,-0.229,2
"749","2026-10-09 03:28:00",0.143,-0.208,2
"750","2026-10-09 03:29:00",0.142,-0.163,2
"751","2026-10-09 03:30:00",0.149,-0.163,2
"752","2026-10-09 03:31:00",0.14,-0.162,2
"753","2026-10-09 03:32:00",0.15,-0.14,2
"754","2026-10-09 03:33:00",0.16,-0.107,2
"755","2026-10-09 03:34:00",0.148,-0.083,2
"756","2026-10-09 03:35:00",0.145,-0.083,2
"757","2026-10-09 03:36:00",0.135,-0.091,2
"758","2026-10-09 03:37:00",0.127,-0.096,2
"759","2026-10-09 03:38:00",0.117,-0.14,2
"760","2026-10-09 03:39:00",0.117,-0.096,2
"761","2026-10-09 03:40:00",0.112,-0.103,2
"762","2026-10-09 03:41:00",0.107,-0.114,2
"763","2026-10-09 03:42:00",0.118,-0.142,2
"764","2026-10-09 03:43:00",0.12,-0.126,2
"765","2026-10-09 03:44:00",0.131,-0.114,2
"766","2026-10-09 03:45:00",0.147,-0.04,2
"767","2026-10-09 03:46:00",0.157,-0.024,2
"768","2026-10-09 03:47:00",0.164,0.031,2
"769","2026-10-09 03:48:00",0.169,0.046,2
"770","2026-10-09 03:49:00",0.176,0.068,2
"771","2026-10-09 03:50:00",0.169,0.101,2
"772","2026-10-09 03:51:00",0.167,0.189,2
"773","2026-10-09 03:52:00",0.167,0.279,1
"774","2026-10-09 03:53:00",0.178,0.327,2
"775","2026-10-09 03:54:00",0.162,0.362,2
"776","2026-10-09 03:55:00",0.176,0.457,1
"777","2026-10-09 03:56:00",0.19,0.544,1
"778","2026-10-09 03:57:00",0.207,0.641,2
"779","2026-10-09 03:58:00",0.242,0.799,1
"780","2026-10-09 03:59:00",0.254,0.938,1
"781","2026-10-09 04:00:00",0.249,0.958,2
"782","2026-10-09 04:01:00",0.247,1.056,2
"783","2026-10-09 04:02:00",0.253,1.082,2
"784","2026-10-09 04:03:00",0.261,1.124,2
"785","2026-10-09 04:04:00",0.276,1.204,2
"786","2026-10-09 04:05:00",0.292,1.245,1
"787","2026-10-09 04:06:00",0.258,1.288,1
"788","2026-10-09 04:07:00",0.249,1.271,2
"789","2026-10-09 04:08:00",0.263,1.284,1
"790","2026-10-09 04:09:00",0.275,1.275,1
"791","2026-10-09 04:10:00",0.308,1.295,1
"792","2026-10-09 04:11:00",0.337,1.406,2
"793","2026-10-09 04:12:00",0.35,1.473,1
"794","2026-10-09 04:13:00",0.337,1.474,2
"795","2026-10-09 04:14:00",0.315,1.324,2
"796","2026-10-09 04:15:00",0.311,1.192,1
"797","2026-10-09 04:16:00",0.286,1.078,1
"798","2026-10-09 04:17:00",0.285,1.067,1
"799","2026-10-09 04:18:00",0.248,0.884,2
"800","2026-10-09 04:19:00",0.207,0.7,1
"801","2026-10-09 04:20:00",0.167,0.528,1
"802","2026-10-09 04:21:00",0.144,0.321,2
"803","2026-10-09 04:22:00",0.154,0.361,1
"804","2026-10-09 04:23:00",0.163,0.393,1
"805","2026-10-09 04:24:00",0.186,0.517,2
"806","2026-10-09 04:25:00",0.212,0.617,1
"807","2026-10-09 04:26:00",0.255,0.758,1
"808","2026-10-09 04:27:00",0.274,0.92,1
"809","2026-10-09 04:28:00",0.297,1.151,2
"810","2026-10-09 04:29:00",0.312,1.314,2
"811","2026-10-09 04:30:00",0.311,1.311,1
"812","2026-10-09 04:31:00",0.328,1.437,2
"813","2026-10-09 04:32:00",0.374,1.663,1
"814","2026-10-09 04:33:00",0.396,1.782,1
"815","2026-10-09 04:34:00",0.396,1.873,1
"816","2026-10-09 04:35:00",0.396,1.974,2
"817","2026-10-09 04:36:00",0.406,2.027,1
"818","2026-10-09 04:37:00",0.413,2.073,1
"819","2026-10-09 04:38:00",0.412,2.172,2
"820","2026-10-09 04:39:00",0.431,2.312,2
"821","2026-10-09 04:40:00",0.4,2.261,2
"822","2026-10-09 04:41:00",0.382,2.212,2
"823","2026-10-09 04:42:00",0.374,2.202,2
"824","2026-10-09 04:43:00",0.371,2.157,1
"825","2026-10-09 04:44:00",0.366,2.093,1
"826","2026-10-09 04:45:00",0.372,2.095,2
"827","2026-10-09 04:46:00",0.387,2.156,1
"828","2026-10-09 04:47:00",0.396,2.164,1
"829","2026-10-09 04:48:00",0.421,2.229,2
"830","2026-10-09 04:49:00",0.441,2.232,2
"831","2026-10-09 04:50:00",0.43,2.243,1
"832","2026-10-09 04:51:00",0.427,2.235,2
"833","2026-10-09 04:52:00",0.436,2.258,2
"834","2026-10-09 04:53:00",0.449,2.258,1
"835","2026-10-09 04:54:00",0.445,2.216,1
"836","2026-10-09 04:55:00",0.449,2.155,2
"837","2026-10-09 04:56:00",0.468,2.15,2
"838","2026-10-09 04:57:00",0.486,2.139,1
"839","2026-10-09 04:58:00",0.499,2.207,2
"840","2026-10-09 04:59:00",0.493,2.244,2
"841","2026-10-09 05:00:00",0.49,2.299,1
"842","2026-10-09 05:01:00",0.49,2.3,1
"843","2026-10-09 05:02:00",0.472,2.302,2
"844","2026-10-09 05:03:00",0.461,2.289,1
"845","2026-10-09 05:04:00",0.44,2.294,1
"846","2026-10-09 05:05:00",0.443,2.334,1
"847","2026-10-09 05:06:00",0.448,2.402,2
"848","2026-10-09 05:07:00",0.422,2.362,2
"849","2026-10-09 05:08:00",0.424,2.291,1
"850","2026-10-09 05:09:00",0.407,2.29,2
"851","2026-10-09 05:10:00",0.412,2.306,1
"852","2026-10-09 05:11:00",0.409,2.283,1
"853","2026-10-09 05:12:00",0.397,2.283,1
"854","2026-10-09 05:13:00",0.393,2.202,1
"855","2026-10-09 05:14:00",0.355,2.102,1
"856","2026-10-09 05:15:00",0.339,2.064,1
"857","2026-10-09 05:16:00",0.344,2.065,2
"858","2026-10-09 05:17:00",0.356,2.139,1
"859","2026-10-09 05:18:00",0.368,2.21,2
"860","2026-10-09 05:19:00",0.393,2.216,2
"861","2026-10-09 05:20:00",0.404,2.229,1
"862","2026-10-09 05:21:00",0.4,2.31,1
"863","2026-10-09 05:22:00",0.409,2.403,1
"864","2026-10-09 05:23:00",0.399,2.449,2
"865","2026-10-09 05:24:00",0.38,2.406,1
"866","2026-10-09 05:25:00",0.385,2.441,1
"867","2026-10-09 05:26:00",0.373,2.389,2
"868","2026-10-09 05:27:00",0.343,2.415,2
"869","2026-10-09 05:28:00",0.327,2.485,1
"870","2026-10-09 05:29:00",0.38,2.709,2
"871","2026-10-09 05:30:00",0.482,3.019,1
"872","2026-10-09 05:31:00",0.552,3.306,1
"873","2026-10-09 05:32:00",0.622,3.583,1
"874","2026-10-09 05:33:00",0.702,3.967,2
"875","2026-10-09 05:34:00",0.772,4.241,2
"876","2026-10-09 05:35:00",0.816,4.462,1
"877","2026-10-09 05:36:00",0.941,4.832,2
"878","2026-10-09 05:37:00",0.992,5.09,1
"879","2026-10-09 05:38:00",0.954,4.985,1
"880","2026-10-09 05:39:00",0.918,4.907,1
"881","2026-10-09 05:40:00",0.922,4.885,1
"882","2026-10-09 05:41:00",0.945,4.988,1
"883","2026-10-09 05:42:00",0.942,5.023,1
"884","2026-10-09 05:43:00",0.939,4.988,2
"885","2026-10-09 05:44:00",0.903,4.791,1
"886","2026-10-09 05:45:00",0.845,4.593,2
"887","2026-10-09 05:46:00",0.876,4.636,2
"888","2026-10-09 05:47:00",0.929,4.907,2
"889","2026-10-09 05:48:00",0.947,4.965,1
"890","2026-10-09 05:49:00",0.998,5.014,1
"891","2026-10-09 05:50:00",1.046,4.963,2
"892","2026-10-09 05:51:00",1.225,5.138,1
"893","2026-10-09 05:52:00",1.247,5.247,1
"894","2026-10-09 05:53:00",1.244,5.217,2
"895","2026-10-09 05:54:00",1.217,5.146,2
"896","2026-10-09 05:55:00",1.149,4.844,1
"897","2026-10-09 05:56:00",1.074,4.389,2
"898","2026-10-09 05:57:00",0.926,3.912,2
"899","2026-10-09 05:58:00",0.889,3.747,1
"900","2026-10-09 05:59:00",0.751,3.43,1
"901","2026-10-09 06:00:00",0.463,2.76,2
"902","2026-10-09 06:01:00",0.425,2.443,2
"903","2026-10-09 06:02:00",0.39,2.251,1
"904","2026-10-09 06:03:00",0.368,1.91,2
"905","2026-10-09 06:04:00",0.343,1.834,2
"906","2026-10-09 06:05:00",0.376,1.782,1
"907","2026-10-09 06:06:00",0.398,1.717,1
"908","2026-10-09 06:07:00",0.398,1.613,2
"909","2026-10-09 06:08:00",0.407,1.608,1
"910","2026-10-09 06:09:00",0.408,1.587,1
"911","2026-10-09 06:10:00",0.417,1.522,2
"912","2026-10-09 06:11:00",0.418,1.613,2
"913","2026-10-09 06:12:00",0.439,1.732,2
"914","2026-10-09 06:13:00",0.42,1.668,1
"915","2026-10-09 06:14:00",0.377,1.526,2
"916","2026-10-09 06:15:00",0.352,1.408,1
"917","2026-10-09 06:16:00",0.331,1.341,1
"918","2026-10-09 06:17:00",0.308,1.229,1
"919","2026-10-09 06:18:00",0.283,1.133,1
"920","2026-10-09 06:19:00",0.278,1.109,1
"921","2026-10-09 06:20:00",0.263,0.979,1
"922","2026-10-09 06:21:00",0.266,0.961,2
"923","2026-10-09 06:22:00",0.272,0.972,1
"924","2026-10-09 06:23:00",0.289,1.076,2
"925","2026-10-09 06:24:00",0.311,1.198,2
"926","2026-10-09 06:25:00",0.336,1.389,1
"927","2026-10-09 06:26:00",0.342,1.547,1
"928","2026-10-09 06:27:00",0.359,1.671,1
"929","2026-10-09 06:28:00",0.413,1.929,2
"930","2026-10-09 06:29:00",0.428,1.992,1
"931","2026-10-09 06:30:00",0.445,2.035,1
"932","2026-10-09 06:31:00",0.414,2.006,2
"933","2026-10-09 06:32:00",0.378,1.902,1
"934","2026-10-09 06:33:00",0.351,1.823,1
"935","2026-10-09 06:34:00",0.339,1.702,2
"936","2026-10-09 06:35:00",0.33,1.635,2
"937","2026-10-09 06:36:00",0.3,1.535,1
"938","2026-10-09 06:37:00",0.267,1.471,1
"939","2026-10-09 06:38:00",0.245,1.461,2
"940","2026-10-09 06:39:00",0.234,1.496,2
"941","2026-10-09 06:40:00",0.287,1.608,1
"942","2026-10-09 06:41:00",0.385,1.871,2
"943","2026-10-09 06:42:00",0.468,2.211,2
"944","2026-10-09 06:43:00",0.527,2.561,1
"945","2026-10-09 06:44:00",0.64,3.104,1
"946","2026-10-09 06:45:00",0.695,3.38,2
"947","2026-10-09 06:46:00",0.719,3.55,1
"948","2026-10-09 06:47:00",0.734,3.582,1
"949","2026-10-09 06:48:00",0.744,3.601,2
"950","2026-10-09 06:49:00",0.645,3.406,2
"951","2026-10-09 06:50:00",0.631,3.412,2
"952","2026-10-09 06:51:00",0.697,3.48,1
"953","2026-10-09 06:52:00",0.664,3.131,2
"954","2026-10-09 06:53:00",0.627,2.795,1
"955","2026-10-09 06:54:00",0.586,2.626,1
"956","2026-10-09 06:55:00",0.613,2.625,2
"957","2026-10-09 06:56:00",0.618,2.73,1
"958","2026-10-09 06:57:00",0.628,2.682,1
"959","2026-10-09 06:58:00",0.623,2.565,1
"960","2026-10-09 06:59:00",0.499,2.053,2
"961","2026-10-09 07:00:00",0.436,1.847,1
"962","2026-10-09 07:01:00",0.415,1.731,2
"963","2026-10-09 07:02:00",0.387,1.542,2
"964","2026-10-09 07:03:00",0.4,1.518,1
"965","2026-10-09 07:04:00",0.389,1.294,1
"966","2026-10-09 07:05:00",0.388,1.225,1
"967","2026-10-09 07:06:00",0.4,1.252,2
"968","2026-10-09 07:07:00",0.421,1.3,1
"969","2026-10-09 07:08:00",0.425,1.31,1
"970","2026-10-09 07:09:00",0.43,1.251,2
"971","2026-10-09 07:10:00",0.416,1.221,1
"972","2026-10-09 07:11:00",0.417,1.215,1
"973","2026-10-09 07:12:00",0.407,1.155,2
"974","2026-10-09 07:13:00",0.491,1.323,1
"975","2026-10-09 07:14:00",0.53,1.487,1
"976","2026-10-09 07:15:00",0.566,1.693,1
"977","2026-10-09 07:16:00",0.631,1.952,2
"978","2026-10-09 07:17:00",0.742,2.199,2
"979","2026-10-09 07:18:00",0.777,2.407,1
"980","2026-10-09 07:19:00",0.805,2.546,2
"981","2026-10-09 07:20:00",0.81,2.677,2
"982","2026-10-09 07:21:00",0.839,2.904,1
"983","2026-10-09 07:22:00",0.827,2.981,1
"984","2026-10-09 07:23:00",0.777,2.84,2
"985","2026-10-09 07:24:00",0.773,2.782,1
"986","2026-10-09 07:25:00",0.709,2.679,1
"987","2026-10-09 07:26:00",0.649,2.589,2
"988","2026-10-09 07:27:00",0.74,2.716,2
"989","2026-10-09 07:28:00",0.75,2.716,2
"990","2026-10-09 07:29:00",0.688,2.52,2
"991","2026-10-09 07:30:00",0.674,2.444,2
"992","2026-10-09 07:31:00",0.603,2.217,1
"993","2026-10-09 07:32:00",0.621,2.286,1
"994","2026-10-09 07:33:00",0.633,2.347,2
"995","2026-10-09 07:34:00",0.652,2.373,1
"996","2026-10-09 07:35:00",0.683,2.487,1
"997","2026-10-09 07:36:00",0.643,2.517,2
"998","2026-10-09 07:37:00",0.865,3.197,2
"999","2026-10-09 07:38:00",0.978,3.605,1
"1000","2026-10-09 07:39:00",1.018,3.723,2
"1001","2026-10-09 07:40:00",1.053,3.915,2
"1002","2026-10-09 07:41:00",1.063,3.955,1
"1003","2026-10-09 07:42:00",1.05,3.92,1
"1004","2026-10-09 07:43:00",1.054,3.863,1
"1005","2026-10-09 07:44:00",1.106,3.925,2
"1006","2026-10-09 07:45:00",1.106,3.86,1
"1007","2026-10-09 07:46:00",0.903,3.227,1
"1008","2026-10-09 07:47:00",0.958,3.233,2
"1009","2026-10-09 07:48:00",0.966,3.27,1
"1010","2026-10-09 07:49:00",1.013,3.094,1
"1011","2026-10-09 07:50:00",1.006,3.056,2
"1012","2026-10-09 07:51:00",1.046,3.093,1
"1013","2026-10-09 07:52:00",1.024,3.066,1
"1014","2026-10-09 07:53:00",0.965,2.866,1
"1015","2026-10-09 07:54:00",1.288,3.223,2
"1016","2026-10-09 07:55:00",1.598,3.891,2
"1017","2026-10-09 07:56:00",1.444,3.451,1
"1018","2026-10-09 07:57:00",1.417,3.511,2
"1019","2026-10-09 07:58:00",1.392,3.462,1
"1020","2026-10-09 07:59:00",1.447,3.617,1
"1021","2026-10-09 08:00:00",1.411,3.604,1
"1022","2026-10-09 08:01:00",1.461,3.719,2
"1023","2026-10-09 08:02:00",1.442,3.619,1
"1024","2026-10-09 08:03:00",0.935,2.865,1
"1025","2026-10-09 08:04:00",0.838,2.581,2
"1026","2026-10-09 08:05:00",0.862,2.663,2
"1027","2026-10-09 08:06:00",0.88,2.736,2
"1028","2026-10-09 08:07:00",0.871,2.743,2
"1029","2026-10-09 08:08:00",0.817,2.635,2
"1030","2026-10-09 08:09:00",0.848,2.47,1
"1031","2026-10-09 08:10:00",0.819,2.431,1
"1032","2026-10-09 08:11:00",1.009,2.737,2
"1033","2026-10-09 08:12:00",1.205,3.242,1
"1034","2026-10-09 08:13:00",1.221,3.266,1
"1035","2026-10-09 08:14:00",1.228,3.241,2
"1036","2026-10-09 08:15:00",1.238,3.222,2
"1037","2026-10-09 08:16:00",1.26,3.27,1
"1038","2026-10-09 08:17:00",1.288,3.311,2
"1039","2026-10-09 08:18:00",1.244,3.267,2
"1040","2026-10-09 08:19:00",1.176,3.182,1
"1041","2026-10-09 08:20:00",1.031,2.99,1
"1042","2026-10-09 08:21:00",1.198,3.25,2
"1043","2026-10-09 08:22:00",1.566,4.15,2
"1044","2026-10-09 08:23:00",1.794,4.719,1
"1045","2026-10-09 08:24:00",2.234,5.649,2
"1046","2026-10-09 08:25:00",2.372,6.107,2
"1047","2026-10-09 08:26:00",2.442,6.425,1
"1048","2026-10-09 08:27:00",2.469,6.664,1
"1049","2026-10-09 08:28:00",2.581,6.894,2
"1050","2026-10-09 08:29:00",2.454,6.634,1
"1051","2026-10-09 08:30:00",2.24,6.266,1
"1052","2026-10-09 08:31:00",1.906,5.494,1
"1053","2026-10-09 08:32:00",1.674,5.059,2
"1054","2026-10-09 08:33:00",1.242,4.138,2
"1055","2026-10-09 08:34:00",1.157,3.85,1
"1056","2026-10-09 08:35:00",1.097,3.606,2
"1057","2026-10-09 08:36:00",1.006,3.371,1
"1058","2026-10-09 08:37:00",0.98,3.256,1
"1059","2026-10-09 08:38:00",0.937,3.07,1
"1060","2026-10-09 08:39:00",0.916,2.965,1
"1061","2026-10-09 08:40:00",0.907,2.845,1
"1062","2026-10-09 08:41:00",0.937,2.781,1
"1063","2026-10-09 08:42:00",1.007,2.766,2
"1064","2026-10-09 08:43:00",1.105,2.908,1
"1065","2026-10-09 08:44:00",1.188,3.017,2
"1066","2026-10-09 08:45:00",1.238,3.068,2
"1067","2026-10-09 08:46:00",1.254,3.082,1
"1068","2026-10-09 08:47:00",1.313,3.173,1
"1069","2026-10-09 08:48:00",1.353,3.253,1
"1070","2026-10-09 08:49:00",1.384,3.334,2
"1071","2026-10-09 08:50:00",1.375,3.323,1
"1072","2026-10-09 08:51:00",1.299,3.179,1
"1073","2026-10-09 08:52:00",1.245,3.088,2
"1074","2026-10-09 08:53:00",1.228,3.051,2
"1075","2026-10-09 08:54:00",1.261,3.109,1
"1076","2026-10-09 08:55:00",1.236,3.124,2
"1077","2026-10-09 08:56:00",1.185,3.082,2
"1078","2026-10-09 08:57:00",1.122,2.961,1
"1079","2026-10-09 08:58:00",1.091,2.836,1
"1080","2026-10-09 08:59:00",1.072,2.789,2
"1081","2026-10-09 09:00:00",1.047,2.809,2
"1082","2026-10-09 09:01:00",1.028,2.888,1
"1083","2026-10-09 09:02:00",1.021,2.933,2
"1084","2026-10-09 09:03:00",0.985,2.926,2
"1085","2026-10-09 09:04:00",0.976,2.937,1
"1086","2026-10-09 09:05:00",1.031,3,1
"1087","2026-10-09 09:06:00",1.039,3.082,2
"1088","2026-10-09 09:07:00",1.097,3.277,1
"1089","2026-10-09 09:08:00",1.1,3.392,1
"1090","2026-10-09 09:09:00",1.124,3.417,2
"1091","2026-10-09 09:10:00",1.104,3.272,2
"1092","2026-10-09 09:11:00",1.095,3.205,2
"1093","2026-10-09 09:12:00",1.093,3.163,1
"1094","2026-10-09 09:13:00",1.054,3.021,2
"1095","2026-10-09 09:14:00",1.001,2.817,1
"1096","2026-10-09 09:15:00",0.943,2.642,1
"1097","2026-10-09 09:16:00",0.866,2.305,2
"1098","2026-10-09 09:17:00",0.853,2.14,1
"1099","2026-10-09 09:18:00",0.821,2.107,1
"1100","2026-10-09 09:19:00",0.824,2.109,1
"1101","2026-10-09 09:20:00",0.842,2.227,2
"1102","2026-10-09 09:21:00",0.851,2.256,1
"1103","2026-10-09 09:22:00",0.904,2.377,2
"1104","2026-10-09 09:23:00",1.004,2.603,2
"1105","2026-10-09 09:24:00",1.169,3.08,1
"1106","2026-10-09 09:25:00",1.351,3.346,1
"1107","2026-10-09 09:26:00",1.435,3.414,1
"1108","2026-10-09 09:27:00",1.452,3.374,2
"1109","2026-10-09 09:28:00",1.432,3.278,1
"1110","2026-10-09 09:29:00",1.38,3.007,1
"1111","2026-10-09 09:30:00",1.361,2.847,2
"1112","2026-10-09 09:31:00",1.327,2.685,1
"1113","2026-10-09 09:32:00",1.305,2.601,1
"1114","2026-10-09 09:33:00",1.065,2.125,2
"1115","2026-10-09 09:34:00",0.943,1.89,1
"1116","2026-10-09 09:35:00",0.886,1.764,1
"1117","2026-10-09 09:36:00",0.805,1.552,1
"1118","2026-10-09 09:37:00",0.788,1.591,2
"1119","2026-10-09 09:38:00",0.801,1.608,2
"1120","2026-10-09 09:39:00",0.789,1.591,1
"1121","2026-10-09 09:40:00",0.711,1.469,2
"1122","2026-10-09 09:41:00",0.725,1.611,2
"1123","2026-10-09 09:42:00",0.709,1.643,1
"1124","2026-10-09 09:43:00",0.741,1.662,1
"1125","2026-10-09 09:44:00",0.758,1.77,2
"1126","2026-10-09 09:45:00",0.754,1.754,1
"1127","2026-10-09 09:46:00",0.744,1.716,1
"1128","2026-10-09 09:47:00",0.78,1.758,2
"1129","2026-10-09 09:48:00",0.889,2.111,2
"1130","2026-10-09 09:49:00",0.884,2.188,2
"1131","2026-10-09 09:50:00",0.879,2.142,2
"1132","2026-10-09 09:51:00",0.904,2.177,2
"1133","2026-10-09 09:52:00",0.909,2.2,1
"1134","2026-10-09 09:53:00",0.938,2.282,1
"1135","2026-10-09 09:54:00",1.011,2.515,2
"1136","2026-10-09 09:55:00",1.082,2.731,1
"1137","2026-10-09 09:56:00",1.153,3.041,1
"1138","2026-10-09 09:57:00",1.126,2.936,2
"1139","2026-10-09 09:58:00",1.048,2.608,2
"1140","2026-10-09 09:59:00",0.979,2.383,1
"1141","2026-10-09 10:01:00",0.949,2.254,2
"1142","2026-10-09 10:02:00",0.927,2.164,1
"1143","2026-10-09 10:03:00",0.878,2.019,1
"1144","2026-10-09 10:04:00",0.765,1.667,2
"1145","2026-10-09 10:05:00",0.586,1.191,2
"1146","2026-10-09 10:06:00",0.591,1.231,1
"1147","2026-10-09 10:07:00",0.611,1.325,1
"1148","2026-10-09 10:08:00",0.636,1.416,2
"1149","2026-10-09 10:09:00",0.622,1.484,1
"1150","2026-10-09 10:10:00",0.607,1.451,1
"1151","2026-10-09 10:11:00",0.568,1.382,2
"1152","2026-10-09 10:12:00",0.573,1.38,1
"1153","2026-10-09 10:13:00",0.549,1.369,1
"1154","2026-10-09 10:14:00",0.528,1.258,1
"1155","2026-10-09 10:15:00",0.496,1.145,2
"1156","2026-10-09 10:16:00",0.501,1.196,2
"1157","2026-10-09 10:17:00",0.47,1.132,1
"1158","2026-10-09 10:18:00",0.476,1.178,2
"1159","2026-10-09 10:19:00",0.494,1.318,1
"1160","2026-10-09 10:20:00",0.554,1.52,1
"1161","2026-10-09 10:21:00",0.609,1.733,1
"1162","2026-10-09 10:22:00",0.783,2.088,1
"1163","2026-10-09 10:23:00",0.824,2.243,1
"1164","2026-10-09 10:24:00",0.826,2.238,1
"1165","2026-10-09 10:25:00",0.817,2.182,2
"1166","2026-10-09 10:26:00",0.831,2.045,1
"1167","2026-10-09 10:27:00",0.848,2.018,2
"1168","2026-10-09 10:28:00",0.994,2.03,2
"1169","2026-10-09 10:29:00",1.308,2.505,2
"1170","2026-10-09 10:30:00",1.431,2.674,1
"1171","2026-10-09 10:31:00",1.596,3.157,1
"1172","2026-10-09 10:32:00",1.645,3.181,2
"1173","2026-10-09 10:33:00",1.696,3.362,1
"1174","2026-10-09 10:34:00",1.755,3.481,1
"1175","2026-10-09 10:35:00",1.763,3.566,2
"1176","2026-10-09 10:36:00",1.744,3.648,2
"1177","2026-10-09 10:37:00",1.537,3.353,1
"1178","2026-10-09 10:38:00",1.252,2.865,2
"1179","2026-10-09 10:39:00",1.066,2.64,2
"1180","2026-10-09 10:40:00",1.062,2.679,1
"1181","2026-10-09 10:41:00",1.098,2.815,1
"1182","2026-10-09 10:42:00",1.278,3.209,2
"1183","2026-10-09 10:43:00",1.663,3.849,2
"1184","2026-10-09 10:44:00",2.12,4.758,1
"1185","2026-10-09 10:45:00",2.221,4.96,2
"1186","2026-10-09 10:46:00",2.32,5.125,2
"1187","2026-10-09 10:47:00",2.377,5.223,1
"1188","2026-10-09 10:48:00",2.3,4.954,1
"1189","2026-10-09 10:49:00",2.288,4.835,2
"1190","2026-10-09 10:50:00",2.241,4.732,1
"1191","2026-10-09 10:51:00",2.088,4.492,1
"1192","2026-10-09 10:52:00",1.609,3.911,2
"1193","2026-10-09 10:53:00",1.567,3.697,2
"1194","2026-10-09 10:54:00",1.757,4.199,2
"1195","2026-10-09 10:55:00",6.499,12.627,1
"1196","2026-10-09 10:56:00",4.055,9.583,2
"1197","2026-10-09 10:57:00",2.062,4.962,1
"1198","2026-10-09 10:58:00",1.952,5.218,1
"1199","2026-10-09 10:59:00",2.008,5.218,2
"1200","2026-10-09 11:00:00",2.049,5.162,2
"1201","2026-10-09 11:01:00",2.01,5.041,1
"1202","2026-10-09 11:02:00",1.95,4.873,1
"1203","2026-10-09 11:03:00",1.872,4.669,2
"1204","2026-10-09 11:04:00",1.827,4.515,1
"1205","2026-10-09 11:05:00",1.78,4.414,2
"1206","2026-10-09 11:06:00",1.732,4.316,2
"1207","2026-10-09 11:07:00",1.659,4.158,1
"1208","2026-10-09 11:08:00",1.578,4.065,1
"1209","2026-10-09 11:09:00",1.595,4.192,1
"1210","2026-10-09 11:10:00",1.68,4.367,2
"1211","2026-10-09 11:11:00",1.764,4.486,1
"1212","2026-10-09 11:12:00",1.794,4.615,1
"1213","2026-10-09 11:13:00",1.76,4.546,2
"1214","2026-10-09 11:14:00",1.755,4.543,1
"1215","2026-10-09 11:15:00",1.723,4.51,1
"1216","2026-10-09 11:16:00",1.683,4.447,2
"1217","2026-10-09 11:17:00",1.623,4.313,2
"1218","2026-10-09 11:18:00",1.517,4.121,1
"1219","2026-10-09 11:19:00",1.384,3.931,1
"1220","2026-10-09 11:20:00",1.37,3.907,2
"1221","2026-10-09 11:21:00",1.459,4.005,2
"1222","2026-10-09 11:22:00",1.703,4.467,1
"1223","2026-10-09 11:23:00",2.139,5.242,2
"1224","2026-10-09 11:24:00",2.402,5.912,2
"1225","2026-10-09 11:25:00",2.615,6.123,1
"1226","2026-10-09 11:26:00",2.735,6.184,1
"1227","2026-10-09 11:27:00",2.822,6.25,2
"1228","2026-10-09 11:28:00",2.866,6.289,1
"1229","2026-10-09 11:29:00",2.856,6.135,1
"1230","2026-10-09 11:30:00",2.7,5.711,2
"1231","2026-10-09 11:31:00",2.395,5.135,2
"1232","2026-10-09 11:32:00",2.139,4.402,2
"1233","2026-10-09 11:33:00",2.064,4.149,2
"1234","2026-10-09 11:34:00",2.02,4.194,2
"1235","2026-10-09 11:35:00",2.033,4.172,1
"1236","2026-10-09 11:36:00",1.955,3.962,1
"1237","2026-10-09 11:37:00",1.982,3.952,2
"1238","2026-10-09 11:38:00",1.968,3.954,1
"1239","2026-10-09 11:39:00",1.943,3.882,1
"1240","2026-10-09 11:40:00",1.901,3.765,1
"1241","2026-10-09 11:41:00",1.864,3.67,2
"1242","2026-10-09 11:42:00",1.797,3.513,1
"1243","2026-10-09 11:43:00",1.771,3.387,2
"1244","2026-10-09 11:44:00",1.758,3.488,2
"1245","2026-10-09 11:45:00",1.787,3.616,1
"1246","2026-10-09 11:46:00",1.802,3.714,1
"1247","2026-10-09 11:47:00",1.898,3.876,1
"1248","2026-10-09 11:48:00",2.047,4.251,2
"1249","2026-10-09 11:49:00",2.135,4.598,1
"1250","2026-10-09 11:50:00",2.171,4.728,1
"1251","2026-10-09 11:51:00",2.171,4.908,2
"1252","2026-10-09 11:52:00",2.129,4.936,1
"1253","2026-10-09 11:53:00",2.094,4.752,1
"1254","2026-10-09 11:54:00",2.009,4.486,2
"1255","2026-10-09 11:55:00",1.906,4.261,1
"1256","2026-10-09 11:56:00",1.836,4.163,1
"1257","2026-10-09 11:57:00",1.57,3.618,1
"1258","2026-10-09 11:58:00",1.443,3.34,2
"1259","2026-10-09 11:59:00",1.331,3.062,2
"1260","2026-10-09 12:00:00",1.539,3.125,1
"1261","2026-10-09 12:01:00",2.404,6.646,2
"1262","2026-10-09 12:02:00",1.307,2.121,2
"1263","2026-10-09 12:03:00",1.381,2.604,1
"1264","2026-10-09 12:04:00",1.423,2.932,1
"1265","2026-10-09 12:05:00",1.384,2.815,2
"1266","2026-10-09 12:06:00",1.339,2.677,1
"1267","2026-10-09 12:07:00",1.255,2.487,1
"1268","2026-10-09 12:08:00",1.138,2.191,2
"1269","2026-10-09 12:09:00",1.035,1.921,2
"1270","2026-10-09 12:10:00",0.921,1.613,2
"1271","2026-10-09 12:11:00",0.831,1.369,2
"1272","2026-10-09 12:12:00",0.78,1.189,2
"1273","2026-10-09 12:13:00",0.764,1.118,1
"1274","2026-10-09 12:14:00",0.69,0.939,1
"1275","2026-10-09 12:15:00",0.668,0.845,2
"1276","2026-10-09 12:16:00",0.66,0.798,1
"1277","2026-10-09 12:17:00",0.667,0.784,1
"1278","2026-10-09 12:18:00",0.752,0.958,2
"1279","2026-10-09 12:19:00",0.785,1.014,2
"1280","2026-10-09 12:20:00",0.771,0.99,1
"1281","2026-10-09 12:21:00",0.763,0.968,2
"1282","2026-10-09 12:22:00",0.832,1.122,2
"1283","2026-10-09 12:23:00",0.956,1.4,1
"1284","2026-10-09 12:24:00",1.105,1.733,1
"1285","2026-10-09 12:25:00",1.221,2.077,2
"1286","2026-10-09 12:26:00",1.204,2.097,2
"1287","2026-10-09 12:27:00",1.177,2.057,1
"1288","2026-10-09 12:28:00",1.157,2.036,1
"1289","2026-10-09 12:29:00",1.138,2.009,2
"1290","2026-10-09 12:30:00",1.067,1.881,1
"1291","2026-10-09 12:31:00",0.961,1.654,1
"1292","2026-10-09 12:32:00",0.826,1.344,2
"1293","2026-10-09 12:33:00",0.699,1.034,1
"1294","2026-10-09 12:34:00",0.616,0.779,1
"1295","2026-10-09 12:35:00",0.575,0.61,1
"1296","2026-10-09 12:36:00",0.553,0.493,2
"1297","2026-10-09 12:37:00",0.543,0.452,2
"1298","2026-10-09 12:38:00",0.514,0.407,2
"1299","2026-10-09 12:39:00",0.5,0.379,2
"1300","2026-10-09 12:40:00",0.465,0.329,2
"1301","2026-10-09 12:41:00",0.43,0.27,2
"1302","2026-10-09 12:42:00",0.401,0.288,2
"1303","2026-10-09 12:43:00",0.359,0.261,2
"1304","2026-10-09 12:44:00",0.335,0.241,2
"1305","2026-10-09 12:45:00",0.309,0.202,2
"1306","2026-10-09 12:46:00",0.31,0.15,2
"1307","2026-10-09 12:47:00",0.302,0.114,2
"1308","2026-10-09 12:48:00",0.299,0.085,2
"1309","2026-10-09 12:49:00",0.313,0.105,2
"1310","2026-10-09 12:50:00",0.328,0.111,2
"1311","2026-10-09 12:51:00",0.352,0.115,2
"1312","2026-10-09 12:52:00",0.386,0.194,2
"1313","2026-10-09 12:53:00",0.405,0.26,2
"1314","2026-10-09 12:54:00",0.429,0.322,2
"1315","2026-10-09 12:55:00",0.501,0.559,1
"1316","2026-10-09 12:56:00",0.621,0.872,2
"1317","2026-10-09 12:57:00",0.618,0.932,2
"1318","2026-10-09 12:58:00",0.63,0.958,1
"1319","2026-10-09 12:59:00",0.642,0.999,2
"1320","2026-10-09 13:00:00",0.657,1.021,2
"1321","2026-10-09 13:01:00",0.691,1.079,1
"1322","2026-10-09 13:02:00",0.727,1.16,1
"1323","2026-10-09 13:03:00",0.731,1.199,2
"1324","2026-10-09 13:04:00",0.658,0.956,2
"1325","2026-10-09 13:05:00",0.627,0.857,1
"1326","2026-10-09 13:06:00",0.651,0.918,2
"1327","2026-10-09 13:07:00",0.675,0.987,2
"1328","2026-10-09 13:08:00",0.974,1.474,1
"1329","2026-10-09 13:09:00",1.068,1.683,1
"1330","2026-10-09 13:10:00",1.095,1.774,2
"1331","2026-10-09 13:11:00",1.108,1.852,1
"1332","2026-10-09 13:12:00",1.121,1.874,1
"1333","2026-10-09 13:13:00",1.187,2.095,1
"1334","2026-10-09 13:14:00",5.6,11.722,2
"1335","2026-10-09 13:15:00",2.311,5.196,2
"1336","2026-10-09 13:16:00",0.947,1.882,1
"1337","2026-10-09 13:17:00",0.77,1.124,2
"1338","2026-10-09 13:18:00",0.82,1.216,1
"1339","2026-10-09 13:19:00",0.983,1.705,1
"1340","2026-10-09 13:20:00",1.013,1.795,2
"1341","2026-10-09 13:21:00",1.042,1.851,1
"1342","2026-10-09 13:22:00",1.201,2.233,1
"1343","2026-10-09 13:23:00",1.266,2.411,1
"1344","2026-10-09 13:24:00",1.274,2.474,2
"1345","2026-10-09 13:25:00",1.245,2.411,1
"1346","2026-10-09 13:26:00",1.171,2.29,2
"1347","2026-10-09 13:27:00",1.018,1.992,2
"1348","2026-10-09 13:28:00",0.913,1.648,1
"1349","2026-10-09 13:29:00",0.839,1.512,1
"1350","2026-10-09 13:30:00",0.658,1.195,1
"1351","2026-10-09 13:31:00",0.49,0.792,2
"1352","2026-10-09 13:32:00",0.443,0.649,1
"1353","2026-10-09 13:33:00",0.422,0.596,1
"1354","2026-10-09 13:34:00",0.441,0.626,2
"1355","2026-10-09 13:35:00",0.494,0.721,1
"1356","2026-10-09 13:36:00",0.549,0.914,1
"1357","2026-10-09 13:37:00",0.587,1.073,2
"1358","2026-10-09 13:38:00",0.728,1.283,2
"1359","2026-10-09 13:39:00",1.056,1.963,1
"1360","2026-10-09 13:40:00",1.144,2.175,1
"1361","2026-10-09 13:41:00",1.191,2.317,2
"1362","2026-10-09 13:42:00",1.181,2.359,2
"1363","2026-10-09 13:43:00",1.168,2.368,1
"1364","2026-10-09 13:44:00",1.152,2.336,2
"1365","2026-10-09 13:45:00",1.089,2.102,2
"1366","2026-10-09 13:46:00",1.058,2.036,1
"1367","2026-10-09 13:47:00",0.717,1.415,1
"1368","2026-10-09 13:48:00",0.564,1.039,2
"1369","2026-10-09 13:49:00",0.521,0.893,1
"1370","2026-10-09 13:50:00",0.465,0.743,1
"1371","2026-10-09 13:51:00",0.432,0.643,2
"1372","2026-10-09 13:52:00",0.396,0.515,2
"1373","2026-10-09 13:53:00",0.376,0.452,2
"1374","2026-10-09 13:54:00",0.337,0.337,2
"1375","2026-10-09 13:55:00",0.347,0.329,2
"1376","2026-10-09 13:56:00",0.354,0.452,1
"1377","2026-10-09 13:57:00",0.344,0.466,1
"1378","2026-10-09 13:58:00",0.354,0.481,2
"1379","2026-10-09 13:59:00",0.359,0.557,1
"1380","2026-10-09 14:00:00",0.378,0.598,1
"1381","2026-10-09 14:01:00",0.377,0.6,1
"1382","2026-10-09 14:02:00",0.373,0.553,2
"1383","2026-10-09 14:03:00",0.368,0.529,1
"1384","2026-10-09 14:04:00",0.437,0.666,2
"1385","2026-10-09 14:05:00",0.857,1.337,2
"1386","2026-10-09 14:06:00",1.012,1.819,1
"1387","2026-10-09 14:07:00",1.039,1.94,1
"1388","2026-10-09 14:08:00",1.078,2.01,1
"1389","2026-10-09 14:09:00",1.101,2.111,2
"1390","2026-10-09 14:10:00",1.125,2.181,1
"1391","2026-10-09 14:11:00",1.156,2.292,1
"1392","2026-10-09 14:12:00",1.157,2.369,2
"1393","2026-10-09 14:13:00",1.035,2.129,1
"1394","2026-10-09 14:14:00",0.561,1.061,1
"1395","2026-10-09 14:15:00",0.444,0.785,2
"1396","2026-10-09 14:16:00",0.397,0.659,1
"1397","2026-10-09 14:17:00",0.364,0.522,1
"1398","2026-10-09 14:18:00",0.334,0.423,1
"1399","2026-10-09 14:19:00",0.302,0.317,2
"1400","2026-10-09 14:20:00",0.287,0.166,2
"1401","2026-10-09 14:21:00",0.274,0.073,2
"1402","2026-10-09 14:22:00",0.237,-0.014,2
"1403","2026-10-09 14:23:00",0.232,-0.086,2
"1404","2026-10-09 14:24:00",0.225,-0.104,2
"1405","2026-10-09 14:25:00",0.215,-0.113,2
"1406","2026-10-09 14:26:00",0.225,-0.115,2
"1407","2026-10-09 14:27:00",0.229,-0.073,2
"1408","2026-10-09 14:28:00",0.244,-0.018,2
"1409","2026-10-09 14:29:00",0.246,0.056,2
"1410","2026-10-09 14:30:00",0.243,0.065,2
"1411","2026-10-09 14:31:00",0.252,0.126,2
"1412","2026-10-09 14:32:00",0.256,0.151,2
"1413","2026-10-09 14:33:00",0.271,0.161,2
"1414","2026-10-09 14:34:00",0.279,0.173,2
"1415","2026-10-09 14:35:00",0.298,0.195,2
"1416","2026-10-09 14:36:00",0.304,0.197,2
"1417","2026-10-09 14:37:00",0.301,0.23,2
"1418","2026-10-09 14:38:00",0.311,0.261,2
"1419","2026-10-09 14:39:00",0.326,0.325,2
"1420","2026-10-09 14:40:00",0.346,0.338,2
"1421","2026-10-09 14:41:00",0.431,0.59,1
"1422","2026-10-09 14:42:00",0.533,0.989,2
"1423","2026-10-09 14:43:00",0.567,1.113,2
"1424","2026-10-09 14:44:00",0.603,1.214,1
"1425","2026-10-09 14:45:00",0.741,1.531,1
"1426","2026-10-09 14:46:00",0.965,2.034,2
"1427","2026-10-09 14:47:00",1.006,2.157,2
"1428","2026-10-09 14:48:00",1.02,2.219,1
"1429","2026-10-09 14:49:00",1.023,2.208,1
"1430","2026-10-09 14:50:00",0.872,1.783,2
"1431","2026-10-09 14:51:00",0.797,1.585,1
"1432","2026-10-09 14:52:00",0.745,1.467,1
"1433","2026-10-09 14:53:00",0.669,1.28,2
"1434","2026-10-09 14:54:00",0.477,0.907,1
"1435","2026-10-09 14:55:00",0.3,0.471,1
"1436","2026-10-09 14:56:00",0.301,0.401,1
"1437","2026-10-09 14:57:00",0.371,0.592,2
"1438","2026-10-09 14:58:00",0.448,0.868,2
"1439","2026-10-09 14:59:00",0.506,1.086,1
