"","date..UTC.0.","NO..ppb.","NO..ppb.y","Flag"
"1","2026-06-29 16:00:00",0.51,1.376,0
"2","2026-06-29 16:01:00",0.46,1.183,2
"3","2026-06-29 16:02:00",0.407,0.899,0
"4","2026-06-29 16:03:00",0.351,0.684,0
"5","2026-06-29 16:04:00",0.324,0.549,0
"6","2026-06-29 16:05:00",0.265,0.417,0
"7","2026-06-29 16:06:00",0.247,0.347,0
"8","2026-06-29 16:07:00",0.288,0.456,0
"9","2026-06-29 16:08:00",0.325,0.591,2
"10","2026-06-29 16:09:00",0.366,0.756,0
"11","2026-06-29 16:10:00",0.403,0.872,2
"12","2026-06-29 16:11:00",0.411,0.956,2
"13","2026-06-29 16:12:00",0.435,1.044,2
"14","2026-06-29 16:13:00",0.452,1.097,0
"15","2026-06-29 16:14:00",0.471,1.091,0
"16","2026-06-29 16:15:00",0.447,0.977,2
"17","2026-06-29 16:16:00",0.4,0.856,0
"18","2026-06-29 16:17:00",0.35,0.749,0
"19","2026-06-29 16:18:00",0.318,0.676,2
"20","2026-06-29 16:19:00",0.323,0.642,2
"21","2026-06-29 16:20:00",0.332,0.677,0
"22","2026-06-29 16:21:00",0.344,0.693,2
"23","2026-06-29 16:22:00",0.345,0.725,2
"24","2026-06-29 16:23:00",0.343,0.782,0
"25","2026-06-29 16:24:00",0.375,0.838,0
"26","2026-06-29 16:25:00",0.401,0.895,2
"27","2026-06-29 16:26:00",0.413,1.001,2
"28","2026-06-29 16:27:00",0.428,1.05,0
"29","2026-06-29 16:28:00",0.421,1.155,2
"30","2026-06-29 16:29:00",0.449,1.252,2
"31","2026-06-29 16:30:00",0.475,1.409,0
"32","2026-06-29 16:31:00",0.496,1.531,0
"33","2026-06-29 16:32:00",0.498,1.559,2
"34","2026-06-29 16:33:00",0.489,1.612,0
"35","2026-06-29 16:34:00",0.492,1.679,0
"36","2026-06-29 16:35:00",0.492,1.646,0
"37","2026-06-29 16:36:00",0.482,1.572,2
"38","2026-06-29 16:37:00",0.463,1.465,2
"39","2026-06-29 16:38:00",0.428,1.274,0
"40","2026-06-29 16:39:00",0.397,1.165,2
"41","2026-06-29 16:40:00",0.383,1.114,0
"42","2026-06-29 16:41:00",0.415,1.214,0
"43","2026-06-29 16:42:00",0.398,1.09,2
"44","2026-06-29 16:43:00",0.384,1.055,0
"45","2026-06-29 16:44:00",0.39,1.024,0
"46","2026-06-29 16:45:00",0.435,1.137,0
"47","2026-06-29 16:46:00",0.47,1.263,2
"48","2026-06-29 16:47:00",0.515,1.445,0
"49","2026-06-29 16:48:00",0.54,1.538,2
"50","2026-06-29 16:49:00",0.518,1.47,2
"51","2026-06-29 16:50:00",0.507,1.436,0
"52","2026-06-29 16:51:00",0.518,1.461,0
"53","2026-06-29 16:52:00",0.533,1.496,0
"54","2026-06-29 16:53:00",0.499,1.414,2
"55","2026-06-29 16:54:00",0.459,1.25,0
"56","2026-06-29 16:55:00",0.426,1.097,0
"57","2026-06-29 16:56:00",0.393,0.91,2
"58","2026-06-29 16:57:00",0.373,0.82,2
"59","2026-06-29 16:58:00",0.343,0.696,0
"60","2026-06-29 16:59:00",0.339,0.662,2
"61","2026-06-29 17:00:00",0.316,0.602,0
"62","2026-06-29 17:01:00",0.294,0.609,0
"63","2026-06-29 17:02:00",0.273,0.58,0
"64","2026-06-29 17:03:00",0.246,0.56,2
"65","2026-06-29 17:04:00",0.212,0.577,2
"66","2026-06-29 17:05:00",0.202,0.634,0
"67","2026-06-29 17:06:00",0.198,0.649,2
"68","2026-06-29 17:07:00",0.192,0.677,2
"69","2026-06-29 17:08:00",0.185,0.686,0
"70","2026-06-29 17:09:00",0.204,0.668,0
"71","2026-06-29 17:10:00",0.216,0.675,2
"72","2026-06-29 17:11:00",0.209,0.685,0
"73","2026-06-29 17:12:00",0.221,0.667,0
"74","2026-06-29 17:13:00",0.226,0.647,2
"75","2026-06-29 17:14:00",0.219,0.639,2
"76","2026-06-29 17:15:00",0.211,0.614,2
"77","2026-06-29 17:16:00",0.203,0.592,0
"78","2026-06-29 17:17:00",0.189,0.569,2
"79","2026-06-29 17:18:00",0.17,0.513,0
"80","2026-06-29 17:19:00",0.165,0.448,0
"81","2026-06-29 17:20:00",0.152,0.423,0
"82","2026-06-29 17:21:00",0.144,0.401,0
"83","2026-06-29 17:22:00",0.172,0.44,0
"84","2026-06-29 17:23:00",0.225,0.545,0
"85","2026-06-29 17:24:00",0.263,0.589,2
"86","2026-06-29 17:25:00",0.287,0.62,0
"87","2026-06-29 17:26:00",0.308,0.689,2
"88","2026-06-29 17:27:00",0.325,0.734,2
"89","2026-06-29 17:28:00",0.33,0.812,0
"90","2026-06-29 17:29:00",0.349,0.861,0
"91","2026-06-29 17:30:00",0.325,0.835,0
"92","2026-06-29 17:31:00",0.279,0.748,2
"93","2026-06-29 17:32:00",0.255,0.702,0
"94","2026-06-29 17:33:00",0.238,0.653,0
"95","2026-06-29 17:34:00",0.235,0.681,2
"96","2026-06-29 17:35:00",0.218,0.659,0
"97","2026-06-29 17:36:00",0.219,0.65,0
"98","2026-06-29 17:37:00",0.219,0.669,2
"99","2026-06-29 17:38:00",0.227,0.669,2
"100","2026-06-29 17:39:00",0.232,0.689,0
"101","2026-06-29 17:40:00",0.25,0.733,0
"102","2026-06-29 17:41:00",0.266,0.859,2
"103","2026-06-29 17:42:00",0.304,1.043,2
"104","2026-06-29 17:43:00",0.326,1.165,0
"105","2026-06-29 17:44:00",0.347,1.205,2
"106","2026-06-29 17:45:00",0.368,1.309,2
"107","2026-06-29 17:46:00",0.467,1.817,0
"108","2026-06-29 17:47:00",0.497,1.965,0
"109","2026-06-29 17:48:00",0.526,2.156,2
"110","2026-06-29 17:49:00",0.554,2.301,0
"111","2026-06-29 17:50:00",0.548,2.465,0
"112","2026-06-29 17:51:00",0.541,2.498,2
"113","2026-06-29 17:52:00",0.578,2.694,2
"114","2026-06-29 17:53:00",0.631,2.911,2
"115","2026-06-29 17:54:00",0.625,2.902,0
"116","2026-06-29 17:55:00",0.553,2.501,2
"117","2026-06-29 17:56:00",0.54,2.552,0
"118","2026-06-29 17:57:00",0.523,2.517,0
"119","2026-06-29 17:58:00",0.515,2.486,2
"120","2026-06-29 17:59:00",0.507,2.317,0
"121","2026-06-29 18:00:00",0.49,2.321,0
"122","2026-06-29 18:01:00",0.456,2.342,0
"123","2026-06-29 18:02:00",0.424,2.292,2
"124","2026-06-29 18:03:00",0.411,2.352,0
"125","2026-06-29 18:04:00",0.425,2.447,2
"126","2026-06-29 18:05:00",0.444,2.398,2
"127","2026-06-29 18:06:00",0.429,2.272,0
"128","2026-06-29 18:07:00",0.434,2.282,0
"129","2026-06-29 18:08:00",0.511,2.636,0
"130","2026-06-29 18:09:00",0.583,2.956,2
"131","2026-06-29 18:10:00",0.606,3.06,0
"132","2026-06-29 18:11:00",0.608,3.115,0
"133","2026-06-29 18:12:00",0.602,3.013,2
"134","2026-06-29 18:13:00",0.581,3.019,0
"135","2026-06-29 18:14:00",0.563,3,0
"136","2026-06-29 18:15:00",0.535,2.905,2
"137","2026-06-29 18:16:00",0.484,2.626,0
"138","2026-06-29 18:17:00",0.389,1.999,0
"139","2026-06-29 18:18:00",0.464,2.22,0
"140","2026-06-29 18:19:00",0.484,2.263,2
"141","2026-06-29 18:20:00",0.496,2.442,2
"142","2026-06-29 18:21:00",0.517,2.407,0
"143","2026-06-29 18:22:00",0.492,2.217,2
"144","2026-06-29 18:23:00",0.481,2.202,2
"145","2026-06-29 18:24:00",0.483,2.212,0
"146","2026-06-29 18:25:00",0.476,2.22,0
"147","2026-06-29 18:26:00",0.437,2.033,2
"148","2026-06-29 18:27:00",0.293,1.346,0
"149","2026-06-29 18:28:00",0.24,0.984,0
"150","2026-06-29 18:29:00",0.213,0.763,2
"151","2026-06-29 18:30:00",0.198,0.692,2
"152","2026-06-29 18:31:00",0.193,0.64,2
"153","2026-06-29 18:32:00",0.201,0.609,2
"154","2026-06-29 18:33:00",0.202,0.622,2
"155","2026-06-29 18:34:00",0.203,0.641,0
"156","2026-06-29 18:35:00",0.199,0.651,0
"157","2026-06-29 18:36:00",0.192,0.732,2
"158","2026-06-29 18:37:00",0.193,0.83,0
"159","2026-06-29 18:38:00",0.213,0.939,0
"160","2026-06-29 18:39:00",0.229,1.044,2
"161","2026-06-29 18:40:00",0.219,1.125,2
"162","2026-06-29 18:41:00",0.211,1.141,0
"163","2026-06-29 18:42:00",0.208,1.154,2
"164","2026-06-29 18:43:00",0.204,1.153,2
"165","2026-06-29 18:44:00",0.186,1.082,0
"166","2026-06-29 18:45:00",0.18,1.002,0
"167","2026-06-29 18:46:00",0.168,0.895,0
"168","2026-06-29 18:47:00",0.151,0.788,2
"169","2026-06-29 18:48:00",0.142,0.775,0
"170","2026-06-29 18:49:00",0.146,0.801,0
"171","2026-06-29 18:50:00",0.146,0.775,2
"172","2026-06-29 18:51:00",0.174,0.813,0
"173","2026-06-29 18:52:00",0.181,0.824,0
"174","2026-06-29 18:53:00",0.183,0.855,2
"175","2026-06-29 18:54:00",0.188,0.885,0
"176","2026-06-29 18:55:00",0.192,0.951,0
"177","2026-06-29 18:56:00",0.203,1.026,0
"178","2026-06-29 18:57:00",0.215,1.051,2
"179","2026-06-29 18:58:00",0.218,1.144,2
"180","2026-06-29 18:59:00",0.201,1.223,0
"181","2026-06-29 19:00:00",0.183,1.275,2
"182","2026-06-29 19:01:00",0.185,1.347,0
"183","2026-06-29 19:02:00",0.185,1.408,0
"184","2026-06-29 19:03:00",0.186,1.418,0
"185","2026-06-29 19:04:00",0.178,1.423,2
"186","2026-06-29 19:05:00",0.177,1.346,0
"187","2026-06-29 19:06:00",0.167,1.282,0
"188","2026-06-29 19:07:00",0.193,1.222,2
"189","2026-06-29 19:08:00",0.203,1.22,2
"190","2026-06-29 19:09:00",0.204,1.238,2
"191","2026-06-29 19:10:00",0.228,1.313,2
"192","2026-06-29 19:11:00",0.251,1.473,2
"193","2026-06-29 19:12:00",0.271,1.614,0
"194","2026-06-29 19:13:00",0.276,1.838,0
"195","2026-06-29 19:14:00",0.29,2.149,2
"196","2026-06-29 19:15:00",0.29,2.52,0
"197","2026-06-29 19:16:00",0.281,2.635,0
"198","2026-06-29 19:17:00",0.293,2.938,2
"199","2026-06-29 19:18:00",0.314,3.311,2
"200","2026-06-29 19:19:00",0.286,3.248,0
"201","2026-06-29 19:20:00",0.28,3.371,2
"202","2026-06-29 19:21:00",0.281,3.484,2
"203","2026-06-29 19:22:00",0.276,3.321,0
"204","2026-06-29 19:23:00",0.277,3.134,0
"205","2026-06-29 19:24:00",0.273,2.928,2
"206","2026-06-29 19:25:00",0.272,2.9,2
"207","2026-06-29 19:26:00",0.241,2.388,0
"208","2026-06-29 19:27:00",0.232,2.26,2
"209","2026-06-29 19:28:00",0.232,2.198,2
"210","2026-06-29 19:29:00",0.232,1.855,0
"211","2026-06-29 19:30:00",0.219,1.721,0
"212","2026-06-29 19:31:00",0.237,1.754,2
"213","2026-06-29 19:32:00",0.255,1.914,0
"214","2026-06-29 19:33:00",0.267,2.013,0
"215","2026-06-29 19:34:00",0.27,2.099,0
"216","2026-06-29 19:35:00",0.288,2.244,2
"217","2026-06-29 19:36:00",0.281,2.393,2
"218","2026-06-29 19:37:00",0.28,2.469,0
"219","2026-06-29 19:38:00",0.288,2.534,2
"220","2026-06-29 19:39:00",0.287,2.594,0
"221","2026-06-29 19:40:00",0.258,2.529,0
"222","2026-06-29 19:41:00",0.23,2.485,0
"223","2026-06-29 19:42:00",0.226,2.507,0
"224","2026-06-29 19:43:00",0.216,2.504,0
"225","2026-06-29 19:44:00",0.212,2.456,0
"226","2026-06-29 19:45:00",0.21,2.309,2
"227","2026-06-29 19:46:00",0.204,2.369,0
"228","2026-06-29 19:47:00",0.204,2.424,2
"229","2026-06-29 19:48:00",0.216,2.458,2
"230","2026-06-29 19:49:00",0.225,2.66,0
"231","2026-06-29 19:50:00",0.235,2.704,0
"232","2026-06-29 19:51:00",0.229,2.732,0
"233","2026-06-29 19:52:00",0.226,2.819,2
"234","2026-06-29 19:53:00",0.226,2.888,0
"235","2026-06-29 19:54:00",0.209,2.979,0
"236","2026-06-29 19:55:00",0.197,2.944,2
"237","2026-06-29 19:56:00",0.183,2.916,2
"238","2026-06-29 19:57:00",0.159,2.668,0
"239","2026-06-29 19:58:00",0.155,2.516,2
"240","2026-06-29 19:59:00",0.16,2.471,2
"241","2026-06-29 20:00:00",0.158,2.394,0
"242","2026-06-29 20:01:00",0.145,2.372,0
"243","2026-06-29 20:02:00",0.171,2.666,2
"244","2026-06-29 20:03:00",0.189,2.826,2
"245","2026-06-29 20:04:00",0.214,3.079,0
"246","2026-06-29 20:05:00",0.224,3.253,2
"247","2026-06-29 20:06:00",0.218,3.308,2
"248","2026-06-29 20:07:00",0.201,3.267,0
"249","2026-06-29 20:08:00",0.197,3.245,0
"250","2026-06-29 20:09:00",0.186,3.128,2
"251","2026-06-29 20:10:00",0.17,2.851,0
"252","2026-06-29 20:11:00",0.164,2.6,0
"253","2026-06-29 20:12:00",0.147,2.338,2
"254","2026-06-29 20:13:00",0.135,2.063,2
"255","2026-06-29 20:14:00",0.123,1.998,2
"256","2026-06-29 20:15:00",0.124,1.993,0
"257","2026-06-29 20:16:00",0.129,1.981,2
"258","2026-06-29 20:17:00",0.124,1.992,0
"259","2026-06-29 20:18:00",0.139,1.994,0
"260","2026-06-29 20:19:00",0.143,1.989,2
"261","2026-06-29 20:20:00",0.131,1.972,0
"262","2026-06-29 20:21:00",0.121,1.965,0
"263","2026-06-29 20:22:00",0.117,1.948,0
"264","2026-06-29 20:23:00",0.127,1.957,2
"265","2026-06-29 20:24:00",0.141,2.05,0
"266","2026-06-29 20:25:00",0.132,2.077,2
"267","2026-06-29 20:26:00",0.143,2.109,2
"268","2026-06-29 20:27:00",0.151,2.238,0
"269","2026-06-29 20:28:00",0.154,2.342,0
"270","2026-06-29 20:29:00",0.183,2.713,0
"271","2026-06-29 20:30:00",0.221,3.06,2
"272","2026-06-29 20:31:00",0.24,3.349,0
"273","2026-06-29 20:32:00",0.243,3.499,0
"274","2026-06-29 20:33:00",0.236,3.661,2
"275","2026-06-29 20:34:00",0.219,3.952,0
"276","2026-06-29 20:35:00",0.213,4.09,0
"277","2026-06-29 20:36:00",0.217,4.334,2
"278","2026-06-29 20:37:00",0.212,4.323,2
"279","2026-06-29 20:38:00",0.173,4.266,0
"280","2026-06-29 20:39:00",0.164,4.116,0
"281","2026-06-29 20:40:00",0.124,4.057,2
"282","2026-06-29 20:41:00",0.137,4.061,2
"283","2026-06-29 20:42:00",0.136,4.033,0
"284","2026-06-29 20:43:00",0.142,3.986,2
"285","2026-06-29 20:44:00",0.146,3.922,2
"286","2026-06-29 20:45:00",0.148,3.899,0
"287","2026-06-29 20:46:00",0.138,3.882,0
"288","2026-06-29 20:47:00",0.134,3.84,2
"289","2026-06-29 20:48:00",0.153,3.878,0
"290","2026-06-29 20:49:00",0.166,3.857,0
"291","2026-06-29 20:50:00",0.146,3.814,2
"292","2026-06-29 20:51:00",0.136,3.776,2
"293","2026-06-29 20:52:00",0.14,3.757,2
"294","2026-06-29 20:53:00",0.134,3.723,2
"295","2026-06-29 20:54:00",0.136,3.697,2
"296","2026-06-29 20:55:00",0.141,3.646,0
"297","2026-06-29 20:56:00",0.133,3.644,0
"298","2026-06-29 20:57:00",0.123,3.62,2
"299","2026-06-29 20:58:00",0.129,3.621,0
"300","2026-06-29 20:59:00",0.145,3.599,0
"301","2026-06-29 21:00:00",0.151,3.571,0
"302","2026-06-29 21:01:00",0.138,3.668,2
"303","2026-06-29 21:02:00",0.139,3.788,0
"304","2026-06-29 21:03:00",0.144,3.9,2
"305","2026-06-29 21:04:00",0.154,4.059,2
"306","2026-06-29 21:05:00",0.16,4.266,0
"307","2026-06-29 21:06:00",0.155,4.482,0
"308","2026-06-29 21:07:00",0.164,4.757,0
"309","2026-06-29 21:08:00",0.176,5.002,2
"310","2026-06-29 21:09:00",0.197,5.224,0
"311","2026-06-29 21:10:00",0.214,5.313,0
"312","2026-06-29 21:11:00",0.21,5.352,2
"313","2026-06-29 21:12:00",0.196,5.358,0
"314","2026-06-29 21:13:00",0.204,5.291,0
"315","2026-06-29 21:14:00",0.202,5.212,2
"316","2026-06-29 21:15:00",0.261,5.216,0
"317","2026-06-29 21:16:00",0.423,5.737,0
"318","2026-06-29 21:17:00",0.645,6.656,0
"319","2026-06-29 21:18:00",0.842,7.521,2
"320","2026-06-29 21:19:00",0.968,8.383,2
"321","2026-06-29 21:20:00",1.058,9.021,0
"322","2026-06-29 21:21:00",1.077,9.222,2
"323","2026-06-29 21:22:00",1.074,9.178,2
"324","2026-06-29 21:23:00",1.094,9.44,0
"325","2026-06-29 21:24:00",0.991,9.488,0
"326","2026-06-29 21:25:00",0.752,8.675,2
"327","2026-06-29 21:26:00",0.527,7.636,0
"328","2026-06-29 21:27:00",0.398,7.093,0
"329","2026-06-29 21:28:00",0.212,5.982,2
"330","2026-06-29 21:29:00",0.166,5.479,2
"331","2026-06-29 21:30:00",0.182,5.492,2
"332","2026-06-29 21:31:00",0.21,5.527,2
"333","2026-06-29 21:32:00",0.227,5.296,2
"334","2026-06-29 21:33:00",0.225,4.937,0
"335","2026-06-29 21:34:00",0.248,5.014,0
"336","2026-06-29 21:35:00",0.234,4.825,2
"337","2026-06-29 21:36:00",0.229,4.749,0
"338","2026-06-29 21:37:00",0.232,4.757,0
"339","2026-06-29 21:38:00",0.226,4.777,2
"340","2026-06-29 21:39:00",0.198,4.663,2
"341","2026-06-29 21:40:00",0.157,4.517,0
"342","2026-06-29 21:41:00",0.141,4.498,2
"343","2026-06-29 21:42:00",0.134,4.477,2
"344","2026-06-29 21:43:00",0.111,4.434,0
"345","2026-06-29 21:44:00",0.111,4.336,0
"346","2026-06-29 21:45:00",0.114,4.16,2
"347","2026-06-29 21:46:00",0.116,4.028,2
"348","2026-06-29 21:47:00",0.097,3.93,0
"349","2026-06-29 21:48:00",0.098,3.869,0
"350","2026-06-29 21:49:00",0.114,3.891,2
"351","2026-06-29 21:50:00",0.14,3.98,0
"352","2026-06-29 21:51:00",0.157,4.073,0
"353","2026-06-29 21:52:00",0.166,4.124,2
"354","2026-06-29 21:53:00",0.159,4.231,0
"355","2026-06-29 21:54:00",0.175,4.325,0
"356","2026-06-29 21:55:00",0.199,4.436,0
"357","2026-06-29 21:56:00",0.207,4.547,2
"358","2026-06-29 21:57:00",0.202,4.565,2
"359","2026-06-29 21:58:00",0.163,4.465,0
"360","2026-06-29 21:59:00",0.134,4.365,2
"361","2026-06-29 22:00:00",0.124,4.301,2
"362","2026-06-29 22:01:00",0.129,4.216,0
"363","2026-06-29 22:02:00",0.118,4.166,0
"364","2026-06-29 22:03:00",0.12,4.063,2
"365","2026-06-29 22:04:00",0.131,3.962,0
"366","2026-06-29 22:05:00",0.134,3.87,0
"367","2026-06-29 22:06:00",0.154,3.737,2
"368","2026-06-29 22:07:00",0.17,3.64,2
"369","2026-06-29 22:08:00",0.173,3.587,2
"370","2026-06-29 22:09:00",0.182,3.523,2
"371","2026-06-29 22:10:00",0.175,3.499,2
"372","2026-06-29 22:11:00",0.171,3.488,0
"373","2026-06-29 22:12:00",0.153,3.526,0
"374","2026-06-29 22:13:00",0.149,3.565,2
"375","2026-06-29 22:14:00",0.147,3.571,0
"376","2026-06-29 22:15:00",0.161,3.629,0
"377","2026-06-29 22:16:00",0.164,3.663,2
"378","2026-06-29 22:17:00",0.172,3.671,2
"379","2026-06-29 22:18:00",0.171,3.7,0
"380","2026-06-29 22:19:00",0.206,3.736,2
"381","2026-06-29 22:20:00",0.217,3.748,2
"382","2026-06-29 22:21:00",0.213,3.721,0
"383","2026-06-29 22:22:00",0.19,3.709,0
"384","2026-06-29 22:23:00",0.16,3.72,2
"385","2026-06-29 22:24:00",0.116,3.708,2
"386","2026-06-29 22:25:00",0.1,3.686,0
"387","2026-06-29 22:26:00",0.105,3.725,2
"388","2026-06-29 22:27:00",0.092,3.748,2
"389","2026-06-29 22:28:00",0.071,3.736,0
"390","2026-06-29 22:29:00",0.071,3.766,0
"391","2026-06-29 22:30:00",0.084,3.812,2
"392","2026-06-29 22:31:00",0.093,3.816,0
"393","2026-06-29 22:32:00",0.097,3.825,0
"394","2026-06-29 22:33:00",0.124,3.865,0
"395","2026-06-29 22:34:00",0.133,3.907,2
"396","2026-06-29 22:35:00",0.135,3.952,2
"397","2026-06-29 22:36:00",0.117,3.987,0
"398","2026-06-29 22:37:00",0.104,4.026,2
"399","2026-06-29 22:38:00",0.105,4.085,0
"400","2026-06-29 22:39:00",0.116,4.117,0
"401","2026-06-29 22:40:00",0.127,4.143,0
"402","2026-06-29 22:41:00",0.128,4.137,0
"403","2026-06-29 22:42:00",0.141,4.135,0
"404","2026-06-29 22:43:00",0.138,4.079,0
"405","2026-06-29 22:44:00",0.156,3.973,2
"406","2026-06-29 22:45:00",0.17,3.947,0
"407","2026-06-29 22:46:00",0.176,3.908,2
"408","2026-06-29 22:47:00",0.177,3.865,2
"409","2026-06-29 22:48:00",0.168,3.803,0
"410","2026-06-29 22:49:00",0.154,3.802,0
"411","2026-06-29 22:50:00",0.148,3.847,0
"412","2026-06-29 22:51:00",0.132,3.884,2
"413","2026-06-29 22:52:00",0.134,3.978,0
"414","2026-06-29 22:53:00",0.125,4.042,0
"415","2026-06-29 22:54:00",0.126,4.118,2
"416","2026-06-29 22:55:00",0.116,4.222,2
"417","2026-06-29 22:56:00",0.115,4.273,0
"418","2026-06-29 22:57:00",0.123,4.353,2
"419","2026-06-29 22:58:00",0.125,4.414,2
"420","2026-06-29 22:59:00",0.107,4.414,0
"421","2026-06-29 23:00:00",0.096,4.417,0
"422","2026-06-29 23:01:00",0.095,4.421,2
"423","2026-06-29 23:02:00",0.1,4.343,2
"424","2026-06-29 23:03:00",0.099,4.26,0
"425","2026-06-29 23:04:00",0.097,4.236,2
"426","2026-06-29 23:05:00",0.093,4.17,2
"427","2026-06-29 23:06:00",0.092,4.081,0
"428","2026-06-29 23:07:00",0.116,4.012,0
"429","2026-06-29 23:08:00",0.131,3.968,2
"430","2026-06-29 23:09:00",0.145,3.904,0
"431","2026-06-29 23:10:00",0.149,3.835,0
"432","2026-06-29 23:11:00",0.174,3.805,2
"433","2026-06-29 23:12:00",0.177,3.822,2
"434","2026-06-29 23:13:00",0.163,3.857,2
"435","2026-06-29 23:14:00",0.176,3.948,0
"436","2026-06-29 23:15:00",0.192,4.044,2
"437","2026-06-29 23:16:00",0.199,4.13,0
"438","2026-06-29 23:17:00",0.187,4.123,0
"439","2026-06-29 23:18:00",0.189,4.178,2
"440","2026-06-29 23:19:00",0.174,4.238,0
"441","2026-06-29 23:20:00",0.163,4.264,0
"442","2026-06-29 23:21:00",0.187,4.242,0
"443","2026-06-29 23:22:00",0.195,4.225,2
"444","2026-06-29 23:23:00",0.162,4.206,0
"445","2026-06-29 23:24:00",0.152,4.232,2
"446","2026-06-29 23:25:00",0.15,4.275,2
"447","2026-06-29 23:26:00",0.14,4.387,0
"448","2026-06-29 23:27:00",0.125,4.422,0
"449","2026-06-29 23:28:00",0.126,4.42,0
"450","2026-06-29 23:29:00",0.137,4.412,2
"451","2026-06-29 23:30:00",0.127,4.435,0
"452","2026-06-29 23:31:00",0.117,4.44,0
"453","2026-06-29 23:32:00",0.097,4.434,2
"454","2026-06-29 23:33:00",0.078,4.394,0
"455","2026-06-29 23:34:00",0.075,4.373,0
"456","2026-06-29 23:35:00",0.087,4.333,2
"457","2026-06-29 23:36:00",0.093,4.344,2
"458","2026-06-29 23:37:00",0.084,4.315,0
"459","2026-06-29 23:38:00",0.068,4.326,0
"460","2026-06-29 23:39:00",0.073,4.282,2
"461","2026-06-29 23:40:00",0.079,4.237,2
"462","2026-06-29 23:41:00",0.084,4.223,0
"463","2026-06-29 23:42:00",0.09,4.177,2
"464","2026-06-29 23:43:00",0.1,4.204,2
"465","2026-06-29 23:44:00",0.096,4.265,0
"466","2026-06-29 23:45:00",0.107,4.313,0
"467","2026-06-29 23:46:00",0.117,4.362,2
"468","2026-06-29 23:47:00",0.14,4.369,0
"469","2026-06-29 23:48:00",0.145,4.366,0
"470","2026-06-29 23:49:00",0.16,4.438,2
"471","2026-06-29 23:50:00",0.158,4.53,2
"472","2026-06-29 23:51:00",0.158,4.579,2
"473","2026-06-29 23:52:00",0.16,4.639,2
"474","2026-06-29 23:53:00",0.149,4.778,2
"475","2026-06-29 23:54:00",0.125,4.962,0
"476","2026-06-29 23:55:00",0.138,4.975,0
"477","2026-06-29 23:56:00",0.122,5.056,2
"478","2026-06-29 23:57:00",0.101,5.157,0
"479","2026-06-29 23:58:00",0.113,5.102,0
"480","2026-06-29 23:59:00",0.115,5.078,0
"481","2026-06-30",0.112,5.122,2
"482","2026-06-30 00:01:00",0.127,5.062,0
"483","2026-06-30 00:02:00",0.127,4.941,2
"484","2026-06-30 00:03:00",0.129,4.978,2
"485","2026-06-30 00:04:00",0.128,5.089,0
"486","2026-06-30 00:05:00",0.138,5.125,0
"487","2026-06-30 00:06:00",0.144,5.193,0
"488","2026-06-30 00:07:00",0.136,5.25,2
"489","2026-06-30 00:08:00",0.133,5.279,0
"490","2026-06-30 00:09:00",0.139,5.277,0
"491","2026-06-30 00:10:00",0.13,5.305,2
"492","2026-06-30 00:11:00",0.149,5.211,0
"493","2026-06-30 00:12:00",0.156,5.239,0
"494","2026-06-30 00:13:00",0.142,5.268,2
"495","2026-06-30 00:14:00",0.134,5.372,0
"496","2026-06-30 00:15:00",0.139,5.409,0
"497","2026-06-30 00:16:00",0.128,5.402,0
"498","2026-06-30 00:17:00",0.133,5.412,2
"499","2026-06-30 00:18:00",0.137,5.394,2
"500","2026-06-30 00:19:00",0.14,5.428,0
"501","2026-06-30 00:20:00",0.132,5.458,2
"502","2026-06-30 00:21:00",0.153,5.376,0
"503","2026-06-30 00:22:00",0.151,5.284,0
"504","2026-06-30 00:23:00",0.158,5.31,0
"505","2026-06-30 00:24:00",0.156,5.41,2
"506","2026-06-30 00:25:00",0.145,5.46,0
"507","2026-06-30 00:26:00",0.141,5.516,0
"508","2026-06-30 00:27:00",0.14,5.559,2
"509","2026-06-30 00:28:00",0.14,5.562,2
"510","2026-06-30 00:29:00",0.132,5.689,2
"511","2026-06-30 00:30:00",0.137,5.779,2
"512","2026-06-30 00:31:00",0.149,5.713,2
"513","2026-06-30 00:32:00",0.132,5.683,0
"514","2026-06-30 00:33:00",0.124,5.575,0
"515","2026-06-30 00:34:00",0.121,5.596,2
"516","2026-06-30 00:35:00",0.116,5.61,0
"517","2026-06-30 00:36:00",0.111,5.653,0
"518","2026-06-30 00:37:00",0.095,5.644,2
"519","2026-06-30 00:38:00",0.081,5.576,2
"520","2026-06-30 00:39:00",0.077,5.583,0
"521","2026-06-30 00:40:00",0.091,5.594,2
"522","2026-06-30 00:41:00",0.102,5.574,2
"523","2026-06-30 00:42:00",0.125,5.601,0
"524","2026-06-30 00:43:00",0.151,5.551,0
"525","2026-06-30 00:44:00",0.148,5.518,2
"526","2026-06-30 00:45:00",0.157,5.487,2
"527","2026-06-30 00:46:00",0.167,5.499,0
"528","2026-06-30 00:47:00",0.179,5.429,0
"529","2026-06-30 00:48:00",0.182,5.394,2
"530","2026-06-30 00:49:00",0.185,5.37,0
"531","2026-06-30 00:50:00",0.202,5.358,0
"532","2026-06-30 00:51:00",0.189,5.387,2
"533","2026-06-30 00:52:00",0.177,5.387,0
"534","2026-06-30 00:53:00",0.183,5.357,0
"535","2026-06-30 00:54:00",0.181,5.307,0
"536","2026-06-30 00:55:00",0.187,5.254,2
"537","2026-06-30 00:56:00",0.188,5.214,2
"538","2026-06-30 00:57:00",0.19,5.196,0
"539","2026-06-30 00:58:00",0.177,5.185,2
"540","2026-06-30 00:59:00",0.158,5.079,0
"541","2026-06-30 01:00:00",0.169,4.976,0
"542","2026-06-30 01:01:00",0.168,4.958,0
"543","2026-06-30 01:02:00",0.171,4.952,0
"544","2026-06-30 01:03:00",0.173,4.891,0
"545","2026-06-30 01:04:00",0.172,4.85,0
"546","2026-06-30 01:05:00",0.156,4.882,2
"547","2026-06-30 01:06:00",0.166,4.869,0
"548","2026-06-30 01:07:00",0.168,4.872,2
"549","2026-06-30 01:08:00",0.175,4.902,2
"550","2026-06-30 01:09:00",0.177,4.873,2
"551","2026-06-30 01:10:00",0.186,4.819,0
"552","2026-06-30 01:11:00",0.165,4.919,0
"553","2026-06-30 01:12:00",0.156,4.939,2
"554","2026-06-30 01:13:00",0.165,4.948,0
"555","2026-06-30 01:14:00",0.189,4.874,0
"556","2026-06-30 01:15:00",0.199,4.829,2
"557","2026-06-30 01:16:00",0.189,4.839,2
"558","2026-06-30 01:17:00",0.208,4.796,0
"559","2026-06-30 01:18:00",0.224,4.811,2
"560","2026-06-30 01:19:00",0.232,4.777,2
"561","2026-06-30 01:20:00",0.243,4.718,0
"562","2026-06-30 01:21:00",0.258,4.659,0
"563","2026-06-30 01:22:00",0.252,4.63,2
"564","2026-06-30 01:23:00",0.226,4.626,2
"565","2026-06-30 01:24:00",0.249,4.548,0
"566","2026-06-30 01:25:00",0.23,4.503,2
"567","2026-06-30 01:26:00",0.214,4.51,2
"568","2026-06-30 01:27:00",0.209,4.468,0
"569","2026-06-30 01:28:00",0.203,4.496,0
"570","2026-06-30 01:29:00",0.194,4.518,2
"571","2026-06-30 01:30:00",0.191,4.522,0
"572","2026-06-30 01:31:00",0.189,4.57,0
"573","2026-06-30 01:32:00",0.173,4.583,2
"574","2026-06-30 01:33:00",0.193,4.621,2
"575","2026-06-30 01:34:00",0.19,4.626,2
"576","2026-06-30 01:35:00",0.193,4.641,0
"577","2026-06-30 01:36:00",0.197,4.598,2
"578","2026-06-30 01:37:00",0.175,4.57,0
"579","2026-06-30 01:38:00",0.164,4.512,0
"580","2026-06-30 01:39:00",0.171,4.514,0
"581","2026-06-30 01:40:00",0.171,4.462,0
"582","2026-06-30 01:41:00",0.179,4.451,0
"583","2026-06-30 01:42:00",0.167,4.424,0
"584","2026-06-30 01:43:00",0.169,4.451,2
"585","2026-06-30 01:44:00",0.151,4.502,0
"586","2026-06-30 01:45:00",0.161,4.492,2
"587","2026-06-30 01:46:00",0.153,4.54,2
"588","2026-06-30 01:47:00",0.147,4.588,0
"589","2026-06-30 01:48:00",0.143,4.614,0
"590","2026-06-30 01:49:00",0.147,4.682,0
"591","2026-06-30 01:50:00",0.146,4.63,2
"592","2026-06-30 01:51:00",0.154,4.61,0
"593","2026-06-30 01:52:00",0.163,4.557,0
"594","2026-06-30 01:53:00",0.172,4.488,2
"595","2026-06-30 01:54:00",0.166,4.503,0
"596","2026-06-30 01:55:00",0.175,4.503,0
"597","2026-06-30 01:56:00",0.181,4.513,2
"598","2026-06-30 01:57:00",0.193,4.45,2
"599","2026-06-30 01:58:00",0.196,4.458,0
"600","2026-06-30 01:59:00",0.194,4.429,0
"601","2026-06-30 02:00:00",0.184,4.46,2
"602","2026-06-30 02:01:00",0.192,4.473,2
"603","2026-06-30 02:02:00",0.198,4.482,0
"604","2026-06-30 02:03:00",0.187,4.499,2
"605","2026-06-30 02:04:00",0.19,4.466,2
"606","2026-06-30 02:05:00",0.182,4.523,0
"607","2026-06-30 02:06:00",0.178,4.616,0
"608","2026-06-30 02:07:00",0.185,4.688,2
"609","2026-06-30 02:08:00",0.208,4.719,0
"610","2026-06-30 02:09:00",0.216,4.793,0
"611","2026-06-30 02:10:00",0.233,4.813,2
"612","2026-06-30 02:11:00",0.24,4.921,2
"613","2026-06-30 02:12:00",0.228,4.996,2
"614","2026-06-30 02:13:00",0.246,5.013,2
"615","2026-06-30 02:14:00",0.232,4.965,2
"616","2026-06-30 02:15:00",0.205,5.017,0
"617","2026-06-30 02:16:00",0.173,5.087,0
"618","2026-06-30 02:17:00",0.156,5.126,2
"619","2026-06-30 02:18:00",0.132,5.191,0
"620","2026-06-30 02:19:00",0.099,5.245,0
"621","2026-06-30 02:20:00",0.101,5.257,0
"622","2026-06-30 02:21:00",0.114,5.262,2
"623","2026-06-30 02:22:00",0.123,5.278,0
"624","2026-06-30 02:23:00",0.135,5.24,2
"625","2026-06-30 02:24:00",0.151,5.169,2
"626","2026-06-30 02:25:00",0.17,5.127,0
"627","2026-06-30 02:26:00",0.188,5.048,0
"628","2026-06-30 02:27:00",0.198,5.018,0
"629","2026-06-30 02:28:00",0.205,4.967,2
"630","2026-06-30 02:29:00",0.235,4.869,0
"631","2026-06-30 02:30:00",0.221,4.884,0
"632","2026-06-30 02:31:00",0.216,4.882,2
"633","2026-06-30 02:32:00",0.205,4.898,0
"634","2026-06-30 02:33:00",0.175,4.929,0
"635","2026-06-30 02:34:00",0.163,4.951,2
"636","2026-06-30 02:35:00",0.151,4.922,0
"637","2026-06-30 02:36:00",0.16,4.87,0
"638","2026-06-30 02:37:00",0.152,4.827,0
"639","2026-06-30 02:38:00",0.141,4.884,2
"640","2026-06-30 02:39:00",0.134,4.867,2
"641","2026-06-30 02:40:00",0.124,4.873,0
"642","2026-06-30 02:41:00",0.136,4.845,2
"643","2026-06-30 02:42:00",0.162,4.805,2
"644","2026-06-30 02:43:00",0.167,4.747,0
"645","2026-06-30 02:44:00",0.161,4.809,0
"646","2026-06-30 02:45:00",0.137,4.877,2
"647","2026-06-30 02:46:00",0.128,4.891,0
"648","2026-06-30 02:47:00",0.091,4.834,0
"649","2026-06-30 02:48:00",0.085,4.768,2
"650","2026-06-30 02:49:00",0.077,4.694,2
"651","2026-06-30 02:50:00",0.067,4.694,2
"652","2026-06-30 02:51:00",0.054,4.692,2
"653","2026-06-30 02:52:00",0.047,4.638,2
"654","2026-06-30 02:53:00",0.066,4.596,0
"655","2026-06-30 02:54:00",0.073,4.529,0
"656","2026-06-30 02:55:00",0.112,4.516,2
"657","2026-06-30 02:56:00",0.152,4.497,0
"658","2026-06-30 02:57:00",0.157,4.505,0
"659","2026-06-30 02:58:00",0.17,4.52,2
"660","2026-06-30 02:59:00",0.184,4.502,2
"661","2026-06-30 03:00:00",0.164,4.538,0
"662","2026-06-30 03:01:00",0.169,4.532,2
"663","2026-06-30 03:02:00",0.147,4.504,2
"664","2026-06-30 03:03:00",0.155,4.52,0
"665","2026-06-30 03:04:00",0.127,4.508,0
"666","2026-06-30 03:05:00",0.113,4.488,2
"667","2026-06-30 03:06:00",0.117,4.441,2
"668","2026-06-30 03:07:00",0.11,4.424,0
"669","2026-06-30 03:08:00",0.101,4.424,0
"670","2026-06-30 03:09:00",0.12,4.433,2
"671","2026-06-30 03:10:00",0.109,4.431,0
"672","2026-06-30 03:11:00",0.123,4.404,0
"673","2026-06-30 03:12:00",0.125,4.38,2
"674","2026-06-30 03:13:00",0.115,4.382,0
"675","2026-06-30 03:14:00",0.093,4.375,0
"676","2026-06-30 03:15:00",0.088,4.395,0
"677","2026-06-30 03:16:00",0.106,4.324,2
"678","2026-06-30 03:17:00",0.107,4.34,2
"679","2026-06-30 03:18:00",0.108,4.299,0
"680","2026-06-30 03:19:00",0.104,4.257,2
"681","2026-06-30 03:20:00",0.074,4.242,0
"682","2026-06-30 03:21:00",0.066,4.196,0
"683","2026-06-30 03:22:00",0.07,4.183,0
"684","2026-06-30 03:23:00",0.08,4.175,2
"685","2026-06-30 03:24:00",0.089,4.191,0
"686","2026-06-30 03:25:00",0.105,4.185,0
"687","2026-06-30 03:26:00",0.108,4.191,2
"688","2026-06-30 03:27:00",0.11,4.15,0
"689","2026-06-30 03:28:00",0.109,4.119,2
"690","2026-06-30 03:29:00",0.124,4.136,2
"691","2026-06-30 03:30:00",0.123,4.123,2
"692","2026-06-30 03:31:00",0.13,4.052,0
"693","2026-06-30 03:32:00",0.117,3.998,0
"694","2026-06-30 03:33:00",0.097,3.911,2
"695","2026-06-30 03:34:00",0.084,3.856,0
"696","2026-06-30 03:35:00",0.075,3.708,0
"697","2026-06-30 03:36:00",0.066,3.661,2
"698","2026-06-30 03:37:00",0.076,3.623,2
"699","2026-06-30 03:38:00",0.075,3.564,0
"700","2026-06-30 03:39:00",0.095,3.503,2
"701","2026-06-30 03:40:00",0.108,3.491,2
"702","2026-06-30 03:41:00",0.106,3.492,0
"703","2026-06-30 03:42:00",0.107,3.503,0
"704","2026-06-30 03:43:00",0.125,3.589,2
"705","2026-06-30 03:44:00",0.145,3.631,2
"706","2026-06-30 03:45:00",0.149,3.622,0
"707","2026-06-30 03:46:00",0.154,3.654,2
"708","2026-06-30 03:47:00",0.159,3.633,2
"709","2026-06-30 03:48:00",0.159,3.627,0
"710","2026-06-30 03:49:00",0.156,3.602,0
"711","2026-06-30 03:50:00",0.166,3.575,2
"712","2026-06-30 03:51:00",0.169,3.512,0
"713","2026-06-30 03:52:00",0.174,3.463,0
"714","2026-06-30 03:53:00",0.173,3.437,0
"715","2026-06-30 03:54:00",0.158,3.356,2
"716","2026-06-30 03:55:00",0.155,3.324,2
"717","2026-06-30 03:56:00",0.141,3.248,0
"718","2026-06-30 03:57:00",0.146,3.213,2
"719","2026-06-30 03:58:00",0.154,3.229,0
"720","2026-06-30 03:59:00",0.157,3.189,0
"721","2026-06-30 04:00:00",0.154,3.212,0
"722","2026-06-30 04:01:00",0.15,3.182,0
"723","2026-06-30 04:02:00",0.151,3.161,0
"724","2026-06-30 04:03:00",0.147,3.149,0
"725","2026-06-30 04:04:00",0.157,3.112,2
"726","2026-06-30 04:05:00",0.163,3.106,0
"727","2026-06-30 04:06:00",0.167,3.073,2
"728","2026-06-30 04:07:00",0.17,3.077,2
"729","2026-06-30 04:08:00",0.185,3.118,0
"730","2026-06-30 04:09:00",0.195,3.095,0
"731","2026-06-30 04:10:00",0.188,3.07,0
"732","2026-06-30 04:11:00",0.182,3.082,2
"733","2026-06-30 04:12:00",0.175,3.092,0
"734","2026-06-30 04:13:00",0.179,3.12,0
"735","2026-06-30 04:14:00",0.183,3.119,2
"736","2026-06-30 04:15:00",0.172,3.127,2
"737","2026-06-30 04:16:00",0.163,3.049,0
"738","2026-06-30 04:17:00",0.149,3.063,2
"739","2026-06-30 04:18:00",0.159,3.056,2
"740","2026-06-30 04:19:00",0.163,3.07,0
"741","2026-06-30 04:20:00",0.183,3.07,0
"742","2026-06-30 04:21:00",0.183,3.053,2
"743","2026-06-30 04:22:00",0.191,3.046,2
"744","2026-06-30 04:23:00",0.19,3.062,0
"745","2026-06-30 04:24:00",0.206,3.089,2
"746","2026-06-30 04:25:00",0.216,3.086,2
"747","2026-06-30 04:26:00",0.238,3.123,0
"748","2026-06-30 04:27:00",0.233,3.17,0
"749","2026-06-30 04:28:00",0.235,3.227,2
"750","2026-06-30 04:29:00",0.234,3.262,0
"751","2026-06-30 04:30:00",0.233,3.298,0
"752","2026-06-30 04:31:00",0.234,3.292,2
"753","2026-06-30 04:32:00",0.243,3.268,2
"754","2026-06-30 04:33:00",0.239,3.267,2
"755","2026-06-30 04:34:00",0.225,3.309,0
"756","2026-06-30 04:35:00",0.233,3.286,2
"757","2026-06-30 04:36:00",0.234,3.265,0
"758","2026-06-30 04:37:00",0.234,3.251,0
"759","2026-06-30 04:38:00",0.243,3.182,2
"760","2026-06-30 04:39:00",0.238,3.193,0
"761","2026-06-30 04:40:00",0.241,3.19,0
"762","2026-06-30 04:41:00",0.24,3.19,0
"763","2026-06-30 04:42:00",0.292,3.32,2
"764","2026-06-30 04:43:00",0.284,3.286,0
"765","2026-06-30 04:44:00",0.282,3.264,2
"766","2026-06-30 04:45:00",0.276,3.36,2
"767","2026-06-30 04:46:00",0.287,3.362,0
"768","2026-06-30 04:47:00",0.293,3.494,0
"769","2026-06-30 04:48:00",0.296,3.553,0
"770","2026-06-30 04:49:00",0.294,3.58,2
"771","2026-06-30 04:50:00",0.281,3.538,0
"772","2026-06-30 04:51:00",0.246,3.444,0
"773","2026-06-30 04:52:00",0.251,3.462,2
"774","2026-06-30 04:53:00",0.261,3.415,0
"775","2026-06-30 04:54:00",0.26,3.381,0
"776","2026-06-30 04:55:00",0.28,3.385,2
"777","2026-06-30 04:56:00",0.287,3.296,2
"778","2026-06-30 04:57:00",0.295,3.243,0
"779","2026-06-30 04:58:00",0.299,3.261,0
"780","2026-06-30 04:59:00",0.3,3.252,2
"781","2026-06-30 05:00:00",0.299,3.233,2
"782","2026-06-30 05:01:00",0.33,3.275,0
"783","2026-06-30 05:02:00",0.359,3.331,2
"784","2026-06-30 05:03:00",0.355,3.279,0
"785","2026-06-30 05:04:00",0.332,3.248,0
"786","2026-06-30 05:05:00",0.311,3.287,2
"787","2026-06-30 05:06:00",0.305,3.277,0
"788","2026-06-30 05:07:00",0.303,3.279,0
"789","2026-06-30 05:08:00",0.3,3.312,2
"790","2026-06-30 05:09:00",0.316,3.315,2
"791","2026-06-30 05:10:00",0.275,3.261,0
"792","2026-06-30 05:11:00",0.245,3.26,2
"793","2026-06-30 05:12:00",0.265,3.316,2
"794","2026-06-30 05:13:00",0.297,3.375,0
"795","2026-06-30 05:14:00",0.316,3.415,0
"796","2026-06-30 05:15:00",0.34,3.483,0
"797","2026-06-30 05:16:00",0.347,3.54,2
"798","2026-06-30 05:17:00",0.352,3.564,0
"799","2026-06-30 05:18:00",0.351,3.603,0
"800","2026-06-30 05:19:00",0.356,3.638,2
"801","2026-06-30 05:20:00",0.353,3.66,0
"802","2026-06-30 05:21:00",0.328,3.679,0
"803","2026-06-30 05:22:00",0.31,3.69,2
"804","2026-06-30 05:23:00",0.317,3.7,0
"805","2026-06-30 05:24:00",0.334,3.738,0
"806","2026-06-30 05:25:00",0.328,3.714,0
"807","2026-06-30 05:26:00",0.354,3.728,2
"808","2026-06-30 05:27:00",0.35,3.719,2
"809","2026-06-30 05:28:00",0.342,3.733,0
"810","2026-06-30 05:29:00",0.345,3.714,2
"811","2026-06-30 05:30:00",0.354,3.741,0
"812","2026-06-30 05:31:00",0.354,3.813,0
"813","2026-06-30 05:32:00",0.363,3.978,0
"814","2026-06-30 05:33:00",0.362,4.132,2
"815","2026-06-30 05:34:00",0.393,4.305,0
"816","2026-06-30 05:35:00",0.394,4.395,0
"817","2026-06-30 05:36:00",0.407,4.497,2
"818","2026-06-30 05:37:00",0.433,4.57,2
"819","2026-06-30 05:38:00",0.442,4.617,2
"820","2026-06-30 05:39:00",0.459,4.66,2
"821","2026-06-30 05:40:00",0.461,4.607,2
"822","2026-06-30 05:41:00",0.475,4.513,0
"823","2026-06-30 05:42:00",0.485,4.409,0
"824","2026-06-30 05:43:00",0.48,4.342,2
"825","2026-06-30 05:44:00",0.501,4.345,0
"826","2026-06-30 05:45:00",0.51,4.406,0
"827","2026-06-30 05:46:00",0.533,4.482,2
"828","2026-06-30 05:47:00",0.561,4.54,2
"829","2026-06-30 05:48:00",0.606,4.578,0
"830","2026-06-30 05:49:00",0.632,4.631,2
"831","2026-06-30 05:50:00",0.645,4.662,2
"832","2026-06-30 05:51:00",0.66,4.659,0
"833","2026-06-30 05:52:00",0.712,4.68,0
"834","2026-06-30 05:53:00",0.731,4.635,2
"835","2026-06-30 05:54:00",0.765,4.551,2
"836","2026-06-30 05:55:00",0.798,4.51,0
"837","2026-06-30 05:56:00",0.811,4.417,0
"838","2026-06-30 05:57:00",0.808,4.245,2
"839","2026-06-30 05:58:00",0.867,4.188,0
"840","2026-06-30 05:59:00",0.921,4.18,0
"841","2026-06-30 06:00:00",1.038,4.283,2
"842","2026-06-30 06:01:00",1.085,4.325,0
"843","2026-06-30 06:02:00",1.118,4.334,0
"844","2026-06-30 06:03:00",1.147,4.356,0
"845","2026-06-30 06:04:00",1.16,4.346,2
"846","2026-06-30 06:05:00",1.192,4.407,2
"847","2026-06-30 06:06:00",1.192,4.484,0
"848","2026-06-30 06:07:00",1.181,4.535,2
"849","2026-06-30 06:08:00",1.027,4.322,0
"850","2026-06-30 06:09:00",0.971,4.275,0
"851","2026-06-30 06:10:00",0.905,4.155,0
"852","2026-06-30 06:11:00",0.855,4.07,0
"853","2026-06-30 06:12:00",0.832,4.017,0
"854","2026-06-30 06:13:00",0.845,4.098,0
"855","2026-06-30 06:14:00",0.934,4.28,2
"856","2026-06-30 06:15:00",0.987,4.561,0
"857","2026-06-30 06:16:00",1.107,4.875,2
"858","2026-06-30 06:17:00",1.298,5.464,2
"859","2026-06-30 06:18:00",1.383,5.84,0
"860","2026-06-30 06:19:00",1.434,6.19,0
"861","2026-06-30 06:20:00",1.488,6.45,0
"862","2026-06-30 06:21:00",1.504,6.628,2
"863","2026-06-30 06:22:00",1.462,6.663,0
"864","2026-06-30 06:23:00",1.37,6.509,0
"865","2026-06-30 06:24:00",1.421,6.587,2
"866","2026-06-30 06:25:00",1.297,6.312,2
"867","2026-06-30 06:26:00",1.259,6.208,0
"868","2026-06-30 06:27:00",1.255,6.204,2
"869","2026-06-30 06:28:00",1.294,6.155,2
"870","2026-06-30 06:29:00",1.338,6.185,0
"871","2026-06-30 06:30:00",1.393,6.26,0
"872","2026-06-30 06:31:00",1.444,6.326,2
"873","2026-06-30 06:32:00",1.486,6.466,2
"874","2026-06-30 06:33:00",1.496,6.449,0
"875","2026-06-30 06:34:00",1.544,6.446,2
"876","2026-06-30 06:35:00",1.608,6.559,2
"877","2026-06-30 06:36:00",1.627,6.549,0
"878","2026-06-30 06:37:00",1.596,6.42,0
"879","2026-06-30 06:38:00",1.547,6.268,2
"880","2026-06-30 06:39:00",1.507,6.077,0
"881","2026-06-30 06:40:00",1.449,5.948,0
"882","2026-06-30 06:41:00",1.353,5.526,2
"883","2026-06-30 06:42:00",1.256,5.311,2
"884","2026-06-30 06:43:00",1.124,4.867,2
"885","2026-06-30 06:44:00",1.058,4.613,0
"886","2026-06-30 06:45:00",1.084,4.62,2
"887","2026-06-30 06:46:00",1.137,4.799,0
"888","2026-06-30 06:47:00",1.13,4.892,0
"889","2026-06-30 06:48:00",1.18,5.115,2
"890","2026-06-30 06:49:00",1.227,5.442,0
"891","2026-06-30 06:50:00",1.229,5.654,0
"892","2026-06-30 06:51:00",1.24,5.806,0
"893","2026-06-30 06:52:00",1.287,6.307,2
"894","2026-06-30 06:53:00",1.244,6.277,0
"895","2026-06-30 06:54:00",1.134,6.073,2
"896","2026-06-30 06:55:00",1.098,5.956,2
"897","2026-06-30 06:56:00",1.065,5.797,0
"898","2026-06-30 06:57:00",1.009,5.548,0
"899","2026-06-30 06:58:00",0.975,5.329,0
"900","2026-06-30 06:59:00",0.99,5.262,2
"901","2026-06-30 07:00:00",1.024,5.197,0
"902","2026-06-30 07:01:00",1.126,5.165,0
"903","2026-06-30 07:02:00",1.194,5.295,2
"904","2026-06-30 07:03:00",1.201,5.274,2
"905","2026-06-30 07:04:00",1.228,5.245,0
"906","2026-06-30 07:05:00",1.275,5.198,2
"907","2026-06-30 07:06:00",1.249,4.991,2
"908","2026-06-30 07:07:00",1.209,4.775,0
"909","2026-06-30 07:08:00",1.141,4.494,0
"910","2026-06-30 07:09:00",0.989,4.038,2
"911","2026-06-30 07:10:00",0.925,3.781,2
"912","2026-06-30 07:11:00",1.191,3.82,0
"913","2026-06-30 07:12:00",1.233,3.906,2
"914","2026-06-30 07:13:00",1.227,3.95,2
"915","2026-06-30 07:14:00",1.264,4.049,0
"916","2026-06-30 07:15:00",1.291,4.248,0
"917","2026-06-30 07:16:00",1.36,4.427,2
"918","2026-06-30 07:17:00",1.365,4.49,0
"919","2026-06-30 07:18:00",1.466,4.747,0
"920","2026-06-30 07:19:00",1.514,4.955,2
"921","2026-06-30 07:20:00",1.215,4.792,2
"922","2026-06-30 07:21:00",1.161,4.671,2
"923","2026-06-30 07:22:00",1.159,4.728,0
"924","2026-06-30 07:23:00",1.109,4.571,2
"925","2026-06-30 07:24:00",1.135,4.656,0
"926","2026-06-30 07:25:00",1.192,4.742,0
"927","2026-06-30 07:26:00",1.225,4.829,2
"928","2026-06-30 07:27:00",1.154,4.574,0
"929","2026-06-30 07:28:00",1.212,4.861,0
"930","2026-06-30 07:29:00",1.27,4.869,0
"931","2026-06-30 07:30:00",1.385,4.984,2
"932","2026-06-30 07:31:00",1.441,4.903,0
"933","2026-06-30 07:32:00",1.464,4.885,2
"934","2026-06-30 07:33:00",1.447,4.646,2
"935","2026-06-30 07:34:00",1.427,4.456,0
"936","2026-06-30 07:35:00",1.458,4.396,0
"937","2026-06-30 07:36:00",1.453,4.208,0
"938","2026-06-30 07:37:00",1.413,3.85,2
"939","2026-06-30 07:38:00",1.408,3.744,0
"940","2026-06-30 07:39:00",1.384,3.612,0
"941","2026-06-30 07:40:00",1.448,3.731,2
"942","2026-06-30 07:41:00",1.554,3.886,0
"943","2026-06-30 07:42:00",1.685,4.071,0
"944","2026-06-30 07:43:00",1.745,4.132,2
"945","2026-06-30 07:44:00",1.785,4.134,2
"946","2026-06-30 07:45:00",1.773,4.127,0
"947","2026-06-30 07:46:00",1.71,3.983,0
"948","2026-06-30 07:47:00",1.629,3.861,2
"949","2026-06-30 07:48:00",1.616,3.817,2
"950","2026-06-30 07:49:00",1.493,3.577,0
"951","2026-06-30 07:50:00",1.304,3.289,2
"952","2026-06-30 07:51:00",1.185,3.204,2
"953","2026-06-30 07:52:00",1.087,3.158,0
"954","2026-06-30 07:53:00",1.037,3.184,0
"955","2026-06-30 07:54:00",1.049,3.37,2
"956","2026-06-30 07:55:00",1.13,3.712,0
"957","2026-06-30 07:56:00",1.133,3.887,0
"958","2026-06-30 07:57:00",1.07,3.874,2
"959","2026-06-30 07:58:00",1.061,3.925,2
"960","2026-06-30 07:59:00",1.038,3.805,2
"961","2026-06-30 08:00:00",1.006,3.629,0
"962","2026-06-30 08:01:00",1.006,3.526,2
"963","2026-06-30 08:02:00",1.006,3.41,0
"964","2026-06-30 08:03:00",0.905,3.019,0
"965","2026-06-30 08:04:00",0.867,2.806,2
"966","2026-06-30 08:05:00",0.851,2.69,0
"967","2026-06-30 08:06:00",0.814,2.535,0
"968","2026-06-30 08:07:00",0.794,2.432,2
"969","2026-06-30 08:08:00",0.871,2.599,2
"970","2026-06-30 08:09:00",0.925,2.764,0
"971","2026-06-30 08:10:00",1.006,2.955,2
"972","2026-06-30 08:11:00",1.049,3.084,2
"973","2026-06-30 08:12:00",1.099,3.215,0
"974","2026-06-30 08:13:00",1.132,3.286,0
"975","2026-06-30 08:14:00",1.134,3.315,0
"976","2026-06-30 08:15:00",1.126,3.311,2
"977","2026-06-30 08:16:00",1.165,3.41,0
"978","2026-06-30 08:17:00",1.155,3.458,0
"979","2026-06-30 08:18:00",1.118,3.476,2
"980","2026-06-30 08:19:00",1.127,3.588,0
"981","2026-06-30 08:20:00",1.154,3.712,0
"982","2026-06-30 08:21:00",1.14,3.751,2
"983","2026-06-30 08:22:00",1.126,3.706,0
"984","2026-06-30 08:23:00",1.162,3.765,0
"985","2026-06-30 08:24:00",1.232,3.908,0
"986","2026-06-30 08:25:00",1.229,3.835,2
"987","2026-06-30 08:26:00",1.196,3.676,2
"988","2026-06-30 08:27:00",1.17,3.425,0
"989","2026-06-30 08:28:00",1.138,3.221,2
"990","2026-06-30 08:29:00",1.085,2.974,0
"991","2026-06-30 08:30:00",1.088,2.86,0
"992","2026-06-30 08:31:00",1.09,2.788,0
"993","2026-06-30 08:32:00",1.045,2.663,2
"994","2026-06-30 08:33:00",1.012,2.526,0
"995","2026-06-30 08:34:00",1.002,2.468,0
"996","2026-06-30 08:35:00",1.007,2.432,2
"997","2026-06-30 08:36:00",0.986,2.382,2
"998","2026-06-30 08:37:00",0.998,2.389,2
"999","2026-06-30 08:38:00",1.01,2.407,2
"1000","2026-06-30 08:39:00",1.032,2.4,2
"1001","2026-06-30 08:40:00",1.066,2.468,0
"1002","2026-06-30 08:41:00",1.155,2.634,0
"1003","2026-06-30 08:42:00",1.187,2.739,2
"1004","2026-06-30 08:43:00",1.326,2.905,0
"1005","2026-06-30 08:44:00",1.6,3.373,0
"1006","2026-06-30 08:45:00",1.757,3.555,2
"1007","2026-06-30 08:46:00",1.749,3.545,2
"1008","2026-06-30 08:47:00",1.728,3.515,0
"1009","2026-06-30 08:48:00",1.655,3.397,2
"1010","2026-06-30 08:49:00",1.589,3.27,2
"1011","2026-06-30 08:50:00",1.493,3.038,0
"1012","2026-06-30 08:51:00",1.394,2.758,0
"1013","2026-06-30 08:52:00",1.048,2.309,2
"1014","2026-06-30 08:53:00",0.802,1.878,2
"1015","2026-06-30 08:54:00",0.653,1.629,0
"1016","2026-06-30 08:55:00",0.609,1.486,2
"1017","2026-06-30 08:56:00",0.625,1.45,2
"1018","2026-06-30 08:57:00",0.612,1.394,0
"1019","2026-06-30 08:58:00",0.621,1.345,0
"1020","2026-06-30 08:59:00",0.611,1.269,2
"1021","2026-06-30 09:00:00",0.594,1.165,0
"1022","2026-06-30 09:01:00",0.626,1.132,0
"1023","2026-06-30 09:02:00",0.642,1.073,0
"1024","2026-06-30 09:03:00",0.702,1.129,2
"1025","2026-06-30 09:04:00",0.762,1.169,2
"1026","2026-06-30 09:05:00",0.751,1.153,0
"1027","2026-06-30 09:06:00",0.738,1.088,2
"1028","2026-06-30 09:07:00",0.718,1.061,0
"1029","2026-06-30 09:08:00",0.779,1.137,0
"1030","2026-06-30 09:09:00",0.847,1.294,0
"1031","2026-06-30 09:10:00",0.855,1.306,0
"1032","2026-06-30 09:11:00",0.818,1.286,0
"1033","2026-06-30 09:12:00",0.802,1.304,0
"1034","2026-06-30 09:13:00",0.784,1.26,2
"1035","2026-06-30 09:14:00",0.82,1.361,0
"1036","2026-06-30 09:15:00",0.82,1.376,2
"1037","2026-06-30 09:16:00",0.816,1.392,2
"1038","2026-06-30 09:17:00",0.756,1.322,0
"1039","2026-06-30 09:18:00",0.745,1.281,0
"1040","2026-06-30 09:19:00",0.711,1.219,0
"1041","2026-06-30 09:20:00",0.72,1.172,2
"1042","2026-06-30 09:21:00",0.67,1.056,0
"1043","2026-06-30 09:22:00",0.62,0.941,0
"1044","2026-06-30 09:23:00",0.572,0.813,2
"1045","2026-06-30 09:24:00",0.557,0.756,2
"1046","2026-06-30 09:25:00",0.578,0.731,0
"1047","2026-06-30 09:26:00",0.566,0.806,2
"1048","2026-06-30 09:27:00",0.542,0.734,2
"1049","2026-06-30 09:28:00",0.534,0.753,0
"1050","2026-06-30 09:29:00",0.478,0.704,0
"1051","2026-06-30 09:30:00",0.495,0.75,2
"1052","2026-06-30 09:31:00",0.49,0.798,2
"1053","2026-06-30 09:32:00",0.532,0.888,0
"1054","2026-06-30 09:33:00",0.532,0.912,2
"1055","2026-06-30 09:34:00",0.486,0.803,2
"1056","2026-06-30 09:35:00",0.504,0.821,0
"1057","2026-06-30 09:36:00",0.521,0.845,0
"1058","2026-06-30 09:37:00",0.559,0.872,2
"1059","2026-06-30 09:38:00",0.579,0.895,0
"1060","2026-06-30 09:39:00",0.609,0.993,0
"1061","2026-06-30 09:40:00",0.681,1.148,2
"1062","2026-06-30 09:41:00",0.682,1.184,2
"1063","2026-06-30 09:42:00",0.713,1.301,2
"1064","2026-06-30 09:43:00",0.728,1.405,0
"1065","2026-06-30 09:44:00",0.694,1.327,2
"1066","2026-06-30 09:45:00",0.689,1.351,0
"1067","2026-06-30 09:46:00",0.65,1.328,0
"1068","2026-06-30 09:47:00",0.711,1.447,2
"1069","2026-06-30 09:48:00",0.755,1.473,0
"1070","2026-06-30 09:49:00",0.768,1.466,0
"1071","2026-06-30 09:50:00",0.754,1.499,0
"1072","2026-06-30 09:51:00",0.698,1.403,2
"1073","2026-06-30 09:52:00",0.69,1.427,0
"1074","2026-06-30 09:53:00",0.673,1.449,2
"1075","2026-06-30 09:54:00",0.653,1.455,2
"1076","2026-06-30 09:55:00",0.623,1.43,0
"1077","2026-06-30 09:56:00",0.55,1.305,0
"1078","2026-06-30 09:57:00",0.484,1.228,0
"1079","2026-06-30 09:58:00",0.529,1.305,2
"1080","2026-06-30 09:59:00",0.55,1.329,0
"1081","2026-06-30 10:00:00",0.587,1.393,0
"1082","2026-06-30 10:01:00",0.608,1.387,2
"1083","2026-06-30 10:02:00",0.642,1.441,0
"1084","2026-06-30 10:03:00",0.676,1.485,0
"1085","2026-06-30 10:04:00",0.663,1.514,2
"1086","2026-06-30 10:05:00",0.683,1.532,2
"1087","2026-06-30 10:06:00",0.662,1.486,0
"1088","2026-06-30 10:07:00",0.611,1.365,0
"1089","2026-06-30 10:08:00",0.615,1.325,2
"1090","2026-06-30 10:09:00",0.619,1.329,2
"1091","2026-06-30 10:10:00",0.607,1.32,0
"1092","2026-06-30 10:11:00",0.558,1.3,2
"1093","2026-06-30 10:12:00",0.554,1.268,2
"1094","2026-06-30 10:13:00",0.548,1.192,0
"1095","2026-06-30 10:14:00",0.537,1.118,0
"1096","2026-06-30 10:15:00",0.52,1.077,2
"1097","2026-06-30 10:16:00",0.537,1.098,0
"1098","2026-06-30 10:17:00",0.738,1.367,0
"1099","2026-06-30 10:18:00",0.812,1.511,2
"1100","2026-06-30 10:19:00",0.852,1.539,2
"1101","2026-06-30 10:20:00",0.881,1.523,2
"1102","2026-06-30 10:21:00",0.88,1.54,2
"1103","2026-06-30 10:22:00",0.872,1.509,2
"1104","2026-06-30 10:23:00",0.875,1.439,0
"1105","2026-06-30 10:24:00",0.86,1.375,0
"1106","2026-06-30 10:25:00",0.705,1.162,2
"1107","2026-06-30 10:26:00",0.561,0.807,0
"1108","2026-06-30 10:27:00",0.5,0.711,0
"1109","2026-06-30 10:28:00",0.469,0.655,2
"1110","2026-06-30 10:29:00",0.468,0.596,2
"1111","2026-06-30 10:30:00",0.477,0.618,0
"1112","2026-06-30 10:31:00",0.488,0.662,2
"1113","2026-06-30 10:32:00",0.585,0.874,2
"1114","2026-06-30 10:33:00",0.66,0.987,0
"1115","2026-06-30 10:34:00",0.746,1.158,0
"1116","2026-06-30 10:35:00",0.745,1.165,0
"1117","2026-06-30 10:36:00",0.752,1.178,2
"1118","2026-06-30 10:37:00",0.728,1.148,0
"1119","2026-06-30 10:38:00",0.708,1.155,0
"1120","2026-06-30 10:39:00",0.66,1.076,2
"1121","2026-06-30 10:40:00",0.585,0.954,0
"1122","2026-06-30 10:41:00",0.443,0.749,0
"1123","2026-06-30 10:42:00",0.339,0.552,2
"1124","2026-06-30 10:43:00",0.333,0.547,0
"1125","2026-06-30 10:44:00",0.347,0.632,0
"1126","2026-06-30 10:45:00",0.388,0.895,0
"1127","2026-06-30 10:46:00",0.551,1.296,2
"1128","2026-06-30 10:47:00",0.821,1.941,2
"1129","2026-06-30 10:48:00",0.976,2.296,0
"1130","2026-06-30 10:49:00",1.085,2.639,2
"1131","2026-06-30 10:50:00",1.176,2.782,2
"1132","2026-06-30 10:51:00",1.193,2.896,0
"1133","2026-06-30 10:52:00",1.2,2.863,0
"1134","2026-06-30 10:53:00",1.177,2.744,2
"1135","2026-06-30 10:54:00",1.126,2.525,0
"1136","2026-06-30 10:55:00",0.907,2.029,0
"1137","2026-06-30 10:56:00",0.713,1.564,2
"1138","2026-06-30 10:57:00",0.625,1.34,2
"1139","2026-06-30 10:58:00",0.55,1.094,2
"1140","2026-06-30 10:59:00",0.507,1.009,2
"1141","2026-06-30 11:00:00",0.516,0.996,2
"1142","2026-06-30 11:01:00",0.507,0.998,0
"1143","2026-06-30 11:02:00",0.526,0.981,0
"1144","2026-06-30 11:03:00",0.548,0.99,2
"1145","2026-06-30 11:04:00",0.579,0.994,0
"1146","2026-06-30 11:05:00",0.598,1.047,0
"1147","2026-06-30 11:06:00",0.637,1.093,2
"1148","2026-06-30 11:07:00",0.67,1.257,2
"1149","2026-06-30 11:08:00",0.666,1.296,0
"1150","2026-06-30 11:09:00",0.639,1.304,2
"1151","2026-06-30 11:10:00",0.644,1.353,2
"1152","2026-06-30 11:11:00",0.619,1.373,0
"1153","2026-06-30 11:12:00",0.622,1.48,0
"1154","2026-06-30 11:13:00",0.625,1.486,2
"1155","2026-06-30 11:14:00",0.597,1.497,2
"1156","2026-06-30 11:15:00",0.55,1.448,0
"1157","2026-06-30 11:16:00",0.507,1.302,0
"1158","2026-06-30 11:17:00",0.491,1.234,2
"1159","2026-06-30 11:18:00",0.492,1.232,0
"1160","2026-06-30 11:19:00",0.492,1.255,0
"1161","2026-06-30 11:20:00",0.463,1.195,2
"1162","2026-06-30 11:21:00",0.469,1.166,0
"1163","2026-06-30 11:22:00",0.465,1.124,0
"1164","2026-06-30 11:23:00",0.456,1.106,0
"1165","2026-06-30 11:24:00",0.457,1.087,2
"1166","2026-06-30 11:25:00",0.503,1.149,2
"1167","2026-06-30 11:26:00",0.527,1.222,0
"1168","2026-06-30 11:27:00",0.555,1.273,2
"1169","2026-06-30 11:28:00",0.567,1.305,0
"1170","2026-06-30 11:29:00",0.541,1.278,0
"1171","2026-06-30 11:30:00",0.556,1.336,0
"1172","2026-06-30 11:31:00",0.593,1.415,0
"1173","2026-06-30 11:32:00",0.634,1.492,0
"1174","2026-06-30 11:33:00",0.652,1.561,0
"1175","2026-06-30 11:34:00",0.676,1.611,2
"1176","2026-06-30 11:35:00",0.686,1.54,0
"1177","2026-06-30 11:36:00",0.71,1.463,2
"1178","2026-06-30 11:37:00",0.67,1.306,2
"1179","2026-06-30 11:38:00",0.623,1.212,2
"1180","2026-06-30 11:39:00",0.614,1.146,0
"1181","2026-06-30 11:40:00",0.61,1.131,0
"1182","2026-06-30 11:41:00",0.594,1.04,2
"1183","2026-06-30 11:42:00",0.586,1.006,0
"1184","2026-06-30 11:43:00",0.537,0.982,0
"1185","2026-06-30 11:44:00",0.518,1.004,2
"1186","2026-06-30 11:45:00",0.568,1.124,2
"1187","2026-06-30 11:46:00",0.606,1.191,0
"1188","2026-06-30 11:47:00",0.57,1.113,2
"1189","2026-06-30 11:48:00",0.552,1.068,2
"1190","2026-06-30 11:49:00",0.507,0.983,0
"1191","2026-06-30 11:50:00",0.551,0.958,0
"1192","2026-06-30 11:51:00",0.638,1.101,2
"1193","2026-06-30 11:52:00",0.601,1.082,2
"1194","2026-06-30 11:53:00",0.545,1.028,0
"1195","2026-06-30 11:54:00",0.508,0.974,2
"1196","2026-06-30 11:55:00",0.5,0.985,2
"1197","2026-06-30 11:56:00",0.506,1.037,0
"1198","2026-06-30 11:57:00",0.492,1.041,0
"1199","2026-06-30 11:58:00",0.445,1.048,2
"1200","2026-06-30 11:59:00",0.365,0.994,0
"1201","2026-06-30 12:00:00",0.29,0.947,0
"1202","2026-06-30 12:01:00",0.311,1.067,2
"1203","2026-06-30 12:02:00",0.266,1.043,2
"1204","2026-06-30 12:03:00",0.263,1.115,2
"1205","2026-06-30 12:04:00",0.274,1.202,0
"1206","2026-06-30 12:05:00",0.295,1.256,2
"1207","2026-06-30 12:06:00",0.333,1.408,0
"1208","2026-06-30 12:07:00",0.35,1.511,0
"1209","2026-06-30 12:08:00",0.385,1.564,2
"1210","2026-06-30 12:09:00",0.401,1.608,0
"1211","2026-06-30 12:10:00",0.428,1.66,0
"1212","2026-06-30 12:11:00",0.462,1.726,0
"1213","2026-06-30 12:12:00",0.466,1.7,2
"1214","2026-06-30 12:13:00",0.513,1.7,0
"1215","2026-06-30 12:14:00",0.65,2.008,2
"1216","2026-06-30 12:15:00",0.758,2.23,2
"1217","2026-06-30 12:16:00",0.822,2.367,0
"1218","2026-06-30 12:17:00",0.821,2.31,0
"1219","2026-06-30 12:18:00",0.823,2.171,0
"1220","2026-06-30 12:19:00",0.889,2.207,2
"1221","2026-06-30 12:20:00",0.873,2.106,0
"1222","2026-06-30 12:21:00",0.911,2.164,0
"1223","2026-06-30 12:22:00",0.849,2.03,2
"1224","2026-06-30 12:23:00",0.671,1.568,0
"1225","2026-06-30 12:24:00",0.564,1.187,0
"1226","2026-06-30 12:25:00",0.522,1,2
"1227","2026-06-30 12:26:00",0.529,1.01,2
"1228","2026-06-30 12:27:00",0.475,0.977,0
"1229","2026-06-30 12:28:00",0.467,0.968,0
"1230","2026-06-30 12:29:00",0.497,1.054,2
"1231","2026-06-30 12:30:00",0.53,1.102,2
"1232","2026-06-30 12:31:00",0.653,1.296,0
"1233","2026-06-30 12:32:00",0.694,1.43,2
"1234","2026-06-30 12:33:00",0.707,1.475,2
"1235","2026-06-30 12:34:00",0.698,1.469,0
"1236","2026-06-30 12:35:00",0.707,1.479,0
"1237","2026-06-30 12:36:00",0.703,1.496,2
"1238","2026-06-30 12:37:00",0.675,1.471,0
"1239","2026-06-30 12:38:00",0.641,1.358,0
"1240","2026-06-30 12:39:00",0.521,1.112,2
"1241","2026-06-30 12:40:00",0.443,0.952,2
"1242","2026-06-30 12:41:00",0.431,0.864,2
"1243","2026-06-30 12:42:00",0.435,0.798,2
"1244","2026-06-30 12:43:00",0.448,0.777,2
"1245","2026-06-30 12:44:00",0.448,0.747,0
"1246","2026-06-30 12:45:00",0.435,0.693,0
"1247","2026-06-30 12:46:00",0.518,0.955,2
"1248","2026-06-30 12:47:00",0.596,1.249,0
"1249","2026-06-30 12:48:00",0.65,1.485,0
"1250","2026-06-30 12:49:00",0.659,1.599,0
"1251","2026-06-30 12:50:00",0.656,1.607,2
"1252","2026-06-30 12:51:00",0.654,1.687,0
"1253","2026-06-30 12:52:00",0.695,1.857,2
"1254","2026-06-30 12:53:00",0.711,1.956,2
"1255","2026-06-30 12:54:00",0.727,2.07,0
"1256","2026-06-30 12:55:00",0.725,2.053,0
"1257","2026-06-30 12:56:00",0.653,1.839,0
"1258","2026-06-30 12:57:00",0.638,1.792,2
"1259","2026-06-30 12:58:00",0.629,1.763,0
"1260","2026-06-30 12:59:00",0.645,1.778,0
"1261","2026-06-30 13:00:00",0.584,1.694,0
"1262","2026-06-30 13:01:00",0.558,1.607,0
"1263","2026-06-30 13:02:00",0.552,1.504,0
"1264","2026-06-30 13:03:00",0.455,1.224,2
"1265","2026-06-30 13:04:00",0.41,0.994,0
"1266","2026-06-30 13:05:00",0.406,0.924,0
"1267","2026-06-30 13:06:00",0.429,0.872,0
"1268","2026-06-30 13:07:00",0.479,0.937,2
"1269","2026-06-30 13:08:00",0.5,0.925,2
"1270","2026-06-30 13:09:00",0.739,1.19,0
"1271","2026-06-30 13:10:00",0.794,1.213,2
"1272","2026-06-30 13:11:00",0.853,1.321,2
"1273","2026-06-30 13:12:00",0.87,1.361,0
"1274","2026-06-30 13:13:00",0.876,1.396,0
"1275","2026-06-30 13:14:00",0.89,1.389,2
"1276","2026-06-30 13:15:00",0.859,1.373,0
"1277","2026-06-30 13:16:00",0.896,1.479,0
"1278","2026-06-30 13:17:00",0.926,1.646,2
"1279","2026-06-30 13:18:00",0.814,1.419,2
"1280","2026-06-30 13:19:00",0.79,1.378,2
"1281","2026-06-30 13:20:00",0.755,1.316,2
"1282","2026-06-30 13:21:00",0.736,1.277,2
"1283","2026-06-30 13:22:00",0.736,1.212,0
"1284","2026-06-30 13:23:00",0.699,1.134,0
"1285","2026-06-30 13:24:00",0.695,1.074,2
"1286","2026-06-30 13:25:00",0.545,0.713,0
"1287","2026-06-30 13:26:00",0.454,0.558,0
"1288","2026-06-30 13:27:00",0.547,0.769,2
"1289","2026-06-30 13:28:00",0.582,0.91,2
"1290","2026-06-30 13:29:00",0.651,1.052,0
"1291","2026-06-30 13:30:00",0.651,1.157,2
"1292","2026-06-30 13:31:00",0.649,1.214,2
"1293","2026-06-30 13:32:00",0.644,1.304,0
"1294","2026-06-30 13:33:00",0.66,1.396,0
"1295","2026-06-30 13:34:00",0.689,1.511,2
"1296","2026-06-30 13:35:00",0.658,1.436,2
"1297","2026-06-30 13:36:00",0.583,1.222,0
"1298","2026-06-30 13:37:00",0.549,1.131,0
"1299","2026-06-30 13:38:00",0.495,0.997,2
"1300","2026-06-30 13:39:00",0.478,0.923,0
"1301","2026-06-30 13:40:00",0.468,0.872,0
"1302","2026-06-30 13:41:00",0.463,0.843,2
"1303","2026-06-30 13:42:00",0.447,0.77,0
"1304","2026-06-30 13:43:00",0.422,0.729,0
"1305","2026-06-30 13:44:00",0.4,0.729,0
"1306","2026-06-30 13:45:00",0.41,0.811,2
"1307","2026-06-30 13:46:00",0.517,1.162,2
"1308","2026-06-30 13:47:00",0.649,1.585,0
"1309","2026-06-30 13:48:00",0.796,2.037,2
"1310","2026-06-30 13:49:00",0.946,2.429,0
"1311","2026-06-30 13:50:00",1.12,2.99,0
"1312","2026-06-30 13:51:00",1.24,3.271,0
"1313","2026-06-30 13:52:00",1.286,3.323,2
"1314","2026-06-30 13:53:00",1.289,3.342,0
"1315","2026-06-30 13:54:00",1.239,3.208,0
"1316","2026-06-30 13:55:00",1.097,2.769,2
"1317","2026-06-30 13:56:00",0.992,2.403,0
"1318","2026-06-30 13:57:00",0.89,2.097,2
"1319","2026-06-30 13:58:00",0.784,1.765,2
"1320","2026-06-30 13:59:00",0.648,1.366,2
