"","date (UTC)","SO2 (ppb)","Flag"
"1","2026-10-02 22:00:00",0.974,1
"2","2026-10-02 22:01:00",0.942,1
"3","2026-10-02 22:02:00",0.948,1
"4","2026-10-02 22:03:00",0.947,1
"5","2026-10-02 22:04:00",0.911,1
"6","2026-10-02 22:05:00",0.898,1
"7","2026-10-02 22:06:00",0.883,1
"8","2026-10-02 22:07:00",0.872,1
"9","2026-10-02 22:08:00",0.852,1
"10","2026-10-02 22:09:00",0.825,2
"11","2026-10-02 22:10:00",0.818,1
"12","2026-10-02 22:11:00",0.786,1
"13","2026-10-02 22:12:00",0.801,1
"14","2026-10-02 22:13:00",0.827,1
"15","2026-10-02 22:14:00",0.827,1
"16","2026-10-02 22:15:00",0.809,1
"17","2026-10-02 22:16:00",0.808,1
"18","2026-10-02 22:17:00",0.824,1
"19","2026-10-02 22:18:00",0.78,1
"20","2026-10-02 22:19:00",0.721,1
"21","2026-10-02 22:20:00",0.712,2
"22","2026-10-02 22:21:00",0.724,1
"23","2026-10-02 22:22:00",0.714,1
"24","2026-10-02 22:23:00",0.696,1
"25","2026-10-02 22:24:00",0.702,1
"26","2026-10-02 22:25:00",0.709,1
"27","2026-10-02 22:26:00",0.721,1
"28","2026-10-02 22:27:00",0.71,1
"29","2026-10-02 22:28:00",0.689,1
"30","2026-10-02 22:29:00",0.654,2
"31","2026-10-02 22:30:00",0.62,1
"32","2026-10-02 22:31:00",0.612,1
"33","2026-10-02 22:32:00",0.639,1
"34","2026-10-02 22:33:00",0.695,1
"35","2026-10-02 22:34:00",0.737,1
"36","2026-10-02 22:35:00",0.756,1
"37","2026-10-02 22:36:00",0.772,1
"38","2026-10-02 22:37:00",0.744,2
"39","2026-10-02 22:38:00",0.736,1
"40","2026-10-02 22:39:00",0.733,1
"41","2026-10-02 22:40:00",0.741,1
"42","2026-10-02 22:41:00",0.709,1
"43","2026-10-02 22:42:00",0.675,1
"44","2026-10-02 22:43:00",0.659,1
"45","2026-10-02 22:44:00",0.616,1
"46","2026-10-02 22:45:00",0.604,1
"47","2026-10-02 22:46:00",0.642,1
"48","2026-10-02 22:47:00",0.692,1
"49","2026-10-02 22:48:00",0.697,2
"50","2026-10-02 22:49:00",0.668,1
"51","2026-10-02 22:50:00",0.674,1
"52","2026-10-02 22:51:00",0.695,1
"53","2026-10-02 22:52:00",0.682,1
"54","2026-10-02 22:53:00",0.682,1
"55","2026-10-02 22:54:00",0.669,1
"56","2026-10-02 22:55:00",0.656,1
"57","2026-10-02 22:56:00",0.645,1
"58","2026-10-02 22:57:00",0.68,2
"59","2026-10-02 22:58:00",0.689,2
"60","2026-10-02 22:59:00",0.718,1
"61","2026-10-02 23:00:00",0.742,1
"62","2026-10-02 23:01:00",0.773,2
"63","2026-10-02 23:02:00",0.77,1
"64","2026-10-02 23:03:00",0.722,1
"65","2026-10-02 23:04:00",0.657,1
"66","2026-10-02 23:05:00",0.638,1
"67","2026-10-02 23:06:00",0.603,1
"68","2026-10-02 23:07:00",0.592,1
"69","2026-10-02 23:08:00",0.573,1
"70","2026-10-02 23:09:00",0.57,1
"71","2026-10-02 23:10:00",0.6,1
"72","2026-10-02 23:11:00",0.611,1
"73","2026-10-02 23:12:00",0.632,1
"74","2026-10-02 23:13:00",0.643,1
"75","2026-10-02 23:14:00",0.655,1
"76","2026-10-02 23:15:00",0.667,1
"77","2026-10-02 23:16:00",0.662,1
"78","2026-10-02 23:17:00",0.675,1
"79","2026-10-02 23:18:00",0.717,1
"80","2026-10-02 23:19:00",0.744,1
"81","2026-10-02 23:20:00",0.799,1
"82","2026-10-02 23:21:00",0.823,1
"83","2026-10-02 23:22:00",0.884,1
"84","2026-10-02 23:23:00",0.918,1
"85","2026-10-02 23:24:00",0.924,1
"86","2026-10-02 23:25:00",0.933,1
"87","2026-10-02 23:26:00",0.923,1
"88","2026-10-02 23:27:00",0.934,1
"89","2026-10-02 23:28:00",0.905,1
"90","2026-10-02 23:29:00",0.909,2
"91","2026-10-02 23:30:00",0.905,1
"92","2026-10-02 23:31:00",0.883,1
"93","2026-10-02 23:32:00",0.872,1
"94","2026-10-02 23:33:00",0.834,2
"95","2026-10-02 23:34:00",0.77,1
"96","2026-10-02 23:35:00",0.791,1
"97","2026-10-02 23:36:00",0.814,1
"98","2026-10-02 23:37:00",0.804,1
"99","2026-10-02 23:38:00",0.791,1
"100","2026-10-02 23:39:00",0.761,1
"101","2026-10-02 23:40:00",0.754,1
"102","2026-10-02 23:41:00",0.76,1
"103","2026-10-02 23:42:00",0.77,1
"104","2026-10-02 23:43:00",0.791,1
"105","2026-10-02 23:44:00",0.796,1
"106","2026-10-02 23:45:00",0.786,1
"107","2026-10-02 23:46:00",0.789,1
"108","2026-10-02 23:47:00",0.798,1
"109","2026-10-02 23:48:00",0.839,1
"110","2026-10-02 23:49:00",0.855,2
"111","2026-10-02 23:50:00",0.876,1
"112","2026-10-02 23:51:00",0.821,1
"113","2026-10-02 23:52:00",0.79,1
"114","2026-10-02 23:53:00",0.808,1
"115","2026-10-02 23:54:00",0.778,1
"116","2026-10-02 23:55:00",0.759,1
"117","2026-10-02 23:56:00",0.801,1
"118","2026-10-02 23:57:00",0.867,1
"119","2026-10-02 23:58:00",0.891,1
"120","2026-10-02 23:59:00",0.87,1
"121","2026-10-03",0.885,1
"122","2026-10-03 00:01:00",0.887,1
"123","2026-10-03 00:02:00",0.905,1
"124","2026-10-03 00:03:00",0.91,1
"125","2026-10-03 00:04:00",0.918,1
"126","2026-10-03 00:05:00",0.954,1
"127","2026-10-03 00:06:00",0.989,1
"128","2026-10-03 00:07:00",1.072,1
"129","2026-10-03 00:08:00",1.08,1
"130","2026-10-03 00:09:00",1.059,1
"131","2026-10-03 00:10:00",1.05,1
"132","2026-10-03 00:11:00",1.046,1
"133","2026-10-03 00:12:00",1.032,1
"134","2026-10-03 00:13:00",0.999,1
"135","2026-10-03 00:14:00",0.983,1
"136","2026-10-03 00:15:00",0.975,1
"137","2026-10-03 00:16:00",0.962,1
"138","2026-10-03 00:17:00",0.938,2
"139","2026-10-03 00:18:00",0.941,2
"140","2026-10-03 00:19:00",0.95,1
"141","2026-10-03 00:20:00",0.938,1
"142","2026-10-03 00:21:00",0.874,1
"143","2026-10-03 00:22:00",0.833,1
"144","2026-10-03 00:23:00",0.762,1
"145","2026-10-03 00:24:00",0.744,1
"146","2026-10-03 00:25:00",0.771,1
"147","2026-10-03 00:26:00",0.792,2
"148","2026-10-03 00:27:00",0.804,1
"149","2026-10-03 00:28:00",0.785,1
"150","2026-10-03 00:29:00",0.766,2
"151","2026-10-03 00:30:00",0.754,1
"152","2026-10-03 00:31:00",0.786,2
"153","2026-10-03 00:32:00",0.795,1
"154","2026-10-03 00:33:00",0.844,1
"155","2026-10-03 00:34:00",0.872,1
"156","2026-10-03 00:35:00",0.887,1
"157","2026-10-03 00:36:00",0.897,1
"158","2026-10-03 00:37:00",0.949,1
"159","2026-10-03 00:38:00",0.998,1
"160","2026-10-03 00:39:00",1.051,1
"161","2026-10-03 00:40:00",1.078,1
"162","2026-10-03 00:41:00",1.057,1
"163","2026-10-03 00:42:00",1.078,1
"164","2026-10-03 00:43:00",1.081,1
"165","2026-10-03 00:44:00",1.107,1
"166","2026-10-03 00:45:00",1.117,1
"167","2026-10-03 00:46:00",1.136,1
"168","2026-10-03 00:47:00",1.106,1
"169","2026-10-03 00:48:00",1.092,1
"170","2026-10-03 00:49:00",1.118,1
"171","2026-10-03 00:50:00",1.047,1
"172","2026-10-03 00:51:00",1.017,1
"173","2026-10-03 00:52:00",1.018,1
"174","2026-10-03 00:53:00",0.992,1
"175","2026-10-03 00:54:00",0.96,2
"176","2026-10-03 00:55:00",0.946,1
"177","2026-10-03 00:56:00",0.92,1
"178","2026-10-03 00:57:00",0.926,1
"179","2026-10-03 00:58:00",0.879,1
"180","2026-10-03 00:59:00",0.866,2
"181","2026-10-03 01:00:00",0.893,1
"182","2026-10-03 01:01:00",0.9,1
"183","2026-10-03 01:02:00",0.902,2
"184","2026-10-03 01:03:00",0.945,2
"185","2026-10-03 01:04:00",0.97,1
"186","2026-10-03 01:05:00",0.886,1
"187","2026-10-03 01:06:00",0.884,1
"188","2026-10-03 01:07:00",0.906,1
"189","2026-10-03 01:08:00",0.907,1
"190","2026-10-03 01:09:00",0.905,1
"191","2026-10-03 01:10:00",0.911,1
"192","2026-10-03 01:11:00",0.873,1
"193","2026-10-03 01:12:00",0.863,1
"194","2026-10-03 01:13:00",0.853,1
"195","2026-10-03 01:14:00",0.884,1
"196","2026-10-03 01:15:00",0.953,1
"197","2026-10-03 01:16:00",0.934,1
"198","2026-10-03 01:17:00",0.921,1
"199","2026-10-03 01:18:00",0.896,1
"200","2026-10-03 01:19:00",0.865,1
"201","2026-10-03 01:20:00",0.849,1
"202","2026-10-03 01:21:00",0.914,1
"203","2026-10-03 01:22:00",0.964,1
"204","2026-10-03 01:23:00",0.959,1
"205","2026-10-03 01:24:00",0.937,1
"206","2026-10-03 01:25:00",0.934,2
"207","2026-10-03 01:26:00",0.916,2
"208","2026-10-03 01:27:00",0.924,1
"209","2026-10-03 01:28:00",0.947,1
"210","2026-10-03 01:29:00",0.948,2
"211","2026-10-03 01:30:00",0.922,1
"212","2026-10-03 01:31:00",0.824,1
"213","2026-10-03 01:32:00",0.818,2
"214","2026-10-03 01:33:00",0.779,1
"215","2026-10-03 01:34:00",0.795,1
"216","2026-10-03 01:35:00",0.777,1
"217","2026-10-03 01:36:00",0.758,1
"218","2026-10-03 01:37:00",0.704,1
"219","2026-10-03 01:38:00",0.638,1
"220","2026-10-03 01:39:00",0.614,1
"221","2026-10-03 01:40:00",0.623,1
"222","2026-10-03 01:41:00",0.645,2
"223","2026-10-03 01:42:00",0.688,1
"224","2026-10-03 01:43:00",0.692,1
"225","2026-10-03 01:44:00",0.693,1
"226","2026-10-03 01:45:00",0.727,1
"227","2026-10-03 01:46:00",0.728,1
"228","2026-10-03 01:47:00",0.747,1
"229","2026-10-03 01:48:00",0.724,1
"230","2026-10-03 01:49:00",0.69,1
"231","2026-10-03 01:50:00",0.685,1
"232","2026-10-03 01:51:00",0.699,2
"233","2026-10-03 01:52:00",0.708,1
"234","2026-10-03 01:53:00",0.715,1
"235","2026-10-03 01:54:00",0.754,1
"236","2026-10-03 01:55:00",0.774,1
"237","2026-10-03 01:56:00",0.761,1
"238","2026-10-03 01:57:00",0.738,1
"239","2026-10-03 01:58:00",0.712,1
"240","2026-10-03 01:59:00",0.676,2
"241","2026-10-03 02:00:00",0.649,1
"242","2026-10-03 02:01:00",0.587,1
"243","2026-10-03 02:02:00",0.586,1
"244","2026-10-03 02:03:00",0.608,1
"245","2026-10-03 02:04:00",0.633,1
"246","2026-10-03 02:05:00",0.725,1
"247","2026-10-03 02:06:00",0.728,1
"248","2026-10-03 02:07:00",0.685,1
"249","2026-10-03 02:08:00",0.678,1
"250","2026-10-03 02:09:00",0.697,1
"251","2026-10-03 02:10:00",0.728,1
"252","2026-10-03 02:11:00",0.753,2
"253","2026-10-03 02:12:00",0.753,1
"254","2026-10-03 02:13:00",0.748,1
"255","2026-10-03 02:14:00",0.732,1
"256","2026-10-03 02:15:00",0.766,1
"257","2026-10-03 02:16:00",0.8,1
"258","2026-10-03 02:17:00",0.827,1
"259","2026-10-03 02:18:00",0.837,1
"260","2026-10-03 02:19:00",0.811,1
"261","2026-10-03 02:20:00",0.808,1
"262","2026-10-03 02:21:00",0.752,1
"263","2026-10-03 02:22:00",0.754,2
"264","2026-10-03 02:23:00",0.811,1
"265","2026-10-03 02:24:00",0.832,1
"266","2026-10-03 02:25:00",0.825,1
"267","2026-10-03 02:26:00",0.753,1
"268","2026-10-03 02:27:00",0.723,1
"269","2026-10-03 02:28:00",0.71,2
"270","2026-10-03 02:29:00",0.711,1
"271","2026-10-03 02:30:00",0.698,1
"272","2026-10-03 02:31:00",0.703,1
"273","2026-10-03 02:32:00",0.726,1
"274","2026-10-03 02:33:00",0.805,2
"275","2026-10-03 02:34:00",0.871,1
"276","2026-10-03 02:35:00",0.924,1
"277","2026-10-03 02:36:00",0.926,2
"278","2026-10-03 02:37:00",0.958,1
"279","2026-10-03 02:38:00",0.954,1
"280","2026-10-03 02:39:00",0.916,1
"281","2026-10-03 02:40:00",0.898,1
"282","2026-10-03 02:41:00",0.874,1
"283","2026-10-03 02:42:00",0.901,1
"284","2026-10-03 02:43:00",0.894,1
"285","2026-10-03 02:44:00",0.893,1
"286","2026-10-03 02:45:00",0.892,1
"287","2026-10-03 02:46:00",0.922,2
"288","2026-10-03 02:47:00",0.948,1
"289","2026-10-03 02:48:00",0.956,1
"290","2026-10-03 02:49:00",0.927,1
"291","2026-10-03 02:50:00",0.896,1
"292","2026-10-03 02:51:00",0.865,2
"293","2026-10-03 02:52:00",0.834,1
"294","2026-10-03 02:53:00",0.837,1
"295","2026-10-03 02:54:00",0.834,1
"296","2026-10-03 02:55:00",0.852,1
"297","2026-10-03 02:56:00",0.875,1
"298","2026-10-03 02:57:00",0.85,1
"299","2026-10-03 02:58:00",0.833,1
"300","2026-10-03 02:59:00",0.855,1
"301","2026-10-03 03:00:00",0.845,1
"302","2026-10-03 03:01:00",0.828,2
"303","2026-10-03 03:02:00",0.792,1
"304","2026-10-03 03:03:00",0.748,1
"305","2026-10-03 03:04:00",0.706,1
"306","2026-10-03 03:05:00",0.656,1
"307","2026-10-03 03:06:00",0.606,1
"308","2026-10-03 03:07:00",0.594,1
"309","2026-10-03 03:08:00",0.605,1
"310","2026-10-03 03:09:00",0.557,1
"311","2026-10-03 03:10:00",0.508,1
"312","2026-10-03 03:11:00",0.495,1
"313","2026-10-03 03:12:00",0.508,1
"314","2026-10-03 03:13:00",0.548,1
"315","2026-10-03 03:14:00",0.556,1
"316","2026-10-03 03:15:00",0.527,1
"317","2026-10-03 03:16:00",0.528,1
"318","2026-10-03 03:17:00",0.526,1
"319","2026-10-03 03:18:00",0.553,1
"320","2026-10-03 03:19:00",0.594,1
"321","2026-10-03 03:20:00",0.603,1
"322","2026-10-03 03:21:00",0.586,1
"323","2026-10-03 03:22:00",0.617,1
"324","2026-10-03 03:23:00",0.661,1
"325","2026-10-03 03:24:00",0.682,1
"326","2026-10-03 03:25:00",0.739,1
"327","2026-10-03 03:26:00",0.778,1
"328","2026-10-03 03:27:00",0.746,1
"329","2026-10-03 03:28:00",0.696,1
"330","2026-10-03 03:29:00",0.689,1
"331","2026-10-03 03:30:00",0.695,1
"332","2026-10-03 03:31:00",0.678,1
"333","2026-10-03 03:32:00",0.726,1
"334","2026-10-03 03:33:00",0.791,1
"335","2026-10-03 03:34:00",0.829,1
"336","2026-10-03 03:35:00",0.806,1
"337","2026-10-03 03:36:00",0.792,1
"338","2026-10-03 03:37:00",0.828,2
"339","2026-10-03 03:38:00",0.785,1
"340","2026-10-03 03:39:00",0.762,1
"341","2026-10-03 03:40:00",0.763,1
"342","2026-10-03 03:41:00",0.754,1
"343","2026-10-03 03:42:00",0.769,1
"344","2026-10-03 03:43:00",0.816,1
"345","2026-10-03 03:44:00",0.829,2
"346","2026-10-03 03:45:00",0.826,1
"347","2026-10-03 03:46:00",0.853,1
"348","2026-10-03 03:47:00",0.897,1
"349","2026-10-03 03:48:00",0.913,2
"350","2026-10-03 03:49:00",0.901,1
"351","2026-10-03 03:50:00",0.887,1
"352","2026-10-03 03:51:00",0.929,1
"353","2026-10-03 03:52:00",0.965,2
"354","2026-10-03 03:53:00",0.978,1
"355","2026-10-03 03:54:00",1.041,1
"356","2026-10-03 03:55:00",1.048,1
"357","2026-10-03 03:56:00",1.08,1
"358","2026-10-03 03:57:00",1.109,1
"359","2026-10-03 03:58:00",1.137,1
"360","2026-10-03 03:59:00",1.153,1
"361","2026-10-03 04:00:00",1.174,1
"362","2026-10-03 04:01:00",1.173,2
"363","2026-10-03 04:02:00",1.179,1
"364","2026-10-03 04:03:00",1.195,1
"365","2026-10-03 04:04:00",1.173,1
"366","2026-10-03 04:05:00",1.206,1
"367","2026-10-03 04:06:00",1.198,1
"368","2026-10-03 04:07:00",1.133,1
"369","2026-10-03 04:08:00",1.087,1
"370","2026-10-03 04:09:00",1.068,2
"371","2026-10-03 04:10:00",1.047,1
"372","2026-10-03 04:11:00",1.031,1
"373","2026-10-03 04:12:00",1.026,1
"374","2026-10-03 04:13:00",1.014,1
"375","2026-10-03 04:14:00",0.988,1
"376","2026-10-03 04:15:00",0.977,1
"377","2026-10-03 04:16:00",1.006,1
"378","2026-10-03 04:17:00",1.009,1
"379","2026-10-03 04:18:00",0.997,1
"380","2026-10-03 04:19:00",0.972,1
"381","2026-10-03 04:20:00",0.975,1
"382","2026-10-03 04:21:00",0.938,1
"383","2026-10-03 04:22:00",0.937,1
"384","2026-10-03 04:23:00",0.975,1
"385","2026-10-03 04:24:00",0.994,1
"386","2026-10-03 04:25:00",0.99,1
"387","2026-10-03 04:26:00",0.98,2
"388","2026-10-03 04:27:00",0.994,1
"389","2026-10-03 04:28:00",0.978,1
"390","2026-10-03 04:29:00",0.988,1
"391","2026-10-03 04:30:00",0.971,1
"392","2026-10-03 04:31:00",0.908,1
"393","2026-10-03 04:32:00",0.837,1
"394","2026-10-03 04:33:00",0.824,1
"395","2026-10-03 04:34:00",0.844,1
"396","2026-10-03 04:35:00",0.832,1
"397","2026-10-03 04:36:00",0.819,1
"398","2026-10-03 04:37:00",0.819,1
"399","2026-10-03 04:38:00",0.804,1
"400","2026-10-03 04:39:00",0.798,1
"401","2026-10-03 04:40:00",0.838,2
"402","2026-10-03 04:41:00",0.823,1
"403","2026-10-03 04:42:00",0.824,1
"404","2026-10-03 04:43:00",0.815,1
"405","2026-10-03 04:44:00",0.797,1
"406","2026-10-03 04:45:00",0.748,1
"407","2026-10-03 04:46:00",0.758,1
"408","2026-10-03 04:47:00",0.811,1
"409","2026-10-03 04:48:00",0.842,1
"410","2026-10-03 04:49:00",0.86,1
"411","2026-10-03 04:50:00",0.816,1
"412","2026-10-03 04:51:00",0.81,1
"413","2026-10-03 04:52:00",0.815,1
"414","2026-10-03 04:53:00",0.814,1
"415","2026-10-03 04:54:00",0.791,1
"416","2026-10-03 04:55:00",0.782,1
"417","2026-10-03 04:56:00",0.756,1
"418","2026-10-03 04:57:00",0.756,2
"419","2026-10-03 04:58:00",0.72,1
"420","2026-10-03 04:59:00",0.685,2
"421","2026-10-03 05:00:00",0.691,1
"422","2026-10-03 05:01:00",0.733,1
"423","2026-10-03 05:02:00",0.743,1
"424","2026-10-03 05:03:00",0.777,1
"425","2026-10-03 05:04:00",0.791,1
"426","2026-10-03 05:05:00",0.793,1
"427","2026-10-03 05:06:00",0.841,1
"428","2026-10-03 05:07:00",0.88,2
"429","2026-10-03 05:08:00",0.867,1
"430","2026-10-03 05:09:00",0.875,1
"431","2026-10-03 05:10:00",0.891,1
"432","2026-10-03 05:11:00",0.893,1
"433","2026-10-03 05:12:00",0.836,1
"434","2026-10-03 05:13:00",0.867,1
"435","2026-10-03 05:14:00",0.895,1
"436","2026-10-03 05:15:00",0.96,1
"437","2026-10-03 05:16:00",0.973,1
"438","2026-10-03 05:17:00",0.973,1
"439","2026-10-03 05:18:00",0.983,2
"440","2026-10-03 05:19:00",0.924,1
"441","2026-10-03 05:20:00",0.905,1
"442","2026-10-03 05:21:00",0.891,1
"443","2026-10-03 05:22:00",0.828,1
"444","2026-10-03 05:23:00",0.766,1
"445","2026-10-03 05:24:00",0.74,1
"446","2026-10-03 05:25:00",0.679,1
"447","2026-10-03 05:26:00",0.651,1
"448","2026-10-03 05:27:00",0.625,1
"449","2026-10-03 05:28:00",0.666,1
"450","2026-10-03 05:29:00",0.657,1
"451","2026-10-03 05:30:00",0.695,1
"452","2026-10-03 05:31:00",0.676,1
"453","2026-10-03 05:32:00",0.659,1
"454","2026-10-03 05:33:00",0.628,1
"455","2026-10-03 05:34:00",0.616,1
"456","2026-10-03 05:35:00",0.651,1
"457","2026-10-03 05:36:00",0.671,2
"458","2026-10-03 05:37:00",0.679,1
"459","2026-10-03 05:38:00",0.708,1
"460","2026-10-03 05:39:00",0.722,1
"461","2026-10-03 05:40:00",0.758,1
"462","2026-10-03 05:41:00",0.774,1
"463","2026-10-03 05:42:00",0.794,1
"464","2026-10-03 05:43:00",0.805,1
"465","2026-10-03 05:44:00",0.78,1
"466","2026-10-03 05:45:00",0.786,1
"467","2026-10-03 05:46:00",0.736,1
"468","2026-10-03 05:47:00",0.732,1
"469","2026-10-03 05:48:00",0.733,1
"470","2026-10-03 05:49:00",0.758,1
"471","2026-10-03 05:50:00",0.758,1
"472","2026-10-03 05:51:00",0.764,2
"473","2026-10-03 05:52:00",0.792,2
"474","2026-10-03 05:53:00",0.754,2
"475","2026-10-03 05:54:00",0.786,1
"476","2026-10-03 05:55:00",0.801,1
"477","2026-10-03 05:56:00",0.779,1
"478","2026-10-03 05:57:00",0.789,1
"479","2026-10-03 05:58:00",0.786,1
"480","2026-10-03 05:59:00",0.795,1
"481","2026-10-03 06:00:00",0.854,1
"482","2026-10-03 06:01:00",0.84,1
"483","2026-10-03 06:02:00",0.834,1
"484","2026-10-03 06:03:00",0.832,1
"485","2026-10-03 06:04:00",0.834,2
"486","2026-10-03 06:05:00",0.846,1
"487","2026-10-03 06:06:00",0.843,1
"488","2026-10-03 06:07:00",0.828,1
"489","2026-10-03 06:08:00",0.824,1
"490","2026-10-03 06:09:00",0.901,1
"491","2026-10-03 06:10:00",0.918,1
"492","2026-10-03 06:11:00",0.963,1
"493","2026-10-03 06:12:00",1.012,1
"494","2026-10-03 06:13:00",1.025,1
"495","2026-10-03 06:14:00",1.026,1
"496","2026-10-03 06:15:00",1,1
"497","2026-10-03 06:16:00",0.935,1
"498","2026-10-03 06:17:00",0.931,1
"499","2026-10-03 06:18:00",0.973,1
"500","2026-10-03 06:19:00",0.966,1
"501","2026-10-03 06:20:00",0.94,1
"502","2026-10-03 06:21:00",0.912,1
"503","2026-10-03 06:22:00",0.885,1
"504","2026-10-03 06:23:00",0.871,1
"505","2026-10-03 06:24:00",0.814,1
"506","2026-10-03 06:25:00",0.772,1
"507","2026-10-03 06:26:00",0.748,1
"508","2026-10-03 06:27:00",0.743,1
"509","2026-10-03 06:28:00",0.719,1
"510","2026-10-03 06:29:00",0.722,1
"511","2026-10-03 06:30:00",0.737,2
"512","2026-10-03 06:31:00",0.749,2
"513","2026-10-03 06:32:00",0.751,1
"514","2026-10-03 06:33:00",0.759,1
"515","2026-10-03 06:34:00",0.712,1
"516","2026-10-03 06:35:00",0.704,1
"517","2026-10-03 06:36:00",0.728,1
"518","2026-10-03 06:37:00",0.722,1
"519","2026-10-03 06:38:00",0.705,1
"520","2026-10-03 06:39:00",0.669,1
"521","2026-10-03 06:40:00",0.693,1
"522","2026-10-03 06:41:00",0.708,1
"523","2026-10-03 06:42:00",0.678,2
"524","2026-10-03 06:43:00",0.61,1
"525","2026-10-03 06:44:00",0.615,1
"526","2026-10-03 06:45:00",0.645,1
"527","2026-10-03 06:46:00",0.622,1
"528","2026-10-03 06:47:00",0.632,1
"529","2026-10-03 06:48:00",0.641,1
"530","2026-10-03 06:49:00",0.6,1
"531","2026-10-03 06:50:00",0.603,1
"532","2026-10-03 06:51:00",0.61,2
"533","2026-10-03 06:52:00",0.658,1
"534","2026-10-03 06:53:00",0.659,1
"535","2026-10-03 06:54:00",0.63,1
"536","2026-10-03 06:55:00",0.643,1
"537","2026-10-03 06:56:00",0.646,1
"538","2026-10-03 06:57:00",0.648,1
"539","2026-10-03 06:58:00",0.658,1
"540","2026-10-03 06:59:00",0.694,1
"541","2026-10-03 07:00:00",0.647,1
"542","2026-10-03 07:01:00",0.602,1
"543","2026-10-03 07:02:00",0.602,1
"544","2026-10-03 07:03:00",0.581,2
"545","2026-10-03 07:04:00",0.567,1
"546","2026-10-03 07:05:00",0.628,1
"547","2026-10-03 07:06:00",0.665,1
"548","2026-10-03 07:07:00",0.69,1
"549","2026-10-03 07:08:00",0.677,2
"550","2026-10-03 07:09:00",0.693,1
"551","2026-10-03 07:10:00",0.74,1
"552","2026-10-03 07:11:00",0.734,1
"553","2026-10-03 07:12:00",0.714,1
"554","2026-10-03 07:13:00",0.712,1
"555","2026-10-03 07:14:00",0.758,1
"556","2026-10-03 07:15:00",0.781,1
"557","2026-10-03 07:16:00",0.828,1
"558","2026-10-03 07:17:00",0.827,1
"559","2026-10-03 07:18:00",0.892,1
"560","2026-10-03 07:19:00",0.964,1
"561","2026-10-03 07:20:00",1.032,1
"562","2026-10-03 07:21:00",1.039,1
"563","2026-10-03 07:22:00",1.038,1
"564","2026-10-03 07:23:00",1.052,2
"565","2026-10-03 07:24:00",1.063,2
"566","2026-10-03 07:25:00",1.076,1
"567","2026-10-03 07:26:00",1.125,1
"568","2026-10-03 07:27:00",1.165,1
"569","2026-10-03 07:28:00",1.201,1
"570","2026-10-03 07:29:00",1.186,1
"571","2026-10-03 07:30:00",1.135,1
"572","2026-10-03 07:31:00",1.144,1
"573","2026-10-03 07:32:00",1.179,1
"574","2026-10-03 07:33:00",1.171,2
"575","2026-10-03 07:34:00",1.149,1
"576","2026-10-03 07:35:00",1.096,1
"577","2026-10-03 07:36:00",1.056,1
"578","2026-10-03 07:37:00",1.019,1
"579","2026-10-03 07:38:00",1.006,1
"580","2026-10-03 07:39:00",0.981,1
"581","2026-10-03 07:40:00",0.956,1
"582","2026-10-03 07:41:00",0.929,1
"583","2026-10-03 07:42:00",0.895,1
"584","2026-10-03 07:43:00",0.893,1
"585","2026-10-03 07:44:00",0.869,1
"586","2026-10-03 07:45:00",0.856,1
"587","2026-10-03 07:46:00",0.846,1
"588","2026-10-03 07:47:00",0.783,1
"589","2026-10-03 07:48:00",0.717,1
"590","2026-10-03 07:49:00",0.73,1
"591","2026-10-03 07:50:00",0.701,1
"592","2026-10-03 07:51:00",0.693,1
"593","2026-10-03 07:52:00",0.672,1
"594","2026-10-03 07:53:00",0.676,2
"595","2026-10-03 07:54:00",0.67,2
"596","2026-10-03 07:55:00",0.67,1
"597","2026-10-03 07:56:00",0.691,1
"598","2026-10-03 07:57:00",0.651,1
"599","2026-10-03 07:58:00",0.657,1
"600","2026-10-03 07:59:00",0.67,1
"601","2026-10-03 08:00:00",0.698,1
"602","2026-10-03 08:01:00",0.715,2
"603","2026-10-03 08:02:00",0.699,1
"604","2026-10-03 08:03:00",0.726,1
"605","2026-10-03 08:04:00",0.731,1
"606","2026-10-03 08:05:00",0.707,1
"607","2026-10-03 08:06:00",0.693,1
"608","2026-10-03 08:07:00",0.714,1
"609","2026-10-03 08:08:00",0.738,1
"610","2026-10-03 08:09:00",0.716,1
"611","2026-10-03 08:10:00",0.688,1
"612","2026-10-03 08:11:00",0.645,1
"613","2026-10-03 08:12:00",0.588,1
"614","2026-10-03 08:13:00",0.632,1
"615","2026-10-03 08:14:00",0.646,1
"616","2026-10-03 08:15:00",0.656,1
"617","2026-10-03 08:16:00",0.622,1
"618","2026-10-03 08:17:00",0.58,1
"619","2026-10-03 08:18:00",0.581,1
"620","2026-10-03 08:19:00",0.564,1
"621","2026-10-03 08:20:00",0.565,1
"622","2026-10-03 08:21:00",0.57,1
"623","2026-10-03 08:22:00",0.573,1
"624","2026-10-03 08:23:00",0.535,1
"625","2026-10-03 08:24:00",0.468,1
"626","2026-10-03 08:25:00",0.448,1
"627","2026-10-03 08:26:00",0.418,1
"628","2026-10-03 08:27:00",0.442,1
"629","2026-10-03 08:28:00",0.447,1
"630","2026-10-03 08:29:00",0.41,1
"631","2026-10-03 08:30:00",0.351,1
"632","2026-10-03 08:31:00",0.321,1
"633","2026-10-03 08:32:00",0.32,1
"634","2026-10-03 08:33:00",0.335,1
"635","2026-10-03 08:34:00",0.337,2
"636","2026-10-03 08:35:00",0.34,1
"637","2026-10-03 08:36:00",0.34,1
"638","2026-10-03 08:37:00",0.328,1
"639","2026-10-03 08:38:00",0.302,1
"640","2026-10-03 08:39:00",0.325,2
"641","2026-10-03 08:40:00",0.396,1
"642","2026-10-03 08:41:00",0.408,1
"643","2026-10-03 08:42:00",0.409,1
"644","2026-10-03 08:43:00",0.42,1
"645","2026-10-03 08:44:00",0.437,1
"646","2026-10-03 08:45:00",0.521,1
"647","2026-10-03 08:46:00",0.578,1
"648","2026-10-03 08:47:00",0.586,1
"649","2026-10-03 08:48:00",0.586,1
"650","2026-10-03 08:49:00",0.631,1
"651","2026-10-03 08:50:00",0.646,1
"652","2026-10-03 08:51:00",0.645,1
"653","2026-10-03 08:52:00",0.639,2
"654","2026-10-03 08:53:00",0.64,1
"655","2026-10-03 08:54:00",0.644,2
"656","2026-10-03 08:55:00",0.63,1
"657","2026-10-03 08:56:00",0.632,1
"658","2026-10-03 08:57:00",0.678,1
"659","2026-10-03 08:58:00",0.749,1
"660","2026-10-03 08:59:00",0.759,1
"661","2026-10-03 09:00:00",0.737,1
"662","2026-10-03 09:01:00",0.678,1
"663","2026-10-03 09:02:00",0.665,1
"664","2026-10-03 09:03:00",0.657,1
"665","2026-10-03 09:04:00",0.657,2
"666","2026-10-03 09:05:00",0.622,1
"667","2026-10-03 09:06:00",0.622,1
"668","2026-10-03 09:07:00",0.634,1
"669","2026-10-03 09:08:00",0.669,1
"670","2026-10-03 09:09:00",0.697,1
"671","2026-10-03 09:10:00",0.742,1
"672","2026-10-03 09:11:00",0.806,1
"673","2026-10-03 09:12:00",0.828,1
"674","2026-10-03 09:13:00",0.803,1
"675","2026-10-03 09:14:00",0.805,1
"676","2026-10-03 09:15:00",0.811,2
"677","2026-10-03 09:16:00",0.833,1
"678","2026-10-03 09:17:00",0.883,1
"679","2026-10-03 09:18:00",0.892,1
"680","2026-10-03 09:19:00",0.934,1
"681","2026-10-03 09:20:00",0.935,1
"682","2026-10-03 09:21:00",0.921,1
"683","2026-10-03 09:22:00",0.902,1
"684","2026-10-03 09:23:00",0.904,1
"685","2026-10-03 09:24:00",0.902,1
"686","2026-10-03 09:25:00",0.876,1
"687","2026-10-03 09:26:00",0.842,1
"688","2026-10-03 09:27:00",0.785,1
"689","2026-10-03 09:28:00",0.743,1
"690","2026-10-03 09:29:00",0.766,2
"691","2026-10-03 09:30:00",0.729,1
"692","2026-10-03 09:31:00",0.671,1
"693","2026-10-03 09:32:00",0.638,1
"694","2026-10-03 09:33:00",0.575,1
"695","2026-10-03 09:34:00",0.569,1
"696","2026-10-03 09:35:00",0.526,1
"697","2026-10-03 09:36:00",0.525,1
"698","2026-10-03 09:37:00",0.548,1
"699","2026-10-03 09:38:00",0.579,1
"700","2026-10-03 09:39:00",0.566,1
"701","2026-10-03 09:40:00",0.578,1
"702","2026-10-03 09:41:00",0.616,1
"703","2026-10-03 09:42:00",0.68,1
"704","2026-10-03 09:43:00",0.706,1
"705","2026-10-03 09:44:00",0.741,2
"706","2026-10-03 09:45:00",0.712,1
"707","2026-10-03 09:46:00",0.706,1
"708","2026-10-03 09:47:00",0.707,1
"709","2026-10-03 09:48:00",0.718,2
"710","2026-10-03 09:49:00",0.72,1
"711","2026-10-03 09:50:00",0.732,1
"712","2026-10-03 09:51:00",0.756,1
"713","2026-10-03 09:52:00",0.732,1
"714","2026-10-03 09:53:00",0.703,1
"715","2026-10-03 09:54:00",0.683,1
"716","2026-10-03 09:55:00",0.689,1
"717","2026-10-03 09:56:00",0.654,1
"718","2026-10-03 09:57:00",0.618,1
"719","2026-10-03 09:58:00",0.607,1
"720","2026-10-03 09:59:00",0.604,1
"721","2026-10-03 10:00:00",0.58,1
"722","2026-10-03 10:01:00",0.59,1
"723","2026-10-03 10:02:00",0.621,1
"724","2026-10-03 10:03:00",0.625,1
"725","2026-10-03 10:04:00",0.63,1
"726","2026-10-03 10:05:00",0.638,1
"727","2026-10-03 10:06:00",0.632,1
"728","2026-10-03 10:07:00",0.654,1
"729","2026-10-03 10:08:00",0.678,1
"730","2026-10-03 10:09:00",0.717,1
"731","2026-10-03 10:10:00",0.736,1
"732","2026-10-03 10:11:00",0.77,1
"733","2026-10-03 10:12:00",0.8,1
"734","2026-10-03 10:13:00",0.801,1
"735","2026-10-03 10:14:00",0.78,1
"736","2026-10-03 10:15:00",0.763,1
"737","2026-10-03 10:16:00",0.751,1
"738","2026-10-03 10:17:00",0.774,1
"739","2026-10-03 10:18:00",0.77,1
"740","2026-10-03 10:19:00",0.829,1
"741","2026-10-03 10:20:00",0.797,1
"742","2026-10-03 10:21:00",0.774,1
"743","2026-10-03 10:22:00",0.726,1
"744","2026-10-03 10:23:00",0.677,1
"745","2026-10-03 10:24:00",0.662,1
"746","2026-10-03 10:25:00",0.651,1
"747","2026-10-03 10:26:00",0.66,1
"748","2026-10-03 10:27:00",0.664,1
"749","2026-10-03 10:28:00",0.665,1
"750","2026-10-03 10:29:00",0.681,2
"751","2026-10-03 10:30:00",0.632,1
"752","2026-10-03 10:31:00",0.617,1
"753","2026-10-03 10:32:00",0.641,1
"754","2026-10-03 10:33:00",0.656,2
"755","2026-10-03 10:34:00",0.656,1
"756","2026-10-03 10:35:00",0.651,1
"757","2026-10-03 10:36:00",0.714,1
"758","2026-10-03 10:37:00",0.727,1
"759","2026-10-03 10:38:00",0.75,1
"760","2026-10-03 10:39:00",0.737,1
"761","2026-10-03 10:40:00",0.778,1
"762","2026-10-03 10:41:00",0.812,1
"763","2026-10-03 10:42:00",0.796,1
"764","2026-10-03 10:43:00",0.774,1
"765","2026-10-03 10:44:00",0.741,1
"766","2026-10-03 10:45:00",0.725,1
"767","2026-10-03 10:46:00",0.778,1
"768","2026-10-03 10:47:00",0.781,1
"769","2026-10-03 10:48:00",0.737,1
"770","2026-10-03 10:49:00",0.664,2
"771","2026-10-03 10:50:00",0.659,1
"772","2026-10-03 10:51:00",0.645,1
"773","2026-10-03 10:52:00",0.637,1
"774","2026-10-03 10:53:00",0.663,1
"775","2026-10-03 10:54:00",0.679,1
"776","2026-10-03 10:55:00",0.686,1
"777","2026-10-03 10:56:00",0.643,1
"778","2026-10-03 10:57:00",0.613,1
"779","2026-10-03 10:58:00",0.615,1
"780","2026-10-03 10:59:00",0.592,1
"781","2026-10-03 11:00:00",0.59,1
"782","2026-10-03 11:01:00",0.61,1
"783","2026-10-03 11:02:00",0.595,1
"784","2026-10-03 11:03:00",0.62,1
"785","2026-10-03 11:04:00",0.664,1
"786","2026-10-03 11:05:00",0.72,1
"787","2026-10-03 11:06:00",0.723,1
"788","2026-10-03 11:07:00",0.725,2
"789","2026-10-03 11:08:00",0.742,1
"790","2026-10-03 11:09:00",0.77,1
"791","2026-10-03 11:10:00",0.749,1
"792","2026-10-03 11:11:00",0.742,1
"793","2026-10-03 11:12:00",0.72,1
"794","2026-10-03 11:13:00",0.696,1
"795","2026-10-03 11:14:00",0.688,1
"796","2026-10-03 11:15:00",0.713,1
"797","2026-10-03 11:16:00",0.745,1
"798","2026-10-03 11:17:00",0.747,1
"799","2026-10-03 11:18:00",0.763,1
"800","2026-10-03 11:19:00",0.76,1
"801","2026-10-03 11:20:00",0.777,1
"802","2026-10-03 11:21:00",0.788,1
"803","2026-10-03 11:22:00",0.825,1
"804","2026-10-03 11:23:00",0.823,1
"805","2026-10-03 11:24:00",0.777,2
"806","2026-10-03 11:25:00",0.746,1
"807","2026-10-03 11:26:00",0.781,1
"808","2026-10-03 11:27:00",0.793,1
"809","2026-10-03 11:28:00",0.823,1
"810","2026-10-03 11:29:00",0.849,1
"811","2026-10-03 11:30:00",0.854,1
"812","2026-10-03 11:31:00",0.829,2
"813","2026-10-03 11:32:00",0.801,1
"814","2026-10-03 11:33:00",0.778,1
"815","2026-10-03 11:34:00",0.781,2
"816","2026-10-03 11:35:00",0.804,1
"817","2026-10-03 11:36:00",0.758,1
"818","2026-10-03 11:37:00",0.712,1
"819","2026-10-03 11:38:00",0.665,1
"820","2026-10-03 11:39:00",0.637,1
"821","2026-10-03 11:40:00",0.661,1
"822","2026-10-03 11:41:00",0.703,1
"823","2026-10-03 11:42:00",0.715,1
"824","2026-10-03 11:43:00",0.7,1
"825","2026-10-03 11:44:00",0.709,1
"826","2026-10-03 11:45:00",0.731,1
"827","2026-10-03 11:46:00",0.741,1
"828","2026-10-03 11:47:00",0.759,1
"829","2026-10-03 11:48:00",0.814,1
"830","2026-10-03 11:49:00",0.862,1
"831","2026-10-03 11:50:00",0.877,1
"832","2026-10-03 11:51:00",0.85,2
"833","2026-10-03 11:52:00",0.84,1
"834","2026-10-03 11:53:00",0.867,1
"835","2026-10-03 11:54:00",0.895,1
"836","2026-10-03 11:55:00",0.927,1
"837","2026-10-03 11:56:00",0.936,1
"838","2026-10-03 11:57:00",0.918,1
"839","2026-10-03 11:58:00",0.878,1
"840","2026-10-03 11:59:00",0.904,1
"841","2026-10-03 12:00:00",0.911,1
"842","2026-10-03 12:01:00",0.888,1
"843","2026-10-03 12:02:00",0.886,1
"844","2026-10-03 12:03:00",0.93,1
"845","2026-10-03 12:04:00",0.883,1
"846","2026-10-03 12:05:00",0.789,1
"847","2026-10-03 12:06:00",0.735,2
"848","2026-10-03 12:07:00",0.703,1
"849","2026-10-03 12:08:00",0.694,1
"850","2026-10-03 12:09:00",0.684,1
"851","2026-10-03 12:10:00",0.676,1
"852","2026-10-03 12:11:00",0.682,1
"853","2026-10-03 12:12:00",0.685,1
"854","2026-10-03 12:13:00",0.627,1
"855","2026-10-03 12:14:00",0.601,1
"856","2026-10-03 12:15:00",0.593,1
"857","2026-10-03 12:16:00",0.637,1
"858","2026-10-03 12:17:00",0.685,1
"859","2026-10-03 12:18:00",0.677,1
"860","2026-10-03 12:19:00",0.659,1
"861","2026-10-03 12:20:00",0.698,1
"862","2026-10-03 12:21:00",0.76,1
"863","2026-10-03 12:22:00",0.817,1
"864","2026-10-03 12:23:00",0.852,1
"865","2026-10-03 12:24:00",0.907,1
"866","2026-10-03 12:25:00",0.901,1
"867","2026-10-03 12:26:00",0.886,1
"868","2026-10-03 12:27:00",0.862,1
"869","2026-10-03 12:28:00",0.851,1
"870","2026-10-03 12:29:00",0.894,1
"871","2026-10-03 12:30:00",0.935,1
"872","2026-10-03 12:31:00",0.916,1
"873","2026-10-03 12:32:00",0.846,1
"874","2026-10-03 12:33:00",0.814,2
"875","2026-10-03 12:34:00",0.84,1
"876","2026-10-03 12:35:00",0.847,1
"877","2026-10-03 12:36:00",0.843,1
"878","2026-10-03 12:37:00",0.844,1
"879","2026-10-03 12:38:00",0.828,1
"880","2026-10-03 12:39:00",0.839,1
"881","2026-10-03 12:40:00",0.844,1
"882","2026-10-03 12:41:00",0.842,1
"883","2026-10-03 12:42:00",0.852,1
"884","2026-10-03 12:43:00",0.855,1
"885","2026-10-03 12:44:00",0.841,1
"886","2026-10-03 12:45:00",0.826,1
"887","2026-10-03 12:46:00",0.817,1
"888","2026-10-03 12:47:00",0.802,1
"889","2026-10-03 12:48:00",0.836,1
"890","2026-10-03 12:49:00",0.857,1
"891","2026-10-03 12:50:00",0.877,1
"892","2026-10-03 12:51:00",0.843,1
"893","2026-10-03 12:52:00",0.828,1
"894","2026-10-03 12:53:00",0.808,2
"895","2026-10-03 12:54:00",0.827,2
"896","2026-10-03 12:55:00",0.826,1
"897","2026-10-03 12:56:00",0.829,1
"898","2026-10-03 12:57:00",0.863,1
"899","2026-10-03 12:58:00",0.878,1
"900","2026-10-03 12:59:00",0.905,1
"901","2026-10-03 13:00:00",0.885,1
"902","2026-10-03 13:01:00",0.87,2
"903","2026-10-03 13:02:00",0.888,1
"904","2026-10-03 13:03:00",0.908,1
"905","2026-10-03 13:04:00",0.931,1
"906","2026-10-03 13:05:00",0.937,1
"907","2026-10-03 13:06:00",0.929,1
"908","2026-10-03 13:07:00",0.937,1
"909","2026-10-03 13:08:00",0.895,1
"910","2026-10-03 13:09:00",0.883,2
"911","2026-10-03 13:10:00",0.85,1
"912","2026-10-03 13:11:00",0.839,1
"913","2026-10-03 13:12:00",0.8,1
"914","2026-10-03 13:13:00",0.802,1
"915","2026-10-03 13:14:00",0.796,2
"916","2026-10-03 13:15:00",0.784,1
"917","2026-10-03 13:16:00",0.82,1
"918","2026-10-03 13:17:00",0.852,2
"919","2026-10-03 13:18:00",0.863,1
"920","2026-10-03 13:19:00",0.907,1
"921","2026-10-03 13:20:00",0.882,2
"922","2026-10-03 13:21:00",0.878,1
"923","2026-10-03 13:22:00",0.871,1
"924","2026-10-03 13:23:00",0.885,1
"925","2026-10-03 13:24:00",0.923,1
"926","2026-10-03 13:25:00",0.983,1
"927","2026-10-03 13:26:00",1.021,1
"928","2026-10-03 13:27:00",1.013,1
"929","2026-10-03 13:28:00",1.006,1
"930","2026-10-03 13:29:00",0.951,1
"931","2026-10-03 13:30:00",0.955,2
"932","2026-10-03 13:31:00",0.948,1
"933","2026-10-03 13:32:00",0.945,1
"934","2026-10-03 13:33:00",0.95,1
"935","2026-10-03 13:34:00",0.923,1
"936","2026-10-03 13:35:00",0.88,1
"937","2026-10-03 13:36:00",0.864,1
"938","2026-10-03 13:37:00",0.841,1
"939","2026-10-03 13:38:00",0.813,1
"940","2026-10-03 13:39:00",0.794,1
"941","2026-10-03 13:40:00",0.769,1
"942","2026-10-03 13:41:00",0.729,1
"943","2026-10-03 13:42:00",0.668,1
"944","2026-10-03 13:43:00",0.686,1
"945","2026-10-03 13:44:00",0.697,1
"946","2026-10-03 13:45:00",0.732,1
"947","2026-10-03 13:46:00",0.727,1
"948","2026-10-03 13:47:00",0.729,1
"949","2026-10-03 13:48:00",0.702,1
"950","2026-10-03 13:49:00",0.683,1
"951","2026-10-03 13:50:00",0.663,1
"952","2026-10-03 13:51:00",0.667,1
"953","2026-10-03 13:52:00",0.679,1
"954","2026-10-03 13:53:00",0.637,1
"955","2026-10-03 13:54:00",0.626,1
"956","2026-10-03 13:55:00",0.647,1
"957","2026-10-03 13:56:00",0.663,2
"958","2026-10-03 13:57:00",0.677,1
"959","2026-10-03 13:58:00",0.689,1
"960","2026-10-03 13:59:00",0.67,1
"961","2026-10-03 14:00:00",0.67,2
"962","2026-10-03 14:01:00",0.671,1
"963","2026-10-03 14:02:00",0.678,1
"964","2026-10-03 14:03:00",0.682,1
"965","2026-10-03 14:04:00",0.724,1
"966","2026-10-03 14:05:00",0.729,1
"967","2026-10-03 14:06:00",0.781,1
"968","2026-10-03 14:07:00",0.802,1
"969","2026-10-03 14:08:00",0.795,1
"970","2026-10-03 14:09:00",0.793,1
"971","2026-10-03 14:10:00",0.784,1
"972","2026-10-03 14:11:00",0.765,1
"973","2026-10-03 14:12:00",0.74,1
"974","2026-10-03 14:13:00",0.734,1
"975","2026-10-03 14:14:00",0.774,1
"976","2026-10-03 14:15:00",0.786,2
"977","2026-10-03 14:16:00",0.77,1
"978","2026-10-03 14:17:00",0.743,1
"979","2026-10-03 14:18:00",0.734,1
"980","2026-10-03 14:19:00",0.715,1
"981","2026-10-03 14:20:00",0.66,1
"982","2026-10-03 14:21:00",0.628,1
"983","2026-10-03 14:22:00",0.587,1
"984","2026-10-03 14:23:00",0.576,1
"985","2026-10-03 14:24:00",0.595,1
"986","2026-10-03 14:25:00",0.648,1
"987","2026-10-03 14:26:00",0.663,1
"988","2026-10-03 14:27:00",0.652,1
"989","2026-10-03 14:28:00",0.685,2
"990","2026-10-03 14:29:00",0.695,1
"991","2026-10-03 14:30:00",0.664,1
"992","2026-10-03 14:31:00",0.686,1
"993","2026-10-03 14:32:00",0.749,1
"994","2026-10-03 14:33:00",0.801,1
"995","2026-10-03 14:34:00",0.805,1
"996","2026-10-03 14:35:00",0.795,1
"997","2026-10-03 14:36:00",0.817,1
"998","2026-10-03 14:37:00",0.825,2
"999","2026-10-03 14:38:00",0.831,1
"1000","2026-10-03 14:39:00",0.851,1
"1001","2026-10-03 14:40:00",0.847,2
"1002","2026-10-03 14:41:00",0.806,2
"1003","2026-10-03 14:42:00",0.816,1
"1004","2026-10-03 14:43:00",0.847,1
"1005","2026-10-03 14:44:00",0.868,1
"1006","2026-10-03 14:45:00",0.886,1
"1007","2026-10-03 14:46:00",0.917,1
"1008","2026-10-03 14:47:00",0.877,2
"1009","2026-10-03 14:48:00",0.872,1
"1010","2026-10-03 14:49:00",0.875,1
"1011","2026-10-03 14:50:00",0.88,1
"1012","2026-10-03 14:51:00",0.897,1
"1013","2026-10-03 14:52:00",0.906,1
"1014","2026-10-03 14:53:00",0.956,1
"1015","2026-10-03 14:54:00",0.987,1
"1016","2026-10-03 14:55:00",0.986,1
"1017","2026-10-03 14:56:00",0.963,1
"1018","2026-10-03 14:57:00",0.953,1
"1019","2026-10-03 14:58:00",0.95,2
"1020","2026-10-03 14:59:00",0.942,1
"1021","2026-10-03 15:00:00",0.896,1
"1022","2026-10-03 15:01:00",0.841,1
"1023","2026-10-03 15:02:00",0.818,1
"1024","2026-10-03 15:03:00",0.845,1
"1025","2026-10-03 15:04:00",0.808,1
"1026","2026-10-03 15:05:00",0.776,1
"1027","2026-10-03 15:06:00",0.765,1
"1028","2026-10-03 15:07:00",0.802,1
"1029","2026-10-03 15:08:00",0.792,2
"1030","2026-10-03 15:09:00",0.773,2
"1031","2026-10-03 15:10:00",0.755,1
"1032","2026-10-03 15:11:00",0.74,1
"1033","2026-10-03 15:12:00",0.76,1
"1034","2026-10-03 15:13:00",0.778,1
"1035","2026-10-03 15:14:00",0.765,1
"1036","2026-10-03 15:15:00",0.729,1
"1037","2026-10-03 15:16:00",0.713,1
"1038","2026-10-03 15:17:00",0.75,1
"1039","2026-10-03 15:18:00",0.768,1
"1040","2026-10-03 15:19:00",0.77,1
"1041","2026-10-03 15:20:00",0.784,1
"1042","2026-10-03 15:21:00",0.757,1
"1043","2026-10-03 15:22:00",0.744,2
"1044","2026-10-03 15:23:00",0.692,1
"1045","2026-10-03 15:24:00",0.704,2
"1046","2026-10-03 15:25:00",0.708,1
"1047","2026-10-03 15:26:00",0.675,1
"1048","2026-10-03 15:27:00",0.658,1
"1049","2026-10-03 15:28:00",0.686,2
"1050","2026-10-03 15:29:00",0.691,1
"1051","2026-10-03 15:30:00",0.703,1
"1052","2026-10-03 15:31:00",0.72,1
"1053","2026-10-03 15:32:00",0.715,1
"1054","2026-10-03 15:33:00",0.667,1
"1055","2026-10-03 15:34:00",0.666,1
"1056","2026-10-03 15:35:00",0.638,1
"1057","2026-10-03 15:36:00",0.62,1
"1058","2026-10-03 15:37:00",0.668,1
"1059","2026-10-03 15:38:00",0.718,1
"1060","2026-10-03 15:39:00",0.747,1
"1061","2026-10-03 15:40:00",0.745,1
"1062","2026-10-03 15:41:00",0.747,2
"1063","2026-10-03 15:42:00",0.805,1
"1064","2026-10-03 15:43:00",0.846,2
"1065","2026-10-03 15:44:00",0.839,1
"1066","2026-10-03 15:45:00",0.863,2
"1067","2026-10-03 15:46:00",0.913,1
"1068","2026-10-03 15:47:00",0.944,1
"1069","2026-10-03 15:48:00",1.007,1
"1070","2026-10-03 15:49:00",1.04,1
"1071","2026-10-03 15:50:00",0.969,1
"1072","2026-10-03 15:51:00",0.953,1
"1073","2026-10-03 15:52:00",0.964,2
"1074","2026-10-03 15:53:00",0.966,1
"1075","2026-10-03 15:54:00",0.919,1
"1076","2026-10-03 15:55:00",0.903,2
"1077","2026-10-03 15:56:00",0.912,2
"1078","2026-10-03 15:57:00",0.932,1
"1079","2026-10-03 15:58:00",0.955,1
"1080","2026-10-03 15:59:00",0.921,1
"1081","2026-10-03 16:00:00",0.877,1
"1082","2026-10-03 16:01:00",0.837,1
"1083","2026-10-03 16:02:00",0.781,1
"1084","2026-10-03 16:03:00",0.759,2
"1085","2026-10-03 16:04:00",0.718,1
"1086","2026-10-03 16:05:00",0.702,1
"1087","2026-10-03 16:06:00",0.791,1
"1088","2026-10-03 16:07:00",0.785,1
"1089","2026-10-03 16:08:00",0.758,1
"1090","2026-10-03 16:09:00",0.722,1
"1091","2026-10-03 16:10:00",0.701,1
"1092","2026-10-03 16:11:00",0.683,1
"1093","2026-10-03 16:12:00",0.68,1
"1094","2026-10-03 16:13:00",0.648,1
"1095","2026-10-03 16:14:00",0.6,1
"1096","2026-10-03 16:15:00",0.626,1
"1097","2026-10-03 16:16:00",0.619,1
"1098","2026-10-03 16:17:00",0.589,1
"1099","2026-10-03 16:18:00",0.526,1
"1100","2026-10-03 16:19:00",0.514,1
"1101","2026-10-03 16:20:00",0.527,1
"1102","2026-10-03 16:21:00",0.551,1
"1103","2026-10-03 16:22:00",0.485,1
"1104","2026-10-03 16:23:00",0.488,1
"1105","2026-10-03 16:24:00",0.497,1
"1106","2026-10-03 16:25:00",0.537,1
"1107","2026-10-03 16:26:00",0.553,1
"1108","2026-10-03 16:27:00",0.55,1
"1109","2026-10-03 16:28:00",0.527,1
"1110","2026-10-03 16:29:00",0.481,1
"1111","2026-10-03 16:30:00",0.434,1
"1112","2026-10-03 16:31:00",0.397,1
"1113","2026-10-03 16:32:00",0.402,2
"1114","2026-10-03 16:33:00",0.472,1
"1115","2026-10-03 16:34:00",0.535,1
"1116","2026-10-03 16:35:00",0.527,1
"1117","2026-10-03 16:36:00",0.483,1
"1118","2026-10-03 16:37:00",0.445,1
"1119","2026-10-03 16:38:00",0.44,2
"1120","2026-10-03 16:39:00",0.428,1
"1121","2026-10-03 16:40:00",0.437,1
"1122","2026-10-03 16:41:00",0.432,1
"1123","2026-10-03 16:42:00",0.451,1
"1124","2026-10-03 16:43:00",0.472,1
"1125","2026-10-03 16:44:00",0.516,1
"1126","2026-10-03 16:45:00",0.522,1
"1127","2026-10-03 16:46:00",0.533,1
"1128","2026-10-03 16:47:00",0.552,1
"1129","2026-10-03 16:48:00",0.602,1
"1130","2026-10-03 16:49:00",0.58,1
"1131","2026-10-03 16:50:00",0.574,1
"1132","2026-10-03 16:51:00",0.58,1
"1133","2026-10-03 16:52:00",0.587,1
"1134","2026-10-03 16:53:00",0.603,1
"1135","2026-10-03 16:54:00",0.607,1
"1136","2026-10-03 16:55:00",0.606,1
"1137","2026-10-03 16:56:00",0.603,1
"1138","2026-10-03 16:57:00",0.552,1
"1139","2026-10-03 16:58:00",0.549,1
"1140","2026-10-03 16:59:00",0.58,1
"1141","2026-10-03 17:00:00",0.574,1
"1142","2026-10-03 17:01:00",0.615,1
"1143","2026-10-03 17:02:00",0.595,1
"1144","2026-10-03 17:03:00",0.555,1
"1145","2026-10-03 17:04:00",0.536,1
"1146","2026-10-03 17:05:00",0.514,1
"1147","2026-10-03 17:06:00",0.521,1
"1148","2026-10-03 17:07:00",0.562,1
"1149","2026-10-03 17:08:00",0.578,2
"1150","2026-10-03 17:09:00",0.585,1
"1151","2026-10-03 17:10:00",0.621,1
"1152","2026-10-03 17:11:00",0.654,1
"1153","2026-10-03 17:12:00",0.667,1
"1154","2026-10-03 17:13:00",0.704,1
"1155","2026-10-03 17:14:00",0.685,1
"1156","2026-10-03 17:15:00",0.641,1
"1157","2026-10-03 17:16:00",0.576,1
"1158","2026-10-03 17:17:00",0.554,1
"1159","2026-10-03 17:18:00",0.607,1
"1160","2026-10-03 17:19:00",0.683,1
"1161","2026-10-03 17:20:00",0.695,1
"1162","2026-10-03 17:21:00",0.724,2
"1163","2026-10-03 17:22:00",0.727,1
"1164","2026-10-03 17:23:00",0.674,1
"1165","2026-10-03 17:24:00",0.664,2
"1166","2026-10-03 17:25:00",0.679,1
"1167","2026-10-03 17:26:00",0.694,1
"1168","2026-10-03 17:27:00",0.728,1
"1169","2026-10-03 17:28:00",0.763,1
"1170","2026-10-03 17:29:00",0.782,1
"1171","2026-10-03 17:30:00",0.762,1
"1172","2026-10-03 17:31:00",0.773,1
"1173","2026-10-03 17:32:00",0.828,1
"1174","2026-10-03 17:33:00",0.855,1
"1175","2026-10-03 17:34:00",0.828,1
"1176","2026-10-03 17:35:00",0.796,2
"1177","2026-10-03 17:36:00",0.755,1
"1178","2026-10-03 17:37:00",0.758,1
"1179","2026-10-03 17:38:00",0.748,1
"1180","2026-10-03 17:39:00",0.753,1
"1181","2026-10-03 17:40:00",0.781,1
"1182","2026-10-03 17:41:00",0.75,1
"1183","2026-10-03 17:42:00",0.712,1
"1184","2026-10-03 17:43:00",0.637,1
"1185","2026-10-03 17:44:00",0.583,1
"1186","2026-10-03 17:45:00",0.579,1
"1187","2026-10-03 17:46:00",0.62,2
"1188","2026-10-03 17:47:00",0.655,2
"1189","2026-10-03 17:48:00",0.652,1
"1190","2026-10-03 17:49:00",0.642,1
"1191","2026-10-03 17:50:00",0.643,1
"1192","2026-10-03 17:51:00",0.647,1
"1193","2026-10-03 17:52:00",0.666,2
"1194","2026-10-03 17:53:00",0.677,1
"1195","2026-10-03 17:54:00",0.701,1
"1196","2026-10-03 17:55:00",0.744,1
"1197","2026-10-03 17:56:00",0.759,1
"1198","2026-10-03 17:57:00",0.809,1
"1199","2026-10-03 17:58:00",0.847,1
"1200","2026-10-03 17:59:00",0.875,1
"1201","2026-10-03 18:00:00",0.906,1
"1202","2026-10-03 18:01:00",0.928,2
"1203","2026-10-03 18:02:00",0.924,1
"1204","2026-10-03 18:03:00",0.892,1
"1205","2026-10-03 18:04:00",0.863,1
"1206","2026-10-03 18:05:00",0.857,1
"1207","2026-10-03 18:06:00",0.864,1
"1208","2026-10-03 18:07:00",0.864,1
"1209","2026-10-03 18:08:00",0.879,1
"1210","2026-10-03 18:09:00",0.835,1
"1211","2026-10-03 18:10:00",0.83,1
"1212","2026-10-03 18:11:00",0.802,1
"1213","2026-10-03 18:12:00",0.782,1
"1214","2026-10-03 18:13:00",0.772,1
"1215","2026-10-03 18:14:00",0.757,1
"1216","2026-10-03 18:15:00",0.789,1
"1217","2026-10-03 18:16:00",0.781,1
"1218","2026-10-03 18:17:00",0.747,1
"1219","2026-10-03 18:18:00",0.743,1
"1220","2026-10-03 18:19:00",0.742,2
"1221","2026-10-03 18:20:00",0.727,1
"1222","2026-10-03 18:21:00",0.717,1
"1223","2026-10-03 18:22:00",0.732,1
"1224","2026-10-03 18:23:00",0.725,1
"1225","2026-10-03 18:24:00",0.704,1
"1226","2026-10-03 18:25:00",0.705,1
"1227","2026-10-03 18:26:00",0.696,1
"1228","2026-10-03 18:27:00",0.68,1
"1229","2026-10-03 18:28:00",0.681,1
"1230","2026-10-03 18:29:00",0.628,2
"1231","2026-10-03 18:30:00",0.605,1
"1232","2026-10-03 18:31:00",0.582,1
"1233","2026-10-03 18:32:00",0.595,1
"1234","2026-10-03 18:33:00",0.571,1
"1235","2026-10-03 18:34:00",0.563,1
"1236","2026-10-03 18:35:00",0.563,1
"1237","2026-10-03 18:36:00",0.592,1
"1238","2026-10-03 18:37:00",0.633,1
"1239","2026-10-03 18:38:00",0.64,1
"1240","2026-10-03 18:39:00",0.676,1
"1241","2026-10-03 18:40:00",0.676,1
"1242","2026-10-03 18:41:00",0.686,1
"1243","2026-10-03 18:42:00",0.693,1
"1244","2026-10-03 18:43:00",0.739,1
"1245","2026-10-03 18:44:00",0.734,1
"1246","2026-10-03 18:45:00",0.772,1
"1247","2026-10-03 18:46:00",0.809,1
"1248","2026-10-03 18:47:00",0.815,1
"1249","2026-10-03 18:48:00",0.784,1
"1250","2026-10-03 18:49:00",0.792,1
"1251","2026-10-03 18:50:00",0.794,1
"1252","2026-10-03 18:51:00",0.802,2
"1253","2026-10-03 18:52:00",0.808,1
"1254","2026-10-03 18:53:00",0.815,2
"1255","2026-10-03 18:54:00",0.821,1
"1256","2026-10-03 18:55:00",0.805,1
"1257","2026-10-03 18:56:00",0.785,1
"1258","2026-10-03 18:57:00",0.761,1
"1259","2026-10-03 18:58:00",0.772,2
"1260","2026-10-03 18:59:00",0.77,1
"1261","2026-10-03 19:00:00",0.804,1
"1262","2026-10-03 19:01:00",0.832,2
"1263","2026-10-03 19:02:00",0.809,1
"1264","2026-10-03 19:03:00",0.824,1
"1265","2026-10-03 19:04:00",0.857,1
"1266","2026-10-03 19:05:00",0.849,1
"1267","2026-10-03 19:06:00",0.856,1
"1268","2026-10-03 19:07:00",0.843,1
"1269","2026-10-03 19:08:00",0.84,1
"1270","2026-10-03 19:09:00",0.825,1
"1271","2026-10-03 19:10:00",0.803,1
"1272","2026-10-03 19:11:00",0.808,1
"1273","2026-10-03 19:12:00",0.838,1
"1274","2026-10-03 19:13:00",0.859,1
"1275","2026-10-03 19:14:00",0.808,2
"1276","2026-10-03 19:15:00",0.825,1
"1277","2026-10-03 19:16:00",0.812,1
"1278","2026-10-03 19:17:00",0.776,1
"1279","2026-10-03 19:18:00",0.775,1
"1280","2026-10-03 19:19:00",0.766,1
"1281","2026-10-03 19:20:00",0.785,1
"1282","2026-10-03 19:21:00",0.819,1
"1283","2026-10-03 19:22:00",0.834,1
"1284","2026-10-03 19:23:00",0.823,1
"1285","2026-10-03 19:24:00",0.815,1
"1286","2026-10-03 19:25:00",0.761,1
"1287","2026-10-03 19:26:00",0.741,1
"1288","2026-10-03 19:27:00",0.706,2
"1289","2026-10-03 19:28:00",0.662,1
"1290","2026-10-03 19:29:00",0.628,1
"1291","2026-10-03 19:30:00",0.642,1
"1292","2026-10-03 19:31:00",0.62,1
"1293","2026-10-03 19:32:00",0.621,1
"1294","2026-10-03 19:33:00",0.605,1
"1295","2026-10-03 19:34:00",0.612,1
"1296","2026-10-03 19:35:00",0.601,1
"1297","2026-10-03 19:36:00",0.573,1
"1298","2026-10-03 19:37:00",0.52,1
"1299","2026-10-03 19:38:00",0.522,1
"1300","2026-10-03 19:39:00",0.54,1
"1301","2026-10-03 19:40:00",0.578,1
"1302","2026-10-03 19:41:00",0.642,1
"1303","2026-10-03 19:42:00",0.681,1
"1304","2026-10-03 19:43:00",0.748,1
"1305","2026-10-03 19:44:00",0.8,1
"1306","2026-10-03 19:45:00",0.857,2
"1307","2026-10-03 19:46:00",0.896,1
"1308","2026-10-03 19:47:00",0.881,1
"1309","2026-10-03 19:48:00",0.879,1
"1310","2026-10-03 19:49:00",0.915,1
"1311","2026-10-03 19:50:00",0.925,1
"1312","2026-10-03 19:51:00",0.932,1
"1313","2026-10-03 19:52:00",0.958,1
"1314","2026-10-03 19:53:00",1.028,1
"1315","2026-10-03 19:54:00",1.034,1
"1316","2026-10-03 19:55:00",1.07,2
"1317","2026-10-03 19:56:00",1.046,1
"1318","2026-10-03 19:57:00",0.993,1
"1319","2026-10-03 19:58:00",0.951,1
"1320","2026-10-03 19:59:00",0.871,1
"1321","2026-10-03 20:00:00",0.832,1
"1322","2026-10-03 20:01:00",0.821,1
"1323","2026-10-03 20:02:00",0.795,1
"1324","2026-10-03 20:03:00",0.804,2
"1325","2026-10-03 20:04:00",0.799,1
"1326","2026-10-03 20:05:00",0.817,1
"1327","2026-10-03 20:06:00",0.839,1
"1328","2026-10-03 20:07:00",0.847,1
"1329","2026-10-03 20:08:00",0.784,1
"1330","2026-10-03 20:09:00",0.735,2
"1331","2026-10-03 20:10:00",0.73,1
"1332","2026-10-03 20:11:00",0.721,1
"1333","2026-10-03 20:12:00",0.743,1
"1334","2026-10-03 20:13:00",0.785,1
"1335","2026-10-03 20:14:00",0.866,1
"1336","2026-10-03 20:15:00",0.93,1
"1337","2026-10-03 20:16:00",0.995,1
"1338","2026-10-03 20:17:00",1.041,1
"1339","2026-10-03 20:18:00",1.061,1
"1340","2026-10-03 20:19:00",1.099,1
"1341","2026-10-03 20:20:00",1.104,1
"1342","2026-10-03 20:21:00",1.086,1
"1343","2026-10-03 20:22:00",1.044,1
"1344","2026-10-03 20:23:00",1.017,1
"1345","2026-10-03 20:24:00",1.059,1
"1346","2026-10-03 20:25:00",1.11,1
"1347","2026-10-03 20:26:00",1.104,1
"1348","2026-10-03 20:27:00",1.071,2
"1349","2026-10-03 20:28:00",1.025,1
"1350","2026-10-03 20:29:00",1.022,2
"1351","2026-10-03 20:30:00",0.981,1
"1352","2026-10-03 20:31:00",0.99,1
"1353","2026-10-03 20:32:00",0.948,1
"1354","2026-10-03 20:33:00",0.925,1
"1355","2026-10-03 20:34:00",0.93,1
"1356","2026-10-03 20:35:00",0.883,1
"1357","2026-10-03 20:36:00",0.893,1
"1358","2026-10-03 20:37:00",0.877,2
"1359","2026-10-03 20:38:00",0.864,1
"1360","2026-10-03 20:39:00",0.865,1
"1361","2026-10-03 20:40:00",0.875,1
"1362","2026-10-03 20:41:00",0.845,1
"1363","2026-10-03 20:42:00",0.866,1
"1364","2026-10-03 20:43:00",0.915,1
"1365","2026-10-03 20:44:00",0.939,1
"1366","2026-10-03 20:45:00",0.915,1
"1367","2026-10-03 20:46:00",0.921,1
"1368","2026-10-03 20:47:00",0.94,1
"1369","2026-10-03 20:48:00",0.981,1
"1370","2026-10-03 20:49:00",0.965,1
"1371","2026-10-03 20:50:00",0.949,1
"1372","2026-10-03 20:51:00",0.98,1
"1373","2026-10-03 20:52:00",0.945,1
"1374","2026-10-03 20:53:00",0.93,1
"1375","2026-10-03 20:54:00",0.948,1
"1376","2026-10-03 20:55:00",0.979,1
"1377","2026-10-03 20:56:00",0.974,1
"1378","2026-10-03 20:57:00",1.001,1
"1379","2026-10-03 20:58:00",1.006,1
"1380","2026-10-03 20:59:00",0.959,1
"1381","2026-10-03 21:00:00",0.949,1
"1382","2026-10-03 21:01:00",0.971,1
"1383","2026-10-03 21:02:00",0.947,1
"1384","2026-10-03 21:03:00",0.9,1
"1385","2026-10-03 21:04:00",0.859,1
"1386","2026-10-03 21:05:00",0.839,1
"1387","2026-10-03 21:06:00",0.81,1
"1388","2026-10-03 21:07:00",0.816,1
"1389","2026-10-03 21:08:00",0.831,1
"1390","2026-10-03 21:09:00",0.878,1
"1391","2026-10-03 21:10:00",0.899,1
"1392","2026-10-03 21:11:00",0.868,1
"1393","2026-10-03 21:12:00",0.84,1
"1394","2026-10-03 21:13:00",0.789,1
"1395","2026-10-03 21:14:00",0.753,1
"1396","2026-10-03 21:15:00",0.758,1
"1397","2026-10-03 21:16:00",0.746,1
"1398","2026-10-03 21:17:00",0.738,1
"1399","2026-10-03 21:18:00",0.717,1
"1400","2026-10-03 21:19:00",0.681,1
"1401","2026-10-03 21:20:00",0.66,1
"1402","2026-10-03 21:21:00",0.649,1
"1403","2026-10-03 21:22:00",0.656,1
"1404","2026-10-03 21:23:00",0.643,1
"1405","2026-10-03 21:24:00",0.613,1
"1406","2026-10-03 21:25:00",0.547,1
"1407","2026-10-03 21:26:00",0.535,1
"1408","2026-10-03 21:27:00",0.528,1
"1409","2026-10-03 21:28:00",0.543,1
"1410","2026-10-03 21:29:00",0.555,1
"1411","2026-10-03 21:30:00",0.553,1
"1412","2026-10-03 21:31:00",0.555,1
"1413","2026-10-03 21:32:00",0.574,1
"1414","2026-10-03 21:33:00",0.595,1
"1415","2026-10-03 21:34:00",0.63,1
"1416","2026-10-03 21:35:00",0.654,1
"1417","2026-10-03 21:36:00",0.658,1
"1418","2026-10-03 21:37:00",0.685,1
"1419","2026-10-03 21:38:00",0.706,1
"1420","2026-10-03 21:39:00",0.68,1
"1421","2026-10-03 21:40:00",0.712,2
"1422","2026-10-03 21:41:00",0.732,1
"1423","2026-10-03 21:42:00",0.696,1
"1424","2026-10-03 21:43:00",0.716,1
"1425","2026-10-03 21:44:00",0.72,1
"1426","2026-10-03 21:45:00",0.714,2
"1427","2026-10-03 21:46:00",0.692,1
"1428","2026-10-03 21:47:00",0.683,1
"1429","2026-10-03 21:48:00",0.64,2
"1430","2026-10-03 21:49:00",0.639,1
"1431","2026-10-03 21:50:00",0.622,1
"1432","2026-10-03 21:51:00",0.6,1
"1433","2026-10-03 21:52:00",0.644,1
"1434","2026-10-03 21:53:00",0.652,1
"1435","2026-10-03 21:54:00",0.649,1
"1436","2026-10-03 21:55:00",0.687,1
"1437","2026-10-03 21:56:00",0.686,1
"1438","2026-10-03 21:57:00",0.682,1
"1439","2026-10-03 21:58:00",0.72,1
"1440","2026-10-03 21:59:00",0.739,1
