"","date (UTC)","SO2 (ppb)","Flag"
"1","2026-07-13 19:00:00",0.295,0
"2","2026-07-13 19:01:00",0.317,0
"3","2026-07-13 19:02:00",0.363,0
"4","2026-07-13 19:03:00",0.426,0
"5","2026-07-13 19:04:00",0.469,0
"6","2026-07-13 19:05:00",0.47,0
"7","2026-07-13 19:06:00",0.51,0
"8","2026-07-13 19:07:00",0.589,0
"9","2026-07-13 19:08:00",0.643,0
"10","2026-07-13 19:09:00",0.646,0
"11","2026-07-13 19:10:00",0.63,0
"12","2026-07-13 19:11:00",0.602,0
"13","2026-07-13 19:12:00",0.614,0
"14","2026-07-13 19:13:00",0.626,0
"15","2026-07-13 19:14:00",0.6,0
"16","2026-07-13 19:15:00",0.588,0
"17","2026-07-13 19:16:00",0.601,0
"18","2026-07-13 19:17:00",0.574,0
"19","2026-07-13 19:18:00",0.534,0
"20","2026-07-13 19:19:00",0.487,0
"21","2026-07-13 19:20:00",0.469,0
"22","2026-07-13 19:21:00",0.474,0
"23","2026-07-13 19:22:00",0.453,1
"24","2026-07-13 19:23:00",0.398,0
"25","2026-07-13 19:24:00",0.364,0
"26","2026-07-13 19:25:00",0.377,0
"27","2026-07-13 19:26:00",0.406,0
"28","2026-07-13 19:27:00",0.384,0
"29","2026-07-13 19:28:00",0.359,0
"30","2026-07-13 19:29:00",0.355,0
"31","2026-07-13 19:30:00",0.36,0
"32","2026-07-13 19:31:00",0.351,0
"33","2026-07-13 19:32:00",0.359,0
"34","2026-07-13 19:33:00",0.382,0
"35","2026-07-13 19:34:00",0.375,0
"36","2026-07-13 19:35:00",0.331,0
"37","2026-07-13 19:36:00",0.309,0
"38","2026-07-13 19:37:00",0.331,0
"39","2026-07-13 19:38:00",0.317,0
"40","2026-07-13 19:39:00",0.302,0
"41","2026-07-13 19:40:00",0.272,0
"42","2026-07-13 19:41:00",0.229,0
"43","2026-07-13 19:42:00",0.207,0
"44","2026-07-13 19:43:00",0.228,0
"45","2026-07-13 19:44:00",0.268,0
"46","2026-07-13 19:45:00",0.302,0
"47","2026-07-13 19:46:00",0.316,1
"48","2026-07-13 19:47:00",0.314,0
"49","2026-07-13 19:48:00",0.287,0
"50","2026-07-13 19:49:00",0.305,0
"51","2026-07-13 19:50:00",0.349,1
"52","2026-07-13 19:51:00",0.444,0
"53","2026-07-13 19:52:00",0.465,1
"54","2026-07-13 19:53:00",0.407,1
"55","2026-07-13 19:54:00",0.375,0
"56","2026-07-13 19:55:00",0.376,0
"57","2026-07-13 19:56:00",0.392,0
"58","2026-07-13 19:57:00",0.417,0
"59","2026-07-13 19:58:00",0.399,0
"60","2026-07-13 19:59:00",0.367,0
"61","2026-07-13 20:00:00",0.364,0
"62","2026-07-13 20:01:00",0.329,0
"63","2026-07-13 20:02:00",0.307,0
"64","2026-07-13 20:03:00",0.306,0
"65","2026-07-13 20:04:00",0.312,0
"66","2026-07-13 20:05:00",0.278,0
"67","2026-07-13 20:06:00",0.232,0
"68","2026-07-13 20:07:00",0.196,1
"69","2026-07-13 20:08:00",0.202,0
"70","2026-07-13 20:09:00",0.229,0
"71","2026-07-13 20:10:00",0.27,0
"72","2026-07-13 20:11:00",0.269,1
"73","2026-07-13 20:12:00",0.303,0
"74","2026-07-13 20:13:00",0.305,0
"75","2026-07-13 20:14:00",0.302,0
"76","2026-07-13 20:15:00",0.323,0
"77","2026-07-13 20:16:00",0.294,1
"78","2026-07-13 20:17:00",0.262,1
"79","2026-07-13 20:18:00",0.268,0
"80","2026-07-13 20:19:00",0.272,0
"81","2026-07-13 20:20:00",0.285,0
"82","2026-07-13 20:21:00",0.319,1
"83","2026-07-13 20:22:00",0.337,0
"84","2026-07-13 20:23:00",0.327,0
"85","2026-07-13 20:24:00",0.295,0
"86","2026-07-13 20:25:00",0.29,0
"87","2026-07-13 20:26:00",0.276,0
"88","2026-07-13 20:27:00",0.268,0
"89","2026-07-13 20:28:00",0.208,0
"90","2026-07-13 20:29:00",0.184,0
"91","2026-07-13 20:30:00",0.187,0
"92","2026-07-13 20:31:00",0.166,0
"93","2026-07-13 20:32:00",0.14,0
"94","2026-07-13 20:33:00",0.166,0
"95","2026-07-13 20:34:00",0.155,0
"96","2026-07-13 20:35:00",0.197,0
"97","2026-07-13 20:36:00",0.21,0
"98","2026-07-13 20:37:00",0.238,0
"99","2026-07-13 20:38:00",0.239,0
"100","2026-07-13 20:39:00",0.227,0
"101","2026-07-13 20:40:00",0.276,0
"102","2026-07-13 20:41:00",0.291,0
"103","2026-07-13 20:42:00",0.291,0
"104","2026-07-13 20:43:00",0.326,0
"105","2026-07-13 20:44:00",0.38,0
"106","2026-07-13 20:45:00",0.427,1
"107","2026-07-13 20:46:00",0.421,0
"108","2026-07-13 20:47:00",0.473,0
"109","2026-07-13 20:48:00",0.528,0
"110","2026-07-13 20:49:00",0.523,0
"111","2026-07-13 20:50:00",0.538,0
"112","2026-07-13 20:51:00",0.526,0
"113","2026-07-13 20:52:00",0.527,0
"114","2026-07-13 20:53:00",0.523,0
"115","2026-07-13 20:54:00",0.535,1
"116","2026-07-13 20:55:00",0.569,0
"117","2026-07-13 20:56:00",0.496,0
"118","2026-07-13 20:57:00",0.472,0
"119","2026-07-13 20:58:00",0.493,0
"120","2026-07-13 20:59:00",0.482,0
"121","2026-07-13 21:00:00",0.449,0
"122","2026-07-13 21:01:00",0.423,0
"123","2026-07-13 21:02:00",0.44,0
"124","2026-07-13 21:03:00",0.423,0
"125","2026-07-13 21:04:00",0.421,1
"126","2026-07-13 21:05:00",0.432,0
"127","2026-07-13 21:06:00",0.406,0
"128","2026-07-13 21:07:00",0.375,0
"129","2026-07-13 21:08:00",0.325,0
"130","2026-07-13 21:09:00",0.266,0
"131","2026-07-13 21:10:00",0.221,0
"132","2026-07-13 21:11:00",0.175,0
"133","2026-07-13 21:12:00",0.173,0
"134","2026-07-13 21:13:00",0.171,0
"135","2026-07-13 21:14:00",0.174,0
"136","2026-07-13 21:15:00",0.153,0
"137","2026-07-13 21:16:00",0.151,0
"138","2026-07-13 21:17:00",0.156,0
"139","2026-07-13 21:18:00",0.168,0
"140","2026-07-13 21:19:00",0.198,0
"141","2026-07-13 21:20:00",0.244,0
"142","2026-07-13 21:21:00",0.245,0
"143","2026-07-13 21:22:00",0.264,0
"144","2026-07-13 21:23:00",0.237,0
"145","2026-07-13 21:24:00",0.244,0
"146","2026-07-13 21:25:00",0.282,0
"147","2026-07-13 21:26:00",0.355,0
"148","2026-07-13 21:27:00",0.382,1
"149","2026-07-13 21:28:00",0.402,0
"150","2026-07-13 21:29:00",0.449,0
"151","2026-07-13 21:30:00",0.444,0
"152","2026-07-13 21:31:00",0.472,0
"153","2026-07-13 21:32:00",0.476,1
"154","2026-07-13 21:33:00",0.465,0
"155","2026-07-13 21:34:00",0.471,0
"156","2026-07-13 21:35:00",0.449,0
"157","2026-07-13 21:36:00",0.4,0
"158","2026-07-13 21:37:00",0.401,0
"159","2026-07-13 21:38:00",0.399,0
"160","2026-07-13 21:39:00",0.439,0
"161","2026-07-13 21:40:00",0.48,0
"162","2026-07-13 21:41:00",0.481,0
"163","2026-07-13 21:42:00",0.414,0
"164","2026-07-13 21:43:00",0.398,0
"165","2026-07-13 21:44:00",0.385,1
"166","2026-07-13 21:45:00",0.39,1
"167","2026-07-13 21:46:00",0.361,1
"168","2026-07-13 21:47:00",0.357,0
"169","2026-07-13 21:48:00",0.404,0
"170","2026-07-13 21:49:00",0.433,0
"171","2026-07-13 21:50:00",0.411,0
"172","2026-07-13 21:51:00",0.38,1
"173","2026-07-13 21:52:00",0.375,0
"174","2026-07-13 21:53:00",0.337,0
"175","2026-07-13 21:54:00",0.312,0
"176","2026-07-13 21:55:00",0.308,0
"177","2026-07-13 21:56:00",0.308,1
"178","2026-07-13 21:57:00",0.308,1
"179","2026-07-13 21:58:00",0.328,0
"180","2026-07-13 21:59:00",0.361,0
"181","2026-07-13 22:00:00",0.397,0
"182","2026-07-13 22:01:00",0.358,0
"183","2026-07-13 22:02:00",0.341,0
"184","2026-07-13 22:03:00",0.313,0
"185","2026-07-13 22:04:00",0.235,0
"186","2026-07-13 22:05:00",0.179,0
"187","2026-07-13 22:06:00",0.167,0
"188","2026-07-13 22:07:00",0.186,0
"189","2026-07-13 22:08:00",0.161,0
"190","2026-07-13 22:09:00",0.196,1
"191","2026-07-13 22:10:00",0.245,0
"192","2026-07-13 22:11:00",0.259,0
"193","2026-07-13 22:12:00",0.228,0
"194","2026-07-13 22:13:00",0.21,0
"195","2026-07-13 22:14:00",0.195,0
"196","2026-07-13 22:15:00",0.15,0
"197","2026-07-13 22:16:00",0.123,0
"198","2026-07-13 22:17:00",0.125,1
"199","2026-07-13 22:18:00",0.157,1
"200","2026-07-13 22:19:00",0.188,0
"201","2026-07-13 22:20:00",0.221,0
"202","2026-07-13 22:21:00",0.224,0
"203","2026-07-13 22:22:00",0.239,0
"204","2026-07-13 22:23:00",0.209,0
"205","2026-07-13 22:24:00",0.202,0
"206","2026-07-13 22:25:00",0.219,0
"207","2026-07-13 22:26:00",0.245,0
"208","2026-07-13 22:27:00",0.272,0
"209","2026-07-13 22:28:00",0.265,0
"210","2026-07-13 22:29:00",0.278,0
"211","2026-07-13 22:30:00",0.26,0
"212","2026-07-13 22:31:00",0.276,0
"213","2026-07-13 22:32:00",0.295,0
"214","2026-07-13 22:33:00",0.324,0
"215","2026-07-13 22:34:00",0.321,0
"216","2026-07-13 22:35:00",0.296,0
"217","2026-07-13 22:36:00",0.293,0
"218","2026-07-13 22:37:00",0.326,0
"219","2026-07-13 22:38:00",0.286,0
"220","2026-07-13 22:39:00",0.306,0
"221","2026-07-13 22:40:00",0.34,0
"222","2026-07-13 22:41:00",0.32,0
"223","2026-07-13 22:42:00",0.251,0
"224","2026-07-13 22:43:00",0.183,0
"225","2026-07-13 22:44:00",0.154,0
"226","2026-07-13 22:45:00",0.116,0
"227","2026-07-13 22:46:00",0.139,0
"228","2026-07-13 22:47:00",0.113,1
"229","2026-07-13 22:48:00",0.073,0
"230","2026-07-13 22:49:00",0.028,0
"231","2026-07-13 22:50:00",0.031,0
"232","2026-07-13 22:51:00",0.059,0
"233","2026-07-13 22:52:00",0.098,1
"234","2026-07-13 22:53:00",0.087,0
"235","2026-07-13 22:54:00",0.13,0
"236","2026-07-13 22:55:00",0.136,0
"237","2026-07-13 22:56:00",0.112,0
"238","2026-07-13 22:57:00",0.121,0
"239","2026-07-13 22:58:00",0.138,0
"240","2026-07-13 22:59:00",0.165,0
"241","2026-07-13 23:00:00",0.182,0
"242","2026-07-13 23:01:00",0.192,0
"243","2026-07-13 23:02:00",0.201,0
"244","2026-07-13 23:03:00",0.206,0
"245","2026-07-13 23:04:00",0.248,0
"246","2026-07-13 23:05:00",0.281,0
"247","2026-07-13 23:06:00",0.237,0
"248","2026-07-13 23:07:00",0.272,0
"249","2026-07-13 23:08:00",0.281,0
"250","2026-07-13 23:09:00",0.322,0
"251","2026-07-13 23:10:00",0.333,0
"252","2026-07-13 23:11:00",0.356,0
"253","2026-07-13 23:12:00",0.395,0
"254","2026-07-13 23:13:00",0.416,0
"255","2026-07-13 23:14:00",0.468,0
"256","2026-07-13 23:15:00",0.467,0
"257","2026-07-13 23:16:00",0.492,0
"258","2026-07-13 23:17:00",0.545,0
"259","2026-07-13 23:18:00",0.521,1
"260","2026-07-13 23:19:00",0.544,0
"261","2026-07-13 23:20:00",0.559,0
"262","2026-07-13 23:21:00",0.552,0
"263","2026-07-13 23:22:00",0.583,0
"264","2026-07-13 23:23:00",0.541,0
"265","2026-07-13 23:24:00",0.504,0
"266","2026-07-13 23:25:00",0.447,0
"267","2026-07-13 23:26:00",0.408,0
"268","2026-07-13 23:27:00",0.376,1
"269","2026-07-13 23:28:00",0.333,0
"270","2026-07-13 23:29:00",0.266,0
"271","2026-07-13 23:30:00",0.212,0
"272","2026-07-13 23:31:00",0.211,0
"273","2026-07-13 23:32:00",0.217,0
"274","2026-07-13 23:33:00",0.211,0
"275","2026-07-13 23:34:00",0.272,0
"276","2026-07-13 23:35:00",0.323,0
"277","2026-07-13 23:36:00",0.34,0
"278","2026-07-13 23:37:00",0.375,0
"279","2026-07-13 23:38:00",0.415,0
"280","2026-07-13 23:39:00",0.428,0
"281","2026-07-13 23:40:00",0.431,0
"282","2026-07-13 23:41:00",0.416,1
"283","2026-07-13 23:42:00",0.463,0
"284","2026-07-13 23:43:00",0.507,1
"285","2026-07-13 23:44:00",0.578,1
"286","2026-07-13 23:45:00",0.644,0
"287","2026-07-13 23:46:00",0.701,0
"288","2026-07-13 23:47:00",0.72,0
"289","2026-07-13 23:48:00",0.745,0
"290","2026-07-13 23:49:00",0.76,0
"291","2026-07-13 23:50:00",0.763,0
"292","2026-07-13 23:51:00",0.74,0
"293","2026-07-13 23:52:00",0.734,0
"294","2026-07-13 23:53:00",0.721,0
"295","2026-07-13 23:54:00",0.676,0
"296","2026-07-13 23:55:00",0.686,0
"297","2026-07-13 23:56:00",0.718,0
"298","2026-07-13 23:57:00",0.793,0
"299","2026-07-13 23:58:00",0.839,0
"300","2026-07-13 23:59:00",0.854,0
"301","2026-07-14",0.813,0
"302","2026-07-14 00:01:00",0.798,0
"303","2026-07-14 00:02:00",0.792,0
"304","2026-07-14 00:03:00",0.813,0
"305","2026-07-14 00:04:00",0.824,0
"306","2026-07-14 00:05:00",0.848,0
"307","2026-07-14 00:06:00",0.899,0
"308","2026-07-14 00:07:00",0.942,0
"309","2026-07-14 00:08:00",0.95,0
"310","2026-07-14 00:09:00",0.976,0
"311","2026-07-14 00:10:00",1.033,0
"312","2026-07-14 00:11:00",1.027,0
"313","2026-07-14 00:12:00",0.993,0
"314","2026-07-14 00:13:00",0.96,0
"315","2026-07-14 00:14:00",0.911,0
"316","2026-07-14 00:15:00",0.906,0
"317","2026-07-14 00:16:00",0.937,0
"318","2026-07-14 00:17:00",0.948,1
"319","2026-07-14 00:18:00",0.947,0
"320","2026-07-14 00:19:00",0.942,0
"321","2026-07-14 00:20:00",0.948,0
"322","2026-07-14 00:21:00",0.903,1
"323","2026-07-14 00:22:00",0.84,1
"324","2026-07-14 00:23:00",0.773,0
"325","2026-07-14 00:24:00",0.766,0
"326","2026-07-14 00:25:00",0.758,0
"327","2026-07-14 00:26:00",0.745,0
"328","2026-07-14 00:27:00",0.752,0
"329","2026-07-14 00:28:00",0.814,0
"330","2026-07-14 00:29:00",0.826,0
"331","2026-07-14 00:30:00",0.82,0
"332","2026-07-14 00:31:00",0.79,0
"333","2026-07-14 00:32:00",0.748,0
"334","2026-07-14 00:33:00",0.721,0
"335","2026-07-14 00:34:00",0.686,0
"336","2026-07-14 00:35:00",0.66,0
"337","2026-07-14 00:36:00",0.603,0
"338","2026-07-14 00:37:00",0.597,0
"339","2026-07-14 00:38:00",0.597,0
"340","2026-07-14 00:39:00",0.646,0
"341","2026-07-14 00:40:00",0.63,0
"342","2026-07-14 00:41:00",0.625,0
"343","2026-07-14 00:42:00",0.608,0
"344","2026-07-14 00:43:00",0.599,0
"345","2026-07-14 00:44:00",0.573,0
"346","2026-07-14 00:45:00",0.527,0
"347","2026-07-14 00:46:00",0.522,0
"348","2026-07-14 00:47:00",0.537,0
"349","2026-07-14 00:48:00",0.59,0
"350","2026-07-14 00:49:00",0.625,0
"351","2026-07-14 00:50:00",0.615,0
"352","2026-07-14 00:51:00",0.608,0
"353","2026-07-14 00:52:00",0.608,0
"354","2026-07-14 00:53:00",0.632,0
"355","2026-07-14 00:54:00",0.631,0
"356","2026-07-14 00:55:00",0.546,0
"357","2026-07-14 00:56:00",0.511,0
"358","2026-07-14 00:57:00",0.477,0
"359","2026-07-14 00:58:00",0.469,0
"360","2026-07-14 00:59:00",0.457,0
"361","2026-07-14 01:00:00",0.455,0
"362","2026-07-14 01:01:00",0.473,0
"363","2026-07-14 01:02:00",0.476,0
"364","2026-07-14 01:03:00",0.456,0
"365","2026-07-14 01:04:00",0.454,0
"366","2026-07-14 01:05:00",0.417,0
"367","2026-07-14 01:06:00",0.407,1
"368","2026-07-14 01:07:00",0.41,0
"369","2026-07-14 01:08:00",0.395,0
"370","2026-07-14 01:09:00",0.397,0
"371","2026-07-14 01:10:00",0.413,0
"372","2026-07-14 01:11:00",0.455,0
"373","2026-07-14 01:12:00",0.454,0
"374","2026-07-14 01:13:00",0.445,0
"375","2026-07-14 01:14:00",0.409,0
"376","2026-07-14 01:15:00",0.391,0
"377","2026-07-14 01:16:00",0.36,0
"378","2026-07-14 01:17:00",0.352,0
"379","2026-07-14 01:18:00",0.344,1
"380","2026-07-14 01:19:00",0.35,0
"381","2026-07-14 01:20:00",0.304,0
"382","2026-07-14 01:21:00",0.3,0
"383","2026-07-14 01:22:00",0.332,0
"384","2026-07-14 01:23:00",0.38,0
"385","2026-07-14 01:24:00",0.442,0
"386","2026-07-14 01:25:00",0.417,0
"387","2026-07-14 01:26:00",0.378,1
"388","2026-07-14 01:27:00",0.349,0
"389","2026-07-14 01:28:00",0.387,0
"390","2026-07-14 01:29:00",0.367,0
"391","2026-07-14 01:30:00",0.329,0
"392","2026-07-14 01:31:00",0.321,0
"393","2026-07-14 01:32:00",0.312,0
"394","2026-07-14 01:33:00",0.318,0
"395","2026-07-14 01:34:00",0.294,0
"396","2026-07-14 01:35:00",0.226,0
"397","2026-07-14 01:36:00",0.173,0
"398","2026-07-14 01:37:00",0.127,0
"399","2026-07-14 01:38:00",0.064,0
"400","2026-07-14 01:39:00",0,0
"401","2026-07-14 01:40:00",-0.049,0
"402","2026-07-14 01:41:00",-0.025,0
"403","2026-07-14 01:42:00",-0.024,0
"404","2026-07-14 01:43:00",-0.032,0
"405","2026-07-14 01:44:00",-0.065,0
"406","2026-07-14 01:45:00",-0.025,0
"407","2026-07-14 01:46:00",0.09,0
"408","2026-07-14 01:47:00",0.145,0
"409","2026-07-14 01:48:00",0.158,0
"410","2026-07-14 01:49:00",0.17,0
"411","2026-07-14 01:50:00",0.215,0
"412","2026-07-14 01:51:00",0.301,0
"413","2026-07-14 01:52:00",0.351,0
"414","2026-07-14 01:53:00",0.421,0
"415","2026-07-14 01:54:00",0.491,0
"416","2026-07-14 01:55:00",0.543,0
"417","2026-07-14 01:56:00",0.576,0
"418","2026-07-14 01:57:00",0.608,0
"419","2026-07-14 01:58:00",0.654,0
"420","2026-07-14 01:59:00",0.684,0
"421","2026-07-14 02:00:00",0.678,0
"422","2026-07-14 02:01:00",0.669,0
"423","2026-07-14 02:02:00",0.617,0
"424","2026-07-14 02:03:00",0.574,0
"425","2026-07-14 02:04:00",0.556,0
"426","2026-07-14 02:05:00",0.555,0
"427","2026-07-14 02:06:00",0.543,0
"428","2026-07-14 02:07:00",0.54,0
"429","2026-07-14 02:08:00",0.548,0
"430","2026-07-14 02:09:00",0.485,0
"431","2026-07-14 02:10:00",0.44,0
"432","2026-07-14 02:11:00",0.407,0
"433","2026-07-14 02:12:00",0.352,0
"434","2026-07-14 02:13:00",0.301,0
"435","2026-07-14 02:14:00",0.252,0
"436","2026-07-14 02:15:00",0.235,1
"437","2026-07-14 02:16:00",0.25,0
"438","2026-07-14 02:17:00",0.253,0
"439","2026-07-14 02:18:00",0.259,0
"440","2026-07-14 02:19:00",0.285,0
"441","2026-07-14 02:20:00",0.316,0
"442","2026-07-14 02:21:00",0.327,0
"443","2026-07-14 02:22:00",0.33,0
"444","2026-07-14 02:23:00",0.292,0
"445","2026-07-14 02:24:00",0.262,0
"446","2026-07-14 02:25:00",0.293,1
"447","2026-07-14 02:26:00",0.302,0
"448","2026-07-14 02:27:00",0.334,0
"449","2026-07-14 02:28:00",0.372,1
"450","2026-07-14 02:29:00",0.336,0
"451","2026-07-14 02:30:00",0.319,0
"452","2026-07-14 02:31:00",0.327,0
"453","2026-07-14 02:32:00",0.312,0
"454","2026-07-14 02:33:00",0.275,0
"455","2026-07-14 02:34:00",0.253,1
"456","2026-07-14 02:35:00",0.216,0
"457","2026-07-14 02:36:00",0.186,0
"458","2026-07-14 02:37:00",0.16,0
"459","2026-07-14 02:38:00",0.175,0
"460","2026-07-14 02:39:00",0.213,0
"461","2026-07-14 02:40:00",0.222,0
"462","2026-07-14 02:41:00",0.216,0
"463","2026-07-14 02:42:00",0.255,0
"464","2026-07-14 02:43:00",0.274,0
"465","2026-07-14 02:44:00",0.302,0
"466","2026-07-14 02:45:00",0.408,0
"467","2026-07-14 02:46:00",0.466,1
"468","2026-07-14 02:47:00",0.493,0
"469","2026-07-14 02:48:00",0.516,0
"470","2026-07-14 02:49:00",0.552,0
"471","2026-07-14 02:50:00",0.576,0
"472","2026-07-14 02:51:00",0.616,0
"473","2026-07-14 02:52:00",0.63,0
"474","2026-07-14 02:53:00",0.655,0
"475","2026-07-14 02:54:00",0.662,0
"476","2026-07-14 02:55:00",0.661,0
"477","2026-07-14 02:56:00",0.678,0
"478","2026-07-14 02:57:00",0.658,0
"479","2026-07-14 02:58:00",0.604,0
"480","2026-07-14 02:59:00",0.567,1
"481","2026-07-14 03:00:00",0.517,0
"482","2026-07-14 03:01:00",0.437,0
"483","2026-07-14 03:02:00",0.385,0
"484","2026-07-14 03:03:00",0.346,0
"485","2026-07-14 03:04:00",0.316,0
"486","2026-07-14 03:05:00",0.274,0
"487","2026-07-14 03:06:00",0.232,0
"488","2026-07-14 03:07:00",0.212,0
"489","2026-07-14 03:08:00",0.225,0
"490","2026-07-14 03:09:00",0.246,0
"491","2026-07-14 03:10:00",0.256,0
"492","2026-07-14 03:11:00",0.239,0
"493","2026-07-14 03:12:00",0.216,0
"494","2026-07-14 03:13:00",0.26,0
"495","2026-07-14 03:14:00",0.32,0
"496","2026-07-14 03:15:00",0.324,0
"497","2026-07-14 03:16:00",0.309,0
"498","2026-07-14 03:17:00",0.315,0
"499","2026-07-14 03:18:00",0.322,0
"500","2026-07-14 03:19:00",0.329,0
"501","2026-07-14 03:20:00",0.363,0
"502","2026-07-14 03:21:00",0.4,0
"503","2026-07-14 03:22:00",0.434,0
"504","2026-07-14 03:23:00",0.478,0
"505","2026-07-14 03:24:00",0.483,0
"506","2026-07-14 03:25:00",0.443,0
"507","2026-07-14 03:26:00",0.416,0
"508","2026-07-14 03:27:00",0.425,0
"509","2026-07-14 03:28:00",0.423,0
"510","2026-07-14 03:29:00",0.394,0
"511","2026-07-14 03:30:00",0.337,0
"512","2026-07-14 03:31:00",0.331,1
"513","2026-07-14 03:32:00",0.355,1
"514","2026-07-14 03:33:00",0.372,0
"515","2026-07-14 03:34:00",0.357,0
"516","2026-07-14 03:35:00",0.36,0
"517","2026-07-14 03:36:00",0.328,0
"518","2026-07-14 03:37:00",0.291,1
"519","2026-07-14 03:38:00",0.257,0
"520","2026-07-14 03:39:00",0.191,0
"521","2026-07-14 03:40:00",0.147,0
"522","2026-07-14 03:41:00",0.181,0
"523","2026-07-14 03:42:00",0.176,0
"524","2026-07-14 03:43:00",0.147,0
"525","2026-07-14 03:44:00",0.138,0
"526","2026-07-14 03:45:00",0.138,0
"527","2026-07-14 03:46:00",0.164,0
"528","2026-07-14 03:47:00",0.151,0
"529","2026-07-14 03:48:00",0.143,1
"530","2026-07-14 03:49:00",0.145,0
"531","2026-07-14 03:50:00",0.147,0
"532","2026-07-14 03:51:00",0.156,0
"533","2026-07-14 03:52:00",0.154,0
"534","2026-07-14 03:53:00",0.172,0
"535","2026-07-14 03:54:00",0.228,0
"536","2026-07-14 03:55:00",0.302,0
"537","2026-07-14 03:56:00",0.361,0
"538","2026-07-14 03:57:00",0.343,0
"539","2026-07-14 03:58:00",0.345,0
"540","2026-07-14 03:59:00",0.381,0
"541","2026-07-14 04:00:00",0.403,0
"542","2026-07-14 04:01:00",0.386,0
"543","2026-07-14 04:02:00",0.372,0
"544","2026-07-14 04:03:00",0.381,0
"545","2026-07-14 04:04:00",0.37,0
"546","2026-07-14 04:05:00",0.35,0
"547","2026-07-14 04:06:00",0.403,0
"548","2026-07-14 04:07:00",0.416,0
"549","2026-07-14 04:08:00",0.435,0
"550","2026-07-14 04:09:00",0.442,1
"551","2026-07-14 04:10:00",0.413,0
"552","2026-07-14 04:11:00",0.388,1
"553","2026-07-14 04:12:00",0.384,0
"554","2026-07-14 04:13:00",0.38,0
"555","2026-07-14 04:14:00",0.393,0
"556","2026-07-14 04:15:00",0.391,0
"557","2026-07-14 04:16:00",0.356,0
"558","2026-07-14 04:17:00",0.348,0
"559","2026-07-14 04:18:00",0.322,0
"560","2026-07-14 04:19:00",0.3,0
"561","2026-07-14 04:20:00",0.315,0
"562","2026-07-14 04:21:00",0.347,1
"563","2026-07-14 04:22:00",0.304,0
"564","2026-07-14 04:23:00",0.295,1
"565","2026-07-14 04:24:00",0.316,0
"566","2026-07-14 04:25:00",0.333,1
"567","2026-07-14 04:26:00",0.341,0
"568","2026-07-14 04:27:00",0.347,0
"569","2026-07-14 04:28:00",0.315,0
"570","2026-07-14 04:29:00",0.326,0
"571","2026-07-14 04:30:00",0.295,0
"572","2026-07-14 04:31:00",0.279,1
"573","2026-07-14 04:32:00",0.282,0
"574","2026-07-14 04:33:00",0.285,0
"575","2026-07-14 04:34:00",0.313,0
"576","2026-07-14 04:35:00",0.314,0
"577","2026-07-14 04:36:00",0.316,0
"578","2026-07-14 04:37:00",0.294,0
"579","2026-07-14 04:38:00",0.3,0
"580","2026-07-14 04:39:00",0.271,0
"581","2026-07-14 04:40:00",0.198,0
"582","2026-07-14 04:41:00",0.182,0
"583","2026-07-14 04:42:00",0.192,0
"584","2026-07-14 04:43:00",0.192,0
"585","2026-07-14 04:44:00",0.21,1
"586","2026-07-14 04:45:00",0.2,0
"587","2026-07-14 04:46:00",0.235,0
"588","2026-07-14 04:47:00",0.205,0
"589","2026-07-14 04:48:00",0.198,0
"590","2026-07-14 04:49:00",0.227,0
"591","2026-07-14 04:50:00",0.24,1
"592","2026-07-14 04:51:00",0.261,0
"593","2026-07-14 04:52:00",0.256,0
"594","2026-07-14 04:53:00",0.256,0
"595","2026-07-14 04:54:00",0.25,0
"596","2026-07-14 04:55:00",0.257,0
"597","2026-07-14 04:56:00",0.329,0
"598","2026-07-14 04:57:00",0.386,0
"599","2026-07-14 04:58:00",0.388,0
"600","2026-07-14 04:59:00",0.383,0
"601","2026-07-14 05:00:00",0.387,0
"602","2026-07-14 05:01:00",0.411,0
"603","2026-07-14 05:02:00",0.418,0
"604","2026-07-14 05:03:00",0.419,0
"605","2026-07-14 05:04:00",0.446,0
"606","2026-07-14 05:05:00",0.442,0
"607","2026-07-14 05:06:00",0.443,1
"608","2026-07-14 05:07:00",0.4,1
"609","2026-07-14 05:08:00",0.379,1
"610","2026-07-14 05:09:00",0.374,0
"611","2026-07-14 05:10:00",0.401,0
"612","2026-07-14 05:11:00",0.407,0
"613","2026-07-14 05:12:00",0.373,0
"614","2026-07-14 05:13:00",0.3,1
"615","2026-07-14 05:14:00",0.296,0
"616","2026-07-14 05:15:00",0.283,0
"617","2026-07-14 05:16:00",0.249,0
"618","2026-07-14 05:17:00",0.228,0
"619","2026-07-14 05:18:00",0.168,0
"620","2026-07-14 05:19:00",0.139,0
"621","2026-07-14 05:20:00",0.125,1
"622","2026-07-14 05:21:00",0.128,0
"623","2026-07-14 05:22:00",0.144,0
"624","2026-07-14 05:23:00",0.211,0
"625","2026-07-14 05:24:00",0.245,0
"626","2026-07-14 05:25:00",0.264,0
"627","2026-07-14 05:26:00",0.257,0
"628","2026-07-14 05:27:00",0.27,1
"629","2026-07-14 05:28:00",0.28,0
"630","2026-07-14 05:29:00",0.298,0
"631","2026-07-14 05:30:00",0.291,0
"632","2026-07-14 05:31:00",0.3,0
"633","2026-07-14 05:32:00",0.285,0
"634","2026-07-14 05:33:00",0.224,0
"635","2026-07-14 05:34:00",0.208,0
"636","2026-07-14 05:35:00",0.203,0
"637","2026-07-14 05:36:00",0.181,0
"638","2026-07-14 05:37:00",0.17,0
"639","2026-07-14 05:38:00",0.139,0
"640","2026-07-14 05:39:00",0.092,0
"641","2026-07-14 05:40:00",0.054,0
"642","2026-07-14 05:41:00",0.041,1
"643","2026-07-14 05:42:00",-0.006,1
"644","2026-07-14 05:43:00",-0.032,0
"645","2026-07-14 05:44:00",-0.033,0
"646","2026-07-14 05:45:00",-0.048,0
"647","2026-07-14 05:46:00",-0.052,0
"648","2026-07-14 05:47:00",-0.049,0
"649","2026-07-14 05:48:00",-0.049,0
"650","2026-07-14 05:49:00",-0.028,1
"651","2026-07-14 05:50:00",0.041,0
"652","2026-07-14 05:51:00",0.095,0
"653","2026-07-14 05:52:00",0.109,0
"654","2026-07-14 05:53:00",0.094,0
"655","2026-07-14 05:54:00",0.093,0
"656","2026-07-14 05:55:00",0.123,0
"657","2026-07-14 05:56:00",0.154,0
"658","2026-07-14 05:57:00",0.179,0
"659","2026-07-14 05:58:00",0.214,0
"660","2026-07-14 05:59:00",0.235,0
"661","2026-07-14 06:00:00",0.238,0
"662","2026-07-14 06:01:00",0.255,0
"663","2026-07-14 06:02:00",0.271,0
"664","2026-07-14 06:03:00",0.264,0
"665","2026-07-14 06:04:00",0.301,1
"666","2026-07-14 06:05:00",0.336,0
"667","2026-07-14 06:06:00",0.329,0
"668","2026-07-14 06:07:00",0.331,0
"669","2026-07-14 06:08:00",0.376,0
"670","2026-07-14 06:09:00",0.392,0
"671","2026-07-14 06:10:00",0.387,0
"672","2026-07-14 06:11:00",0.355,0
"673","2026-07-14 06:12:00",0.324,0
"674","2026-07-14 06:13:00",0.315,0
"675","2026-07-14 06:14:00",0.286,0
"676","2026-07-14 06:15:00",0.253,0
"677","2026-07-14 06:16:00",0.237,0
"678","2026-07-14 06:17:00",0.247,0
"679","2026-07-14 06:18:00",0.211,0
"680","2026-07-14 06:19:00",0.172,1
"681","2026-07-14 06:20:00",0.118,0
"682","2026-07-14 06:21:00",0.075,0
"683","2026-07-14 06:22:00",0.039,0
"684","2026-07-14 06:23:00",0.013,0
"685","2026-07-14 06:24:00",-0.041,0
"686","2026-07-14 06:25:00",-0.044,0
"687","2026-07-14 06:26:00",-0.04,0
"688","2026-07-14 06:27:00",-0.041,0
"689","2026-07-14 06:28:00",-0.024,0
"690","2026-07-14 06:29:00",-0.075,0
"691","2026-07-14 06:30:00",-0.078,0
"692","2026-07-14 06:31:00",-0.057,0
"693","2026-07-14 06:32:00",-0.069,0
"694","2026-07-14 06:33:00",-0.11,0
"695","2026-07-14 06:34:00",-0.105,1
"696","2026-07-14 06:35:00",-0.068,1
"697","2026-07-14 06:36:00",-0.034,0
"698","2026-07-14 06:37:00",-0.014,0
"699","2026-07-14 06:38:00",0.036,1
"700","2026-07-14 06:39:00",0.068,0
"701","2026-07-14 06:40:00",0.104,0
"702","2026-07-14 06:41:00",0.17,0
"703","2026-07-14 06:42:00",0.209,0
"704","2026-07-14 06:43:00",0.22,0
"705","2026-07-14 06:44:00",0.231,0
"706","2026-07-14 06:45:00",0.265,0
"707","2026-07-14 06:46:00",0.283,0
"708","2026-07-14 06:47:00",0.297,0
"709","2026-07-14 06:48:00",0.345,0
"710","2026-07-14 06:49:00",0.416,1
"711","2026-07-14 06:50:00",0.406,1
"712","2026-07-14 06:51:00",0.391,0
"713","2026-07-14 06:52:00",0.367,0
"714","2026-07-14 06:53:00",0.373,0
"715","2026-07-14 06:54:00",0.358,0
"716","2026-07-14 06:55:00",0.349,0
"717","2026-07-14 06:56:00",0.363,0
"718","2026-07-14 06:57:00",0.317,0
"719","2026-07-14 06:58:00",0.277,0
"720","2026-07-14 06:59:00",0.287,0
"721","2026-07-14 07:00:00",0.273,1
"722","2026-07-14 07:01:00",0.283,0
"723","2026-07-14 07:02:00",0.296,0
"724","2026-07-14 07:03:00",0.291,0
"725","2026-07-14 07:04:00",0.266,1
"726","2026-07-14 07:05:00",0.223,0
"727","2026-07-14 07:06:00",0.247,0
"728","2026-07-14 07:07:00",0.255,0
"729","2026-07-14 07:08:00",0.274,0
"730","2026-07-14 07:09:00",0.267,0
"731","2026-07-14 07:10:00",0.258,0
"732","2026-07-14 07:11:00",0.258,0
"733","2026-07-14 07:12:00",0.231,0
"734","2026-07-14 07:13:00",0.21,0
"735","2026-07-14 07:14:00",0.226,0
"736","2026-07-14 07:15:00",0.248,0
"737","2026-07-14 07:16:00",0.258,0
"738","2026-07-14 07:17:00",0.288,0
"739","2026-07-14 07:18:00",0.265,0
"740","2026-07-14 07:19:00",0.26,0
"741","2026-07-14 07:20:00",0.282,1
"742","2026-07-14 07:21:00",0.259,0
"743","2026-07-14 07:22:00",0.238,0
"744","2026-07-14 07:23:00",0.231,0
"745","2026-07-14 07:24:00",0.257,1
"746","2026-07-14 07:25:00",0.28,0
"747","2026-07-14 07:26:00",0.288,0
"748","2026-07-14 07:27:00",0.269,0
"749","2026-07-14 07:28:00",0.288,0
"750","2026-07-14 07:29:00",0.317,0
"751","2026-07-14 07:30:00",0.312,0
"752","2026-07-14 07:31:00",0.305,0
"753","2026-07-14 07:32:00",0.286,0
"754","2026-07-14 07:33:00",0.273,0
"755","2026-07-14 07:34:00",0.304,0
"756","2026-07-14 07:35:00",0.318,0
"757","2026-07-14 07:36:00",0.277,0
"758","2026-07-14 07:37:00",0.293,0
"759","2026-07-14 07:38:00",0.309,0
"760","2026-07-14 07:39:00",0.295,0
"761","2026-07-14 07:40:00",0.273,0
"762","2026-07-14 07:41:00",0.237,1
"763","2026-07-14 07:42:00",0.232,0
"764","2026-07-14 07:43:00",0.278,0
"765","2026-07-14 07:44:00",0.284,0
"766","2026-07-14 07:45:00",0.259,1
"767","2026-07-14 07:46:00",0.261,1
"768","2026-07-14 07:47:00",0.263,0
"769","2026-07-14 07:48:00",0.286,0
"770","2026-07-14 07:49:00",0.274,0
"771","2026-07-14 07:50:00",0.239,0
"772","2026-07-14 07:51:00",0.257,0
"773","2026-07-14 07:52:00",0.265,1
"774","2026-07-14 07:53:00",0.266,0
"775","2026-07-14 07:54:00",0.287,0
"776","2026-07-14 07:55:00",0.33,0
"777","2026-07-14 07:56:00",0.322,0
"778","2026-07-14 07:57:00",0.351,0
"779","2026-07-14 07:58:00",0.359,0
"780","2026-07-14 07:59:00",0.311,0
"781","2026-07-14 08:00:00",0.309,0
"782","2026-07-14 08:01:00",0.331,1
"783","2026-07-14 08:02:00",0.364,0
"784","2026-07-14 08:03:00",0.404,0
"785","2026-07-14 08:04:00",0.392,0
"786","2026-07-14 08:05:00",0.368,0
"787","2026-07-14 08:06:00",0.407,0
"788","2026-07-14 08:07:00",0.39,1
"789","2026-07-14 08:08:00",0.408,0
"790","2026-07-14 08:09:00",0.394,0
"791","2026-07-14 08:10:00",0.386,0
"792","2026-07-14 08:11:00",0.355,0
"793","2026-07-14 08:12:00",0.355,0
"794","2026-07-14 08:13:00",0.321,0
"795","2026-07-14 08:14:00",0.313,0
"796","2026-07-14 08:15:00",0.337,0
"797","2026-07-14 08:16:00",0.313,0
"798","2026-07-14 08:17:00",0.283,0
"799","2026-07-14 08:18:00",0.207,0
"800","2026-07-14 08:19:00",0.132,1
"801","2026-07-14 08:20:00",0.1,0
"802","2026-07-14 08:21:00",0.109,0
"803","2026-07-14 08:22:00",0.093,0
"804","2026-07-14 08:23:00",0.119,0
"805","2026-07-14 08:24:00",0.138,0
"806","2026-07-14 08:25:00",0.188,0
"807","2026-07-14 08:26:00",0.178,0
"808","2026-07-14 08:27:00",0.167,0
"809","2026-07-14 08:28:00",0.156,0
"810","2026-07-14 08:29:00",0.151,0
"811","2026-07-14 08:30:00",0.146,0
"812","2026-07-14 08:31:00",0.148,0
"813","2026-07-14 08:32:00",0.186,1
"814","2026-07-14 08:33:00",0.216,0
"815","2026-07-14 08:34:00",0.25,0
"816","2026-07-14 08:35:00",0.262,0
"817","2026-07-14 08:36:00",0.264,0
"818","2026-07-14 08:37:00",0.264,0
"819","2026-07-14 08:38:00",0.278,0
"820","2026-07-14 08:39:00",0.204,0
"821","2026-07-14 08:40:00",0.144,0
"822","2026-07-14 08:41:00",0.101,0
"823","2026-07-14 08:42:00",0.057,0
"824","2026-07-14 08:43:00",0.073,0
"825","2026-07-14 08:44:00",0.121,0
"826","2026-07-14 08:45:00",0.178,0
"827","2026-07-14 08:46:00",0.206,0
"828","2026-07-14 08:47:00",0.201,0
"829","2026-07-14 08:48:00",0.176,0
"830","2026-07-14 08:49:00",0.187,0
"831","2026-07-14 08:50:00",0.21,0
"832","2026-07-14 08:51:00",0.204,1
"833","2026-07-14 08:52:00",0.237,0
"834","2026-07-14 08:53:00",0.223,0
"835","2026-07-14 08:54:00",0.185,0
"836","2026-07-14 08:55:00",0.251,0
"837","2026-07-14 08:56:00",0.318,1
"838","2026-07-14 08:57:00",0.335,0
"839","2026-07-14 08:58:00",0.403,1
"840","2026-07-14 08:59:00",0.414,0
"841","2026-07-14 09:00:00",0.407,0
"842","2026-07-14 09:01:00",0.37,0
"843","2026-07-14 09:02:00",0.368,0
"844","2026-07-14 09:03:00",0.39,0
"845","2026-07-14 09:04:00",0.365,0
"846","2026-07-14 09:05:00",0.357,0
"847","2026-07-14 09:06:00",0.371,0
"848","2026-07-14 09:07:00",0.393,0
"849","2026-07-14 09:08:00",0.365,0
"850","2026-07-14 09:09:00",0.379,0
"851","2026-07-14 09:10:00",0.365,0
"852","2026-07-14 09:11:00",0.335,0
"853","2026-07-14 09:12:00",0.31,0
"854","2026-07-14 09:13:00",0.334,0
"855","2026-07-14 09:14:00",0.338,0
"856","2026-07-14 09:15:00",0.351,0
"857","2026-07-14 09:16:00",0.346,0
"858","2026-07-14 09:17:00",0.364,0
"859","2026-07-14 09:18:00",0.351,0
"860","2026-07-14 09:19:00",0.32,1
"861","2026-07-14 09:20:00",0.33,0
"862","2026-07-14 09:21:00",0.293,0
"863","2026-07-14 09:22:00",0.22,0
"864","2026-07-14 09:23:00",0.226,1
"865","2026-07-14 09:24:00",0.259,0
"866","2026-07-14 09:25:00",0.268,0
"867","2026-07-14 09:26:00",0.321,0
"868","2026-07-14 09:27:00",0.31,0
"869","2026-07-14 09:28:00",0.295,0
"870","2026-07-14 09:29:00",0.269,0
"871","2026-07-14 09:30:00",0.206,0
"872","2026-07-14 09:31:00",0.153,0
"873","2026-07-14 09:32:00",0.133,0
"874","2026-07-14 09:33:00",0.094,0
"875","2026-07-14 09:34:00",0.052,0
"876","2026-07-14 09:35:00",0.069,0
"877","2026-07-14 09:36:00",0.079,0
"878","2026-07-14 09:37:00",0.07,0
"879","2026-07-14 09:38:00",0.116,0
"880","2026-07-14 09:39:00",0.124,0
"881","2026-07-14 09:40:00",0.151,0
"882","2026-07-14 09:41:00",0.168,0
"883","2026-07-14 09:42:00",0.153,1
"884","2026-07-14 09:43:00",0.186,0
"885","2026-07-14 09:44:00",0.209,0
"886","2026-07-14 09:45:00",0.214,0
"887","2026-07-14 09:46:00",0.286,0
"888","2026-07-14 09:47:00",0.321,0
"889","2026-07-14 09:48:00",0.323,0
"890","2026-07-14 09:49:00",0.328,0
"891","2026-07-14 09:50:00",0.381,0
"892","2026-07-14 09:51:00",0.372,1
"893","2026-07-14 09:52:00",0.401,0
"894","2026-07-14 09:53:00",0.461,0
"895","2026-07-14 09:54:00",0.481,0
"896","2026-07-14 09:55:00",0.496,0
"897","2026-07-14 09:56:00",0.46,0
"898","2026-07-14 09:57:00",0.452,0
"899","2026-07-14 09:58:00",0.439,0
"900","2026-07-14 09:59:00",0.419,0
"901","2026-07-14 10:00:00",0.4,0
"902","2026-07-14 10:01:00",0.412,0
"903","2026-07-14 10:02:00",0.367,0
"904","2026-07-14 10:03:00",0.365,1
"905","2026-07-14 10:04:00",0.363,0
"906","2026-07-14 10:05:00",0.379,0
"907","2026-07-14 10:06:00",0.366,0
"908","2026-07-14 10:07:00",0.367,0
"909","2026-07-14 10:08:00",0.356,0
"910","2026-07-14 10:09:00",0.318,1
"911","2026-07-14 10:10:00",0.284,0
"912","2026-07-14 10:11:00",0.227,0
"913","2026-07-14 10:12:00",0.215,1
"914","2026-07-14 10:13:00",0.21,1
"915","2026-07-14 10:14:00",0.214,1
"916","2026-07-14 10:15:00",0.263,1
"917","2026-07-14 10:16:00",0.302,0
"918","2026-07-14 10:17:00",0.278,0
"919","2026-07-14 10:18:00",0.289,0
"920","2026-07-14 10:19:00",0.272,1
"921","2026-07-14 10:20:00",0.286,0
"922","2026-07-14 10:21:00",0.283,0
"923","2026-07-14 10:22:00",0.279,0
"924","2026-07-14 10:23:00",0.271,0
"925","2026-07-14 10:24:00",0.263,0
"926","2026-07-14 10:25:00",0.254,0
"927","2026-07-14 10:26:00",0.239,0
"928","2026-07-14 10:27:00",0.244,0
"929","2026-07-14 10:28:00",0.241,0
"930","2026-07-14 10:29:00",0.224,0
"931","2026-07-14 10:30:00",0.211,0
"932","2026-07-14 10:31:00",0.16,0
"933","2026-07-14 10:32:00",0.117,0
"934","2026-07-14 10:33:00",0.167,0
"935","2026-07-14 10:34:00",0.185,0
"936","2026-07-14 10:35:00",0.221,0
"937","2026-07-14 10:36:00",0.23,0
"938","2026-07-14 10:37:00",0.237,1
"939","2026-07-14 10:38:00",0.261,0
"940","2026-07-14 10:39:00",0.231,0
"941","2026-07-14 10:40:00",0.198,0
"942","2026-07-14 10:41:00",0.228,0
"943","2026-07-14 10:42:00",0.291,0
"944","2026-07-14 10:43:00",0.31,0
"945","2026-07-14 10:44:00",0.325,0
"946","2026-07-14 10:45:00",0.332,0
"947","2026-07-14 10:46:00",0.343,1
"948","2026-07-14 10:47:00",0.343,0
"949","2026-07-14 10:48:00",0.345,0
"950","2026-07-14 10:49:00",0.311,0
"951","2026-07-14 10:50:00",0.266,0
"952","2026-07-14 10:51:00",0.23,0
"953","2026-07-14 10:52:00",0.213,0
"954","2026-07-14 10:53:00",0.188,0
"955","2026-07-14 10:54:00",0.179,0
"956","2026-07-14 10:55:00",0.239,0
"957","2026-07-14 10:56:00",0.253,0
"958","2026-07-14 10:57:00",0.239,0
"959","2026-07-14 10:58:00",0.222,0
"960","2026-07-14 10:59:00",0.199,0
"961","2026-07-14 11:00:00",0.206,0
"962","2026-07-14 11:01:00",0.252,0
"963","2026-07-14 11:02:00",0.29,0
"964","2026-07-14 11:03:00",0.325,0
"965","2026-07-14 11:04:00",0.327,0
"966","2026-07-14 11:05:00",0.319,0
"967","2026-07-14 11:06:00",0.366,0
"968","2026-07-14 11:07:00",0.379,0
"969","2026-07-14 11:08:00",0.348,0
"970","2026-07-14 11:09:00",0.346,0
"971","2026-07-14 11:10:00",0.365,0
"972","2026-07-14 11:11:00",0.349,0
"973","2026-07-14 11:12:00",0.368,0
"974","2026-07-14 11:13:00",0.349,0
"975","2026-07-14 11:14:00",0.291,0
"976","2026-07-14 11:15:00",0.305,1
"977","2026-07-14 11:16:00",0.329,0
"978","2026-07-14 11:17:00",0.306,0
"979","2026-07-14 11:18:00",0.303,0
"980","2026-07-14 11:19:00",0.273,0
"981","2026-07-14 11:20:00",0.265,0
"982","2026-07-14 11:21:00",0.259,0
"983","2026-07-14 11:22:00",0.258,0
"984","2026-07-14 11:23:00",0.281,0
"985","2026-07-14 11:24:00",0.34,0
"986","2026-07-14 11:25:00",0.386,1
"987","2026-07-14 11:26:00",0.373,0
"988","2026-07-14 11:27:00",0.341,0
"989","2026-07-14 11:28:00",0.307,0
"990","2026-07-14 11:29:00",0.3,1
"991","2026-07-14 11:30:00",0.347,0
"992","2026-07-14 11:31:00",0.339,0
"993","2026-07-14 11:32:00",0.305,0
"994","2026-07-14 11:33:00",0.321,0
"995","2026-07-14 11:34:00",0.327,0
"996","2026-07-14 11:35:00",0.304,0
"997","2026-07-14 11:36:00",0.298,1
"998","2026-07-14 11:37:00",0.288,0
"999","2026-07-14 11:38:00",0.235,0
"1000","2026-07-14 11:39:00",0.211,0
"1001","2026-07-14 11:40:00",0.169,0
"1002","2026-07-14 11:41:00",0.158,0
"1003","2026-07-14 11:42:00",0.156,0
"1004","2026-07-14 11:43:00",0.153,0
"1005","2026-07-14 11:44:00",0.168,0
"1006","2026-07-14 11:45:00",0.242,0
"1007","2026-07-14 11:46:00",0.278,1
"1008","2026-07-14 11:47:00",0.326,1
"1009","2026-07-14 11:48:00",0.345,0
"1010","2026-07-14 11:49:00",0.31,0
"1011","2026-07-14 11:50:00",0.292,1
"1012","2026-07-14 11:51:00",0.326,1
"1013","2026-07-14 11:52:00",0.357,0
"1014","2026-07-14 11:53:00",0.38,0
"1015","2026-07-14 11:54:00",0.42,0
"1016","2026-07-14 11:55:00",0.475,1
"1017","2026-07-14 11:56:00",0.489,0
"1018","2026-07-14 11:57:00",0.474,0
"1019","2026-07-14 11:58:00",0.482,0
"1020","2026-07-14 11:59:00",0.518,0
"1021","2026-07-14 12:00:00",0.513,0
"1022","2026-07-14 12:01:00",0.476,0
"1023","2026-07-14 12:02:00",0.429,0
"1024","2026-07-14 12:03:00",0.378,0
"1025","2026-07-14 12:04:00",0.373,0
"1026","2026-07-14 12:05:00",0.409,0
"1027","2026-07-14 12:06:00",0.389,0
"1028","2026-07-14 12:07:00",0.374,0
"1029","2026-07-14 12:08:00",0.417,0
"1030","2026-07-14 12:09:00",0.458,0
"1031","2026-07-14 12:10:00",0.485,0
"1032","2026-07-14 12:11:00",0.462,0
"1033","2026-07-14 12:12:00",0.518,0
"1034","2026-07-14 12:13:00",0.539,0
"1035","2026-07-14 12:14:00",0.53,0
"1036","2026-07-14 12:15:00",0.511,0
"1037","2026-07-14 12:16:00",0.47,1
"1038","2026-07-14 12:17:00",0.461,0
"1039","2026-07-14 12:18:00",0.442,0
"1040","2026-07-14 12:19:00",0.448,0
"1041","2026-07-14 12:20:00",0.45,0
"1042","2026-07-14 12:21:00",0.429,0
"1043","2026-07-14 12:22:00",0.456,0
"1044","2026-07-14 12:23:00",0.466,0
"1045","2026-07-14 12:24:00",0.402,0
"1046","2026-07-14 12:25:00",0.332,0
"1047","2026-07-14 12:26:00",0.272,0
"1048","2026-07-14 12:27:00",0.254,0
"1049","2026-07-14 12:28:00",0.156,0
"1050","2026-07-14 12:29:00",0.135,0
"1051","2026-07-14 12:30:00",0.168,0
"1052","2026-07-14 12:31:00",0.221,1
"1053","2026-07-14 12:32:00",0.287,1
"1054","2026-07-14 12:33:00",0.286,0
"1055","2026-07-14 12:34:00",0.314,0
"1056","2026-07-14 12:35:00",0.313,0
"1057","2026-07-14 12:36:00",0.289,1
"1058","2026-07-14 12:37:00",0.261,0
"1059","2026-07-14 12:38:00",0.221,0
"1060","2026-07-14 12:39:00",0.232,0
"1061","2026-07-14 12:40:00",0.254,0
"1062","2026-07-14 12:41:00",0.308,0
"1063","2026-07-14 12:42:00",0.37,0
"1064","2026-07-14 12:43:00",0.36,0
"1065","2026-07-14 12:44:00",0.389,0
"1066","2026-07-14 12:45:00",0.403,0
"1067","2026-07-14 12:46:00",0.408,0
"1068","2026-07-14 12:47:00",0.372,0
"1069","2026-07-14 12:48:00",0.378,0
"1070","2026-07-14 12:49:00",0.381,0
"1071","2026-07-14 12:50:00",0.413,0
"1072","2026-07-14 12:51:00",0.47,0
"1073","2026-07-14 12:52:00",0.527,0
"1074","2026-07-14 12:53:00",0.534,0
"1075","2026-07-14 12:54:00",0.534,0
"1076","2026-07-14 12:55:00",0.491,0
"1077","2026-07-14 12:56:00",0.46,1
"1078","2026-07-14 12:57:00",0.439,0
"1079","2026-07-14 12:58:00",0.369,1
"1080","2026-07-14 12:59:00",0.366,0
"1081","2026-07-14 13:00:00",0.357,0
"1082","2026-07-14 13:01:00",0.329,0
"1083","2026-07-14 13:02:00",0.278,0
"1084","2026-07-14 13:03:00",0.228,0
"1085","2026-07-14 13:04:00",0.208,0
"1086","2026-07-14 13:05:00",0.224,1
"1087","2026-07-14 13:06:00",0.216,0
"1088","2026-07-14 13:07:00",0.219,0
"1089","2026-07-14 13:08:00",0.178,0
"1090","2026-07-14 13:09:00",0.191,0
"1091","2026-07-14 13:10:00",0.192,0
"1092","2026-07-14 13:11:00",0.198,0
"1093","2026-07-14 13:12:00",0.219,0
"1094","2026-07-14 13:13:00",0.219,1
"1095","2026-07-14 13:14:00",0.297,0
"1096","2026-07-14 13:15:00",0.311,0
"1097","2026-07-14 13:16:00",0.397,0
"1098","2026-07-14 13:17:00",0.484,0
"1099","2026-07-14 13:18:00",0.534,0
"1100","2026-07-14 13:19:00",0.602,0
"1101","2026-07-14 13:20:00",0.634,0
"1102","2026-07-14 13:21:00",0.607,0
"1103","2026-07-14 13:22:00",0.585,0
"1104","2026-07-14 13:23:00",0.563,0
"1105","2026-07-14 13:24:00",0.577,0
"1106","2026-07-14 13:25:00",0.571,0
"1107","2026-07-14 13:26:00",0.586,0
"1108","2026-07-14 13:27:00",0.607,0
"1109","2026-07-14 13:28:00",0.635,0
"1110","2026-07-14 13:29:00",0.635,0
"1111","2026-07-14 13:30:00",0.609,1
"1112","2026-07-14 13:31:00",0.588,0
"1113","2026-07-14 13:32:00",0.494,0
"1114","2026-07-14 13:33:00",0.426,0
"1115","2026-07-14 13:34:00",0.395,0
"1116","2026-07-14 13:35:00",0.373,0
"1117","2026-07-14 13:36:00",0.325,1
"1118","2026-07-14 13:37:00",0.365,0
"1119","2026-07-14 13:38:00",0.414,0
"1120","2026-07-14 13:39:00",0.428,0
"1121","2026-07-14 13:40:00",0.462,0
"1122","2026-07-14 13:41:00",0.485,0
"1123","2026-07-14 13:42:00",0.469,0
"1124","2026-07-14 13:43:00",0.466,0
"1125","2026-07-14 13:44:00",0.422,0
"1126","2026-07-14 13:45:00",0.421,1
"1127","2026-07-14 13:46:00",0.398,0
"1128","2026-07-14 13:47:00",0.41,0
"1129","2026-07-14 13:48:00",0.462,1
"1130","2026-07-14 13:49:00",0.5,0
"1131","2026-07-14 13:50:00",0.503,0
"1132","2026-07-14 13:51:00",0.488,0
"1133","2026-07-14 13:52:00",0.535,0
"1134","2026-07-14 13:53:00",0.57,0
"1135","2026-07-14 13:54:00",0.562,0
"1136","2026-07-14 13:55:00",0.529,0
"1137","2026-07-14 13:56:00",0.503,0
"1138","2026-07-14 13:57:00",0.493,0
"1139","2026-07-14 13:58:00",0.499,0
"1140","2026-07-14 13:59:00",0.503,0
"1141","2026-07-14 14:18:00",0.609,0
"1142","2026-07-14 14:19:00",0.583,0
"1143","2026-07-14 14:20:00",0.584,0
"1144","2026-07-14 14:21:00",0.585,0
"1145","2026-07-14 14:22:00",0.562,0
"1146","2026-07-14 14:23:00",0.564,0
"1147","2026-07-14 14:24:00",0.574,0
"1148","2026-07-14 14:25:00",0.562,0
"1149","2026-07-14 14:26:00",0.499,0
"1150","2026-07-14 14:27:00",0.487,0
"1151","2026-07-14 14:28:00",0.479,0
"1152","2026-07-14 14:29:00",0.436,0
"1153","2026-07-14 14:30:00",0.457,0
"1154","2026-07-14 14:31:00",0.455,0
"1155","2026-07-14 14:32:00",0.461,0
"1156","2026-07-14 14:33:00",0.472,0
"1157","2026-07-14 14:34:00",0.531,0
"1158","2026-07-14 14:35:00",0.601,0
"1159","2026-07-14 14:36:00",0.623,0
"1160","2026-07-14 14:37:00",0.624,0
"1161","2026-07-14 14:38:00",0.636,0
"1162","2026-07-14 14:39:00",0.543,0
"1163","2026-07-14 14:40:00",0.47,0
"1164","2026-07-14 14:41:00",0.443,0
"1165","2026-07-14 14:42:00",0.49,0
"1166","2026-07-14 14:43:00",0.486,0
"1167","2026-07-14 14:44:00",0.507,0
"1168","2026-07-14 14:45:00",0.545,0
"1169","2026-07-14 14:46:00",0.538,0
"1170","2026-07-14 14:47:00",0.478,0
"1171","2026-07-14 14:48:00",0.41,0
"1172","2026-07-14 14:49:00",0.4,0
"1173","2026-07-14 14:50:00",0.354,0
"1174","2026-07-14 14:51:00",0.308,0
"1175","2026-07-14 14:52:00",0.271,0
"1176","2026-07-14 14:53:00",0.261,0
"1177","2026-07-14 14:54:00",0.296,0
"1178","2026-07-14 14:55:00",0.322,1
"1179","2026-07-14 14:56:00",0.322,0
"1180","2026-07-14 14:57:00",0.314,0
"1181","2026-07-14 14:58:00",0.27,0
"1182","2026-07-14 14:59:00",0.28,1
"1183","2026-07-14 15:00:00",0.3,1
"1184","2026-07-14 15:01:00",0.327,0
"1185","2026-07-14 15:02:00",0.339,0
"1186","2026-07-14 15:03:00",0.396,0
"1187","2026-07-14 15:04:00",0.449,0
"1188","2026-07-14 15:05:00",0.431,0
"1189","2026-07-14 15:06:00",0.424,0
"1190","2026-07-14 15:07:00",0.405,0
"1191","2026-07-14 15:08:00",0.412,0
"1192","2026-07-14 15:09:00",0.429,0
"1193","2026-07-14 15:10:00",0.38,0
"1194","2026-07-14 15:11:00",0.34,1
"1195","2026-07-14 15:12:00",0.348,0
"1196","2026-07-14 15:13:00",0.35,0
"1197","2026-07-14 15:14:00",0.362,0
"1198","2026-07-14 15:15:00",0.359,0
"1199","2026-07-14 15:16:00",0.346,1
"1200","2026-07-14 15:17:00",0.305,0
"1201","2026-07-14 15:18:00",0.273,0
"1202","2026-07-14 15:19:00",0.277,0
"1203","2026-07-14 15:20:00",0.275,0
"1204","2026-07-14 15:21:00",0.301,0
"1205","2026-07-14 15:22:00",0.297,0
"1206","2026-07-14 15:23:00",0.334,0
"1207","2026-07-14 15:24:00",0.348,1
"1208","2026-07-14 15:25:00",0.356,0
"1209","2026-07-14 15:26:00",0.363,1
"1210","2026-07-14 15:27:00",0.45,0
"1211","2026-07-14 15:28:00",0.499,0
"1212","2026-07-14 15:29:00",0.516,0
"1213","2026-07-14 15:30:00",0.563,0
"1214","2026-07-14 15:31:00",0.581,0
"1215","2026-07-14 15:32:00",0.62,0
"1216","2026-07-14 15:33:00",0.643,0
"1217","2026-07-14 15:34:00",0.688,0
"1218","2026-07-14 15:35:00",0.687,0
"1219","2026-07-14 15:36:00",0.71,0
"1220","2026-07-14 15:37:00",0.713,0
"1221","2026-07-14 15:38:00",0.732,0
"1222","2026-07-14 15:39:00",0.74,0
"1223","2026-07-14 15:40:00",0.747,1
"1224","2026-07-14 15:41:00",0.739,0
"1225","2026-07-14 15:42:00",0.812,0
"1226","2026-07-14 15:43:00",0.781,0
"1227","2026-07-14 15:44:00",0.731,0
"1228","2026-07-14 15:45:00",0.735,0
"1229","2026-07-14 15:46:00",0.715,0
"1230","2026-07-14 15:47:00",0.715,1
"1231","2026-07-14 15:48:00",0.708,0
"1232","2026-07-14 15:49:00",0.738,0
"1233","2026-07-14 15:50:00",0.745,0
"1234","2026-07-14 15:51:00",0.756,0
"1235","2026-07-14 15:52:00",0.731,0
"1236","2026-07-14 15:53:00",0.712,0
"1237","2026-07-14 15:54:00",0.689,0
"1238","2026-07-14 15:55:00",0.685,0
"1239","2026-07-14 15:56:00",0.707,0
"1240","2026-07-14 15:57:00",0.738,0
"1241","2026-07-14 15:58:00",0.708,0
"1242","2026-07-14 15:59:00",0.708,0
"1243","2026-07-14 16:00:00",0.716,0
"1244","2026-07-14 16:01:00",0.701,0
"1245","2026-07-14 16:02:00",0.705,0
"1246","2026-07-14 16:03:00",0.694,0
"1247","2026-07-14 16:04:00",0.678,0
"1248","2026-07-14 16:05:00",0.626,0
"1249","2026-07-14 16:06:00",0.589,0
"1250","2026-07-14 16:07:00",0.572,0
"1251","2026-07-14 16:08:00",0.583,0
"1252","2026-07-14 16:09:00",0.569,0
"1253","2026-07-14 16:10:00",0.597,0
"1254","2026-07-14 16:11:00",0.592,1
"1255","2026-07-14 16:12:00",0.557,0
"1256","2026-07-14 16:13:00",0.487,0
"1257","2026-07-14 16:14:00",0.44,0
"1258","2026-07-14 16:15:00",0.447,0
"1259","2026-07-14 16:16:00",0.48,0
"1260","2026-07-14 16:17:00",0.476,0
"1261","2026-07-14 16:18:00",0.433,0
"1262","2026-07-14 16:19:00",0.405,0
"1263","2026-07-14 16:20:00",0.388,0
"1264","2026-07-14 16:21:00",0.39,0
"1265","2026-07-14 16:22:00",0.379,0
"1266","2026-07-14 16:23:00",0.367,0
"1267","2026-07-14 16:24:00",0.362,0
"1268","2026-07-14 16:25:00",0.33,0
"1269","2026-07-14 16:26:00",0.274,0
"1270","2026-07-14 16:27:00",0.263,0
"1271","2026-07-14 16:28:00",0.251,0
"1272","2026-07-14 16:29:00",0.268,0
"1273","2026-07-14 16:30:00",0.298,0
"1274","2026-07-14 16:31:00",0.292,0
"1275","2026-07-14 16:32:00",0.225,0
"1276","2026-07-14 16:33:00",0.192,0
"1277","2026-07-14 16:34:00",0.184,0
"1278","2026-07-14 16:35:00",0.225,0
"1279","2026-07-14 16:36:00",0.253,0
"1280","2026-07-14 16:37:00",0.275,0
"1281","2026-07-14 16:38:00",0.316,0
"1282","2026-07-14 16:39:00",0.322,0
"1283","2026-07-14 16:40:00",0.288,0
"1284","2026-07-14 16:41:00",0.331,0
"1285","2026-07-14 16:42:00",0.342,0
"1286","2026-07-14 16:43:00",0.329,0
"1287","2026-07-14 16:44:00",0.327,0
"1288","2026-07-14 16:45:00",0.327,0
"1289","2026-07-14 16:46:00",0.299,0
"1290","2026-07-14 16:47:00",0.261,1
"1291","2026-07-14 16:48:00",0.311,0
"1292","2026-07-14 16:49:00",0.371,0
"1293","2026-07-14 16:50:00",0.434,0
"1294","2026-07-14 16:51:00",0.421,0
"1295","2026-07-14 16:52:00",0.413,0
"1296","2026-07-14 16:53:00",0.352,0
"1297","2026-07-14 16:54:00",0.313,0
"1298","2026-07-14 16:55:00",0.305,0
"1299","2026-07-14 16:56:00",0.296,0
"1300","2026-07-14 16:57:00",0.245,0
"1301","2026-07-14 16:58:00",0.243,0
"1302","2026-07-14 16:59:00",0.233,0
"1303","2026-07-14 17:00:00",0.235,0
"1304","2026-07-14 17:01:00",0.223,0
"1305","2026-07-14 17:02:00",0.228,0
"1306","2026-07-14 17:03:00",0.241,1
"1307","2026-07-14 17:04:00",0.229,1
"1308","2026-07-14 17:05:00",0.225,0
"1309","2026-07-14 17:06:00",0.175,0
"1310","2026-07-14 17:07:00",0.139,0
"1311","2026-07-14 17:08:00",0.069,0
"1312","2026-07-14 17:09:00",0.073,0
"1313","2026-07-14 17:10:00",0.039,0
"1314","2026-07-14 17:11:00",0.001,0
"1315","2026-07-14 17:12:00",0.038,0
"1316","2026-07-14 17:13:00",0.103,0
"1317","2026-07-14 17:14:00",0.119,0
"1318","2026-07-14 17:15:00",0.141,0
"1319","2026-07-14 17:16:00",0.137,0
"1320","2026-07-14 17:17:00",0.156,0
"1321","2026-07-14 17:18:00",0.185,0
"1322","2026-07-14 17:19:00",0.198,1
"1323","2026-07-14 17:20:00",0.196,0
"1324","2026-07-14 17:21:00",0.149,0
"1325","2026-07-14 17:22:00",0.152,0
"1326","2026-07-14 17:23:00",0.178,0
"1327","2026-07-14 17:24:00",0.225,0
"1328","2026-07-14 17:25:00",0.275,0
"1329","2026-07-14 17:26:00",0.283,0
"1330","2026-07-14 17:27:00",0.301,0
"1331","2026-07-14 17:28:00",0.333,0
"1332","2026-07-14 17:29:00",0.305,1
"1333","2026-07-14 17:30:00",0.287,0
"1334","2026-07-14 17:31:00",0.247,1
"1335","2026-07-14 17:32:00",0.223,0
"1336","2026-07-14 17:33:00",0.187,1
"1337","2026-07-14 17:34:00",0.126,0
"1338","2026-07-14 17:35:00",0.121,0
"1339","2026-07-14 17:36:00",0.114,0
"1340","2026-07-14 17:37:00",0.146,0
"1341","2026-07-14 17:38:00",0.151,0
"1342","2026-07-14 17:39:00",0.19,0
"1343","2026-07-14 17:40:00",0.2,0
"1344","2026-07-14 17:41:00",0.186,0
"1345","2026-07-14 17:42:00",0.218,0
"1346","2026-07-14 17:43:00",0.253,1
"1347","2026-07-14 17:44:00",0.248,0
"1348","2026-07-14 17:45:00",0.278,0
"1349","2026-07-14 17:46:00",0.304,0
"1350","2026-07-14 17:47:00",0.347,0
"1351","2026-07-14 17:48:00",0.399,0
"1352","2026-07-14 17:49:00",0.474,0
"1353","2026-07-14 17:50:00",0.525,0
"1354","2026-07-14 17:51:00",0.492,0
"1355","2026-07-14 17:52:00",0.456,0
"1356","2026-07-14 17:53:00",0.448,0
"1357","2026-07-14 17:54:00",0.425,0
"1358","2026-07-14 17:55:00",0.363,0
"1359","2026-07-14 17:56:00",0.371,0
"1360","2026-07-14 17:57:00",0.395,0
"1361","2026-07-14 17:58:00",0.391,0
"1362","2026-07-14 17:59:00",0.379,0
"1363","2026-07-14 18:00:00",0.373,0
"1364","2026-07-14 18:01:00",0.344,0
"1365","2026-07-14 18:02:00",0.305,0
"1366","2026-07-14 18:03:00",0.228,1
"1367","2026-07-14 18:04:00",0.158,0
"1368","2026-07-14 18:05:00",0.125,0
"1369","2026-07-14 18:06:00",0.133,1
"1370","2026-07-14 18:07:00",0.148,0
"1371","2026-07-14 18:08:00",0.169,1
"1372","2026-07-14 18:09:00",0.17,0
"1373","2026-07-14 18:10:00",0.182,0
"1374","2026-07-14 18:11:00",0.202,1
"1375","2026-07-14 18:12:00",0.172,0
"1376","2026-07-14 18:13:00",0.146,0
"1377","2026-07-14 18:14:00",0.147,0
"1378","2026-07-14 18:15:00",0.151,0
"1379","2026-07-14 18:16:00",0.141,0
"1380","2026-07-14 18:17:00",0.137,1
"1381","2026-07-14 18:18:00",0.174,1
"1382","2026-07-14 18:19:00",0.276,0
"1383","2026-07-14 18:20:00",0.345,0
"1384","2026-07-14 18:21:00",0.315,0
"1385","2026-07-14 18:22:00",0.261,0
"1386","2026-07-14 18:23:00",0.24,0
"1387","2026-07-14 18:24:00",0.258,0
"1388","2026-07-14 18:25:00",0.259,0
"1389","2026-07-14 18:26:00",0.266,0
"1390","2026-07-14 18:27:00",0.298,0
"1391","2026-07-14 18:28:00",0.323,0
"1392","2026-07-14 18:29:00",0.318,0
"1393","2026-07-14 18:30:00",0.309,0
"1394","2026-07-14 18:31:00",0.297,0
"1395","2026-07-14 18:32:00",0.273,1
"1396","2026-07-14 18:33:00",0.282,0
"1397","2026-07-14 18:34:00",0.274,0
"1398","2026-07-14 18:35:00",0.227,1
"1399","2026-07-14 18:36:00",0.167,0
"1400","2026-07-14 18:37:00",0.154,0
"1401","2026-07-14 18:38:00",0.168,0
"1402","2026-07-14 18:39:00",0.167,0
"1403","2026-07-14 18:40:00",0.163,0
"1404","2026-07-14 18:41:00",0.179,0
"1405","2026-07-14 18:42:00",0.16,0
"1406","2026-07-14 18:43:00",0.144,0
"1407","2026-07-14 18:44:00",0.138,0
"1408","2026-07-14 18:45:00",0.143,0
"1409","2026-07-14 18:46:00",0.128,1
"1410","2026-07-14 18:47:00",0.14,0
"1411","2026-07-14 18:48:00",0.131,0
"1412","2026-07-14 18:49:00",0.099,0
"1413","2026-07-14 18:50:00",0.097,0
"1414","2026-07-14 18:51:00",0.13,0
"1415","2026-07-14 18:52:00",0.195,0
"1416","2026-07-14 18:53:00",0.265,0
"1417","2026-07-14 18:54:00",0.292,0
"1418","2026-07-14 18:55:00",0.344,0
"1419","2026-07-14 18:56:00",0.34,0
"1420","2026-07-14 18:57:00",0.282,0
"1421","2026-07-14 18:58:00",0.257,0
"1422","2026-07-14 18:59:00",0.209,0
