"","date (UTC)","NO2 (ppb)","Flag"
"1","2026-10-10 01:00:00",697.876,2
"2","2026-10-10 01:01:00",696.513,2
"3","2026-10-10 01:02:00",696.499,2
"4","2026-10-10 01:03:00",696.554,2
"5","2026-10-10 01:04:00",696.006,2
"6","2026-10-10 01:05:00",695.455,2
"7","2026-10-10 01:06:00",695.805,2
"8","2026-10-10 01:07:00",694.897,2
"9","2026-10-10 01:08:00",694.984,2
"10","2026-10-10 01:09:00",694.939,2
"11","2026-10-10 01:10:00",694.546,2
"12","2026-10-10 01:11:00",693.583,2
"13","2026-10-10 01:12:00",693.599,2
"14","2026-10-10 01:13:00",693.599,2
"15","2026-10-10 01:14:00",6.017,2
"16","2026-10-10 01:15:00",5.927,2
"17","2026-10-10 01:16:00",5.093,1
"18","2026-10-10 01:17:00",6.388,1
"19","2026-10-10 01:18:00",5.842,1
"20","2026-10-10 01:19:00",4.311,1
"21","2026-10-10 01:20:00",3.982,1
"22","2026-10-10 01:21:00",4.546,1
"23","2026-10-10 01:22:00",5.306,1
"24","2026-10-10 01:23:00",4.806,1
"25","2026-10-10 01:24:00",3.378,1
"26","2026-10-10 01:25:00",3.63,1
"27","2026-10-10 01:26:00",3.678,1
"28","2026-10-10 01:27:00",3.625,1
"29","2026-10-10 01:28:00",4.04,1
"30","2026-10-10 01:29:00",3.51,1
"31","2026-10-10 01:30:00",3.199,1
"32","2026-10-10 01:31:00",3.794,1
"33","2026-10-10 01:32:00",4.171,1
"34","2026-10-10 01:33:00",5.043,1
"35","2026-10-10 01:34:00",5.564,1
"36","2026-10-10 01:35:00",4.793,1
"37","2026-10-10 01:36:00",5.205,1
"38","2026-10-10 01:37:00",4.194,1
"39","2026-10-10 01:38:00",4.556,1
"40","2026-10-10 01:39:00",5.248,1
"41","2026-10-10 01:40:00",5.341,1
"42","2026-10-10 01:41:00",6.382,1
"43","2026-10-10 01:42:00",6.276,1
"44","2026-10-10 01:43:00",6.005,1
"45","2026-10-10 01:44:00",6.14,1
"46","2026-10-10 01:45:00",5.825,1
"47","2026-10-10 01:46:00",5.303,1
"48","2026-10-10 01:47:00",5.59,1
"49","2026-10-10 01:48:00",5.67,1
"50","2026-10-10 01:49:00",5.346,1
"51","2026-10-10 01:50:00",5.865,1
"52","2026-10-10 01:51:00",6.019,1
"53","2026-10-10 01:52:00",5.849,1
"54","2026-10-10 01:53:00",6.275,1
"55","2026-10-10 01:54:00",6.011,1
"56","2026-10-10 01:55:00",5.354,1
"57","2026-10-10 01:56:00",5.286,1
"58","2026-10-10 01:57:00",4.563,1
"59","2026-10-10 01:58:00",4.601,1
"60","2026-10-10 01:59:00",4.814,1
"61","2026-10-10 02:00:00",4.106,1
"62","2026-10-10 02:01:00",4.198,1
"63","2026-10-10 02:02:00",5.23,1
"64","2026-10-10 02:03:00",6.003,1
"65","2026-10-10 02:04:00",5.579,1
"66","2026-10-10 02:05:00",5.875,1
"67","2026-10-10 02:06:00",5.078,1
"68","2026-10-10 02:07:00",5.352,1
"69","2026-10-10 02:08:00",4.869,1
"70","2026-10-10 02:09:00",4.857,1
"71","2026-10-10 02:10:00",4.638,1
"72","2026-10-10 02:11:00",3.629,1
"73","2026-10-10 02:12:00",4.785,1
"74","2026-10-10 02:13:00",4.785,1
"75","2026-10-10 02:14:00",4.785,1
"76","2026-10-10 02:15:00",4.441,1
"77","2026-10-10 02:16:00",3.867,1
"78","2026-10-10 02:17:00",4.82,1
"79","2026-10-10 02:18:00",3.965,1
"80","2026-10-10 02:19:00",4.396,1
"81","2026-10-10 02:20:00",4.878,1
"82","2026-10-10 02:21:00",4.634,1
"83","2026-10-10 02:22:00",4.479,1
"84","2026-10-10 02:23:00",5.049,1
"85","2026-10-10 02:24:00",4.521,1
"86","2026-10-10 02:25:00",4.944,1
"87","2026-10-10 02:26:00",5.485,1
"88","2026-10-10 02:27:00",5.146,1
"89","2026-10-10 02:28:00",5.801,1
"90","2026-10-10 02:29:00",5.821,1
"91","2026-10-10 02:30:00",5.871,1
"92","2026-10-10 02:31:00",5.488,1
"93","2026-10-10 02:32:00",5.611,1
"94","2026-10-10 02:33:00",5.414,1
"95","2026-10-10 02:34:00",5.897,1
"96","2026-10-10 02:35:00",4.866,1
"97","2026-10-10 02:36:00",5.463,1
"98","2026-10-10 02:37:00",5.593,1
"99","2026-10-10 02:38:00",5.681,1
"100","2026-10-10 02:39:00",5.113,1
"101","2026-10-10 02:40:00",5.531,1
"102","2026-10-10 02:41:00",4.842,1
"103","2026-10-10 02:42:00",5.249,1
"104","2026-10-10 02:43:00",5.785,1
"105","2026-10-10 02:44:00",6.307,1
"106","2026-10-10 02:45:00",6.437,1
"107","2026-10-10 02:46:00",6.474,1
"108","2026-10-10 02:47:00",5.296,1
"109","2026-10-10 02:48:00",5.123,1
"110","2026-10-10 02:49:00",4.853,1
"111","2026-10-10 02:50:00",5.473,1
"112","2026-10-10 02:51:00",5.955,1
"113","2026-10-10 02:52:00",6.055,1
"114","2026-10-10 02:53:00",5.395,1
"115","2026-10-10 02:54:00",5.245,1
"116","2026-10-10 02:55:00",5.204,1
"117","2026-10-10 02:56:00",4.886,1
"118","2026-10-10 02:57:00",4.275,1
"119","2026-10-10 02:58:00",3.897,1
"120","2026-10-10 02:59:00",3.65,1
"121","2026-10-10 03:00:00",3.68,1
"122","2026-10-10 03:01:00",4,1
"123","2026-10-10 03:02:00",3.84,1
"124","2026-10-10 03:03:00",3.597,1
"125","2026-10-10 03:04:00",3.767,1
"126","2026-10-10 03:05:00",4.09,1
"127","2026-10-10 03:06:00",4.377,1
"128","2026-10-10 03:07:00",4.179,1
"129","2026-10-10 03:08:00",4.783,1
"130","2026-10-10 03:09:00",4.546,1
"131","2026-10-10 03:10:00",3.914,1
"132","2026-10-10 03:11:00",4.347,1
"133","2026-10-10 03:12:00",4.707,1
"134","2026-10-10 03:13:00",3.89,1
"135","2026-10-10 03:14:00",3.796,1
"136","2026-10-10 03:15:00",3.796,1
"137","2026-10-10 03:16:00",3.734,1
"138","2026-10-10 03:17:00",4.074,1
"139","2026-10-10 03:18:00",4.38,1
"140","2026-10-10 03:19:00",4.126,1
"141","2026-10-10 03:20:00",3.963,1
"142","2026-10-10 03:21:00",3.313,1
"143","2026-10-10 03:22:00",2.852,1
"144","2026-10-10 03:23:00",2.997,1
"145","2026-10-10 03:24:00",3.01,1
"146","2026-10-10 03:25:00",3.076,1
"147","2026-10-10 03:26:00",2.913,1
"148","2026-10-10 03:27:00",3.568,1
"149","2026-10-10 03:28:00",3.968,1
"150","2026-10-10 03:29:00",3.505,1
"151","2026-10-10 03:30:00",3.477,1
"152","2026-10-10 03:31:00",3.431,1
"153","2026-10-10 03:32:00",3.561,1
"154","2026-10-10 03:33:00",3.509,1
"155","2026-10-10 03:34:00",3.485,1
"156","2026-10-10 03:35:00",2.668,1
"157","2026-10-10 03:36:00",2.067,1
"158","2026-10-10 03:37:00",1.648,1
"159","2026-10-10 03:38:00",1.965,1
"160","2026-10-10 03:39:00",2.292,1
"161","2026-10-10 03:40:00",2.79,1
"162","2026-10-10 03:41:00",2.553,1
"163","2026-10-10 03:42:00",3.241,1
"164","2026-10-10 03:43:00",3.002,1
"165","2026-10-10 03:44:00",2.35,1
"166","2026-10-10 03:45:00",2.32,1
"167","2026-10-10 03:46:00",2.273,1
"168","2026-10-10 03:47:00",2.518,1
"169","2026-10-10 03:48:00",2.605,1
"170","2026-10-10 03:49:00",2.667,1
"171","2026-10-10 03:50:00",2.783,1
"172","2026-10-10 03:51:00",3.055,1
"173","2026-10-10 03:52:00",3.78,1
"174","2026-10-10 03:53:00",3.613,1
"175","2026-10-10 03:54:00",3.231,1
"176","2026-10-10 03:55:00",4.641,1
"177","2026-10-10 03:56:00",5.122,1
"178","2026-10-10 03:57:00",5.558,1
"179","2026-10-10 03:58:00",5.326,1
"180","2026-10-10 03:59:00",4.862,1
"181","2026-10-10 04:00:00",4.791,1
"182","2026-10-10 04:01:00",5.429,1
"183","2026-10-10 04:02:00",5.043,1
"184","2026-10-10 04:03:00",5.162,1
"185","2026-10-10 04:04:00",5.965,1
"186","2026-10-10 04:05:00",5.092,1
"187","2026-10-10 04:06:00",4.422,1
"188","2026-10-10 04:07:00",3.159,1
"189","2026-10-10 04:08:00",2.701,1
"190","2026-10-10 04:09:00",1.39,1
"191","2026-10-10 04:10:00",3.433,1
"192","2026-10-10 04:11:00",3.721,1
"193","2026-10-10 04:12:00",2.895,1
"194","2026-10-10 04:13:00",3.082,1
"195","2026-10-10 04:14:00",3.224,1
"196","2026-10-10 04:15:00",3.341,1
"197","2026-10-10 04:16:00",3.341,1
"198","2026-10-10 04:17:00",4.309,1
"199","2026-10-10 04:18:00",4.175,1
"200","2026-10-10 04:19:00",3.632,1
"201","2026-10-10 04:20:00",3.742,1
"202","2026-10-10 04:21:00",4.22,1
"203","2026-10-10 04:22:00",3.734,1
"204","2026-10-10 04:23:00",3.875,1
"205","2026-10-10 04:24:00",2.776,1
"206","2026-10-10 04:25:00",3.006,1
"207","2026-10-10 04:26:00",2.592,1
"208","2026-10-10 04:27:00",2.324,1
"209","2026-10-10 04:28:00",1.784,1
"210","2026-10-10 04:29:00",2.043,1
"211","2026-10-10 04:30:00",2.819,1
"212","2026-10-10 04:31:00",2.425,1
"213","2026-10-10 04:32:00",3.094,1
"214","2026-10-10 04:33:00",2.501,1
"215","2026-10-10 04:34:00",1.882,1
"216","2026-10-10 04:35:00",1.924,1
"217","2026-10-10 04:36:00",2.207,1
"218","2026-10-10 04:37:00",2.783,1
"219","2026-10-10 04:38:00",3.26,1
"220","2026-10-10 04:39:00",3.053,1
"221","2026-10-10 04:40:00",2.991,1
"222","2026-10-10 04:41:00",3.23,1
"223","2026-10-10 04:42:00",3.505,1
"224","2026-10-10 04:43:00",3.405,1
"225","2026-10-10 04:44:00",3.523,1
"226","2026-10-10 04:45:00",3.25,1
"227","2026-10-10 04:46:00",3.381,1
"228","2026-10-10 04:47:00",3.525,1
"229","2026-10-10 04:48:00",3.856,1
"230","2026-10-10 04:49:00",4.624,1
"231","2026-10-10 04:50:00",3.747,1
"232","2026-10-10 04:51:00",5.458,1
"233","2026-10-10 04:52:00",5.567,1
"234","2026-10-10 04:53:00",5.287,1
"235","2026-10-10 04:54:00",5.452,1
"236","2026-10-10 04:55:00",5.598,1
"237","2026-10-10 04:56:00",4.25,1
"238","2026-10-10 04:57:00",4.595,1
"239","2026-10-10 04:58:00",5.091,1
"240","2026-10-10 04:59:00",4.846,1
"241","2026-10-10 05:00:00",4.176,1
"242","2026-10-10 05:01:00",4.283,1
"243","2026-10-10 05:02:00",4.545,1
"244","2026-10-10 05:03:00",4.946,1
"245","2026-10-10 05:04:00",4.654,1
"246","2026-10-10 05:05:00",4.817,1
"247","2026-10-10 05:06:00",4.766,1
"248","2026-10-10 05:07:00",4.025,1
"249","2026-10-10 05:08:00",4.294,1
"250","2026-10-10 05:09:00",4.079,1
"251","2026-10-10 05:10:00",4.169,1
"252","2026-10-10 05:11:00",4.467,1
"253","2026-10-10 05:12:00",4.562,1
"254","2026-10-10 05:13:00",4.046,1
"255","2026-10-10 05:14:00",3.875,1
"256","2026-10-10 05:15:00",4.081,1
"257","2026-10-10 05:16:00",3.979,1
"258","2026-10-10 05:17:00",3.979,1
"259","2026-10-10 05:18:00",3.733,1
"260","2026-10-10 05:19:00",3.913,1
"261","2026-10-10 05:20:00",3.989,1
"262","2026-10-10 05:21:00",3.841,1
"263","2026-10-10 05:22:00",3.646,1
"264","2026-10-10 05:23:00",3.768,1
"265","2026-10-10 05:24:00",3.993,1
"266","2026-10-10 05:25:00",4.806,1
"267","2026-10-10 05:26:00",5.851,1
"268","2026-10-10 05:27:00",6.488,1
"269","2026-10-10 05:28:00",9.18,1
"270","2026-10-10 05:29:00",8.862,1
"271","2026-10-10 05:30:00",11.769,1
"272","2026-10-10 05:31:00",14.944,1
"273","2026-10-10 05:32:00",15.773,1
"274","2026-10-10 05:33:00",10.604,1
"275","2026-10-10 05:34:00",6.946,1
"276","2026-10-10 05:35:00",6.025,1
"277","2026-10-10 05:36:00",5.741,1
"278","2026-10-10 05:37:00",6.449,1
"279","2026-10-10 05:38:00",4.986,1
"280","2026-10-10 05:39:00",4.975,1
"281","2026-10-10 05:40:00",4.873,1
"282","2026-10-10 05:41:00",4.442,1
"283","2026-10-10 05:42:00",4.5,1
"284","2026-10-10 05:43:00",5.012,1
"285","2026-10-10 05:44:00",5.155,1
"286","2026-10-10 05:45:00",4.774,1
"287","2026-10-10 05:46:00",4.574,1
"288","2026-10-10 05:47:00",4.649,1
"289","2026-10-10 05:48:00",4.69,1
"290","2026-10-10 05:49:00",5.332,1
"291","2026-10-10 05:50:00",6.275,1
"292","2026-10-10 05:51:00",9.068,1
"293","2026-10-10 05:52:00",10.889,1
"294","2026-10-10 05:53:00",10.276,1
"295","2026-10-10 05:54:00",15.784,1
"296","2026-10-10 05:55:00",10.966,1
"297","2026-10-10 05:56:00",10.252,1
"298","2026-10-10 05:57:00",7.877,1
"299","2026-10-10 05:58:00",4.39,1
"300","2026-10-10 05:59:00",4.857,1
"301","2026-10-10 06:00:00",3.91,1
"302","2026-10-10 06:01:00",3.195,1
"303","2026-10-10 06:02:00",3.374,1
"304","2026-10-10 06:03:00",2.769,1
"305","2026-10-10 06:04:00",3.713,1
"306","2026-10-10 06:05:00",2.816,1
"307","2026-10-10 06:06:00",2.363,1
"308","2026-10-10 06:07:00",2.656,1
"309","2026-10-10 06:08:00",3.033,1
"310","2026-10-10 06:09:00",2.533,1
"311","2026-10-10 06:10:00",2.559,1
"312","2026-10-10 06:11:00",2.876,1
"313","2026-10-10 06:12:00",3.065,1
"314","2026-10-10 06:13:00",2.644,1
"315","2026-10-10 06:14:00",2.804,1
"316","2026-10-10 06:15:00",2.794,1
"317","2026-10-10 06:16:00",3.335,1
"318","2026-10-10 06:17:00",3.336,1
"319","2026-10-10 06:18:00",3.336,1
"320","2026-10-10 06:19:00",5.933,1
"321","2026-10-10 06:20:00",8.602,1
"322","2026-10-10 06:21:00",7.205,1
"323","2026-10-10 06:22:00",9.362,1
"324","2026-10-10 06:23:00",10.154,1
"325","2026-10-10 06:24:00",10.099,1
"326","2026-10-10 06:25:00",7.661,1
"327","2026-10-10 06:26:00",7.843,1
"328","2026-10-10 06:27:00",10.755,1
"329","2026-10-10 06:28:00",12.752,1
"330","2026-10-10 06:29:00",10.537,1
"331","2026-10-10 06:30:00",9.053,1
"332","2026-10-10 06:31:00",11.065,1
"333","2026-10-10 06:32:00",9.093,1
"334","2026-10-10 06:33:00",8.953,1
"335","2026-10-10 06:34:00",10.786,1
"336","2026-10-10 06:35:00",9.343,1
"337","2026-10-10 06:36:00",8.365,1
"338","2026-10-10 06:37:00",7.997,1
"339","2026-10-10 06:38:00",8.605,1
"340","2026-10-10 06:39:00",7.346,1
"341","2026-10-10 06:40:00",7.84,1
"342","2026-10-10 06:41:00",8.249,1
"343","2026-10-10 06:42:00",7.353,1
"344","2026-10-10 06:43:00",7.421,1
"345","2026-10-10 06:44:00",8.524,1
"346","2026-10-10 06:45:00",7.823,1
"347","2026-10-10 06:46:00",7.72,1
"348","2026-10-10 06:47:00",7.281,1
"349","2026-10-10 06:48:00",8.302,1
"350","2026-10-10 06:49:00",8.266,1
"351","2026-10-10 06:50:00",8.488,1
"352","2026-10-10 06:51:00",8.444,1
"353","2026-10-10 06:52:00",6.757,1
"354","2026-10-10 06:53:00",6.078,1
"355","2026-10-10 06:54:00",7.196,1
"356","2026-10-10 06:55:00",7.74,1
"357","2026-10-10 06:56:00",6.901,1
"358","2026-10-10 06:57:00",5.977,1
"359","2026-10-10 06:58:00",5.501,1
"360","2026-10-10 06:59:00",4.699,1
"361","2026-10-10 07:00:00",5.573,1
"362","2026-10-10 07:01:00",6.632,1
"363","2026-10-10 07:02:00",12.706,1
"364","2026-10-10 07:03:00",10.698,1
"365","2026-10-10 07:04:00",6.296,1
"366","2026-10-10 07:05:00",6.476,1
"367","2026-10-10 07:06:00",5.012,1
"368","2026-10-10 07:07:00",4.919,1
"369","2026-10-10 07:08:00",4.802,1
"370","2026-10-10 07:09:00",5.207,1
"371","2026-10-10 07:10:00",5.42,1
"372","2026-10-10 07:11:00",5.086,1
"373","2026-10-10 07:12:00",4.687,1
"374","2026-10-10 07:13:00",4.584,1
"375","2026-10-10 07:14:00",3.698,1
"376","2026-10-10 07:15:00",4.146,1
"377","2026-10-10 07:16:00",3.915,1
"378","2026-10-10 07:17:00",3.924,1
"379","2026-10-10 07:18:00",3.333,1
"380","2026-10-10 07:19:00",3.333,1
"381","2026-10-10 07:20:00",2.909,1
"382","2026-10-10 07:21:00",2.77,1
"383","2026-10-10 07:22:00",3.094,1
"384","2026-10-10 07:23:00",3.562,1
"385","2026-10-10 07:24:00",4.797,1
"386","2026-10-10 07:25:00",7.002,1
"387","2026-10-10 07:26:00",11.342,1
"388","2026-10-10 07:27:00",12.771,1
"389","2026-10-10 07:28:00",7.034,1
"390","2026-10-10 07:29:00",5.705,1
"391","2026-10-10 07:30:00",5.612,1
"392","2026-10-10 07:31:00",4.145,1
"393","2026-10-10 07:32:00",3.862,1
"394","2026-10-10 07:33:00",3.519,1
"395","2026-10-10 07:34:00",3.427,1
"396","2026-10-10 07:35:00",4.255,1
"397","2026-10-10 07:36:00",4.809,1
"398","2026-10-10 07:37:00",4.502,1
"399","2026-10-10 07:38:00",6.027,1
"400","2026-10-10 07:39:00",5.79,1
"401","2026-10-10 07:40:00",5.713,1
"402","2026-10-10 07:41:00",5.664,1
"403","2026-10-10 07:42:00",8.746,1
"404","2026-10-10 07:43:00",7.786,1
"405","2026-10-10 07:44:00",7.479,1
"406","2026-10-10 07:45:00",7.774,1
"407","2026-10-10 07:46:00",7.178,1
"408","2026-10-10 07:47:00",5.616,1
"409","2026-10-10 07:48:00",4.551,1
"410","2026-10-10 07:49:00",5.192,1
"411","2026-10-10 07:50:00",4.083,1
"412","2026-10-10 07:51:00",4.692,1
"413","2026-10-10 07:52:00",4.667,1
"414","2026-10-10 07:53:00",5.234,1
"415","2026-10-10 07:54:00",5.357,1
"416","2026-10-10 07:55:00",5.522,1
"417","2026-10-10 07:56:00",4.63,1
"418","2026-10-10 07:57:00",4.059,1
"419","2026-10-10 07:58:00",3.674,1
"420","2026-10-10 07:59:00",4.358,1
"421","2026-10-10 08:00:00",3.924,1
"422","2026-10-10 08:01:00",4.154,1
"423","2026-10-10 08:02:00",3.423,1
"424","2026-10-10 08:03:00",3.232,1
"425","2026-10-10 08:04:00",3.615,1
"426","2026-10-10 08:05:00",3.839,1
"427","2026-10-10 08:06:00",6.283,1
"428","2026-10-10 08:07:00",6.347,1
"429","2026-10-10 08:08:00",8.49,1
"430","2026-10-10 08:09:00",10.942,1
"431","2026-10-10 08:10:00",7.489,1
"432","2026-10-10 08:11:00",7.442,1
"433","2026-10-10 08:12:00",4.573,1
"434","2026-10-10 08:13:00",3.648,1
"435","2026-10-10 08:14:00",3.065,1
"436","2026-10-10 08:15:00",2.384,1
"437","2026-10-10 08:16:00",2.355,1
"438","2026-10-10 08:17:00",2.129,1
"439","2026-10-10 08:18:00",2.12,1
"440","2026-10-10 08:19:00",2.076,1
"441","2026-10-10 08:20:00",2.076,1
"442","2026-10-10 08:21:00",2.088,1
"443","2026-10-10 08:22:00",2.181,1
"444","2026-10-10 08:23:00",2.706,1
"445","2026-10-10 08:24:00",2.9,1
"446","2026-10-10 08:25:00",2.832,1
"447","2026-10-10 08:26:00",3.14,1
"448","2026-10-10 08:27:00",2.466,1
"449","2026-10-10 08:28:00",2.104,1
"450","2026-10-10 08:29:00",2.263,1
"451","2026-10-10 08:30:00",2.275,1
"452","2026-10-10 08:31:00",2.256,1
"453","2026-10-10 08:32:00",2.133,1
"454","2026-10-10 08:33:00",2.327,1
"455","2026-10-10 08:34:00",1.946,1
"456","2026-10-10 08:35:00",1.723,1
"457","2026-10-10 08:36:00",1.877,1
"458","2026-10-10 08:37:00",1.903,1
"459","2026-10-10 08:38:00",2,1
"460","2026-10-10 08:39:00",2.469,1
"461","2026-10-10 08:40:00",3.112,1
"462","2026-10-10 08:41:00",3.067,1
"463","2026-10-10 08:42:00",2.904,1
"464","2026-10-10 08:43:00",3.522,1
"465","2026-10-10 08:44:00",4.762,1
"466","2026-10-10 08:45:00",4.923,1
"467","2026-10-10 08:46:00",9.388,1
"468","2026-10-10 08:47:00",7.06,1
"469","2026-10-10 08:48:00",6.549,1
"470","2026-10-10 08:49:00",4.063,1
"471","2026-10-10 08:50:00",2.794,1
"472","2026-10-10 08:51:00",5.273,1
"473","2026-10-10 08:52:00",6.312,1
"474","2026-10-10 08:53:00",4.465,1
"475","2026-10-10 08:54:00",5.178,1
"476","2026-10-10 08:55:00",4.386,1
"477","2026-10-10 08:56:00",3.148,1
"478","2026-10-10 08:57:00",2.094,1
"479","2026-10-10 08:58:00",2.075,1
"480","2026-10-10 08:59:00",1.939,1
"481","2026-10-10 09:00:00",2.091,1
"482","2026-10-10 09:01:00",2.06,1
"483","2026-10-10 09:02:00",1.848,1
"484","2026-10-10 09:03:00",1.806,1
"485","2026-10-10 09:04:00",1.892,1
"486","2026-10-10 09:05:00",2.517,1
"487","2026-10-10 09:06:00",3.582,1
"488","2026-10-10 09:07:00",2.096,1
"489","2026-10-10 09:08:00",1.983,1
"490","2026-10-10 09:09:00",2.117,1
"491","2026-10-10 09:10:00",1.686,1
"492","2026-10-10 09:11:00",1.714,1
"493","2026-10-10 09:12:00",1.768,1
"494","2026-10-10 09:13:00",1.954,1
"495","2026-10-10 09:14:00",1.536,1
"496","2026-10-10 09:15:00",1.256,1
"497","2026-10-10 09:16:00",1.211,1
"498","2026-10-10 09:17:00",1.304,1
"499","2026-10-10 09:18:00",1.411,1
"500","2026-10-10 09:19:00",1.549,1
"501","2026-10-10 09:20:00",1.609,1
"502","2026-10-10 09:21:00",1.609,1
"503","2026-10-10 09:22:00",2.013,1
"504","2026-10-10 09:23:00",1.927,1
"505","2026-10-10 09:24:00",1.514,1
"506","2026-10-10 09:25:00",1.59,1
"507","2026-10-10 09:26:00",1.796,1
"508","2026-10-10 09:27:00",1.783,1
"509","2026-10-10 09:28:00",1.845,1
"510","2026-10-10 09:29:00",1.75,1
"511","2026-10-10 09:30:00",1.805,1
"512","2026-10-10 09:31:00",2.093,1
"513","2026-10-10 09:32:00",2.212,1
"514","2026-10-10 09:33:00",2.144,1
"515","2026-10-10 09:34:00",1.494,1
"516","2026-10-10 09:35:00",1.317,1
"517","2026-10-10 09:36:00",1.23,1
"518","2026-10-10 09:37:00",1.316,1
"519","2026-10-10 09:38:00",1.43,1
"520","2026-10-10 09:39:00",1.35,1
"521","2026-10-10 09:40:00",1.246,1
"522","2026-10-10 09:41:00",1.353,1
"523","2026-10-10 09:42:00",1.406,1
"524","2026-10-10 09:43:00",1.618,1
"525","2026-10-10 09:44:00",1.624,1
"526","2026-10-10 09:45:00",1.394,1
"527","2026-10-10 09:46:00",1.371,1
"528","2026-10-10 09:47:00",1.265,1
"529","2026-10-10 09:48:00",1.353,1
"530","2026-10-10 09:49:00",1.38,1
"531","2026-10-10 09:50:00",1.541,1
"532","2026-10-10 09:51:00",2.847,1
"533","2026-10-10 09:52:00",3.472,1
"534","2026-10-10 09:53:00",3.188,1
"535","2026-10-10 09:54:00",1.974,1
"536","2026-10-10 09:55:00",1.568,1
"537","2026-10-10 09:56:00",1.703,1
"538","2026-10-10 09:57:00",1.653,1
"539","2026-10-10 09:58:00",2.016,1
"540","2026-10-10 09:59:00",2.108,1
"541","2026-10-10 10:00:00",2.077,1
"542","2026-10-10 10:01:00",2.324,1
"543","2026-10-10 10:02:00",1.554,1
"544","2026-10-10 10:03:00",1.593,1
"545","2026-10-10 10:04:00",2.836,1
"546","2026-10-10 10:05:00",3.672,1
"547","2026-10-10 10:06:00",2.523,1
"548","2026-10-10 10:07:00",4.44,1
"549","2026-10-10 10:08:00",2.676,1
"550","2026-10-10 10:09:00",2.144,1
"551","2026-10-10 10:10:00",2.143,1
"552","2026-10-10 10:11:00",1.664,1
"553","2026-10-10 10:12:00",1.236,1
"554","2026-10-10 10:13:00",1.237,1
"555","2026-10-10 10:14:00",1.367,1
"556","2026-10-10 10:15:00",1.502,1
"557","2026-10-10 10:16:00",1.53,1
"558","2026-10-10 10:17:00",1.62,1
"559","2026-10-10 10:18:00",1.755,1
"560","2026-10-10 10:19:00",1.672,1
"561","2026-10-10 10:20:00",1.872,1
"562","2026-10-10 10:21:00",2.389,1
"563","2026-10-10 10:22:00",2.389,1
"564","2026-10-10 10:23:00",2.418,1
"565","2026-10-10 10:24:00",2.251,1
"566","2026-10-10 10:25:00",2.02,1
"567","2026-10-10 10:26:00",1.8,1
"568","2026-10-10 10:27:00",1.587,1
"569","2026-10-10 10:28:00",1.453,1
"570","2026-10-10 10:29:00",1.637,1
"571","2026-10-10 10:30:00",1.381,1
"572","2026-10-10 10:31:00",1.169,1
"573","2026-10-10 10:32:00",1.329,1
"574","2026-10-10 10:33:00",1.473,1
"575","2026-10-10 10:34:00",1.545,1
"576","2026-10-10 10:35:00",1.554,1
"577","2026-10-10 10:36:00",1.633,1
"578","2026-10-10 10:37:00",1.404,1
"579","2026-10-10 10:38:00",1.293,1
"580","2026-10-10 10:39:00",1.282,1
"581","2026-10-10 10:40:00",1.134,1
"582","2026-10-10 10:41:00",1.086,1
"583","2026-10-10 10:42:00",1.176,1
"584","2026-10-10 10:43:00",1.307,1
"585","2026-10-10 10:44:00",1.665,1
"586","2026-10-10 10:45:00",1.696,1
"587","2026-10-10 10:46:00",1.313,1
"588","2026-10-10 10:47:00",1.138,1
"589","2026-10-10 10:48:00",1.149,1
"590","2026-10-10 10:49:00",1.277,1
"591","2026-10-10 10:50:00",1.301,1
"592","2026-10-10 10:51:00",1.419,1
"593","2026-10-10 10:52:00",2.631,1
"594","2026-10-10 10:53:00",4.464,1
"595","2026-10-10 10:54:00",4.304,1
"596","2026-10-10 10:55:00",3.081,1
"597","2026-10-10 10:56:00",3.16,1
"598","2026-10-10 10:57:00",2.688,1
"599","2026-10-10 10:58:00",2.152,1
"600","2026-10-10 10:59:00",1.753,1
"601","2026-10-10 11:00:00",1.564,1
"602","2026-10-10 11:01:00",1.65,1
"603","2026-10-10 11:02:00",1.771,1
"604","2026-10-10 11:03:00",1.77,1
"605","2026-10-10 11:04:00",1.735,1
"606","2026-10-10 11:05:00",1.745,1
"607","2026-10-10 11:06:00",1.743,1
"608","2026-10-10 11:07:00",1.885,1
"609","2026-10-10 11:08:00",2.167,1
"610","2026-10-10 11:09:00",1.859,1
"611","2026-10-10 11:10:00",1.727,1
"612","2026-10-10 11:11:00",1.643,1
"613","2026-10-10 11:12:00",1.559,1
"614","2026-10-10 11:13:00",1.514,1
"615","2026-10-10 11:14:00",1.745,1
"616","2026-10-10 11:15:00",1.675,1
"617","2026-10-10 11:16:00",1.664,1
"618","2026-10-10 11:17:00",1.613,1
"619","2026-10-10 11:18:00",1.491,1
"620","2026-10-10 11:19:00",1.587,1
"621","2026-10-10 11:20:00",2.28,1
"622","2026-10-10 11:21:00",2.313,1
"623","2026-10-10 11:22:00",2.569,1
"624","2026-10-10 11:23:00",2.569,1
"625","2026-10-10 11:24:00",2.569,1
"626","2026-10-10 11:25:00",2.324,1
"627","2026-10-10 11:26:00",1.672,1
"628","2026-10-10 11:27:00",1.35,1
"629","2026-10-10 11:28:00",2.045,1
"630","2026-10-10 11:29:00",1.801,1
"631","2026-10-10 11:30:00",1.81,1
"632","2026-10-10 11:31:00",1.972,1
"633","2026-10-10 11:32:00",2.086,1
"634","2026-10-10 11:33:00",2.093,1
"635","2026-10-10 11:34:00",1.958,1
"636","2026-10-10 11:35:00",1.559,1
"637","2026-10-10 11:36:00",1.745,1
"638","2026-10-10 11:37:00",1.592,1
"639","2026-10-10 11:38:00",1.485,1
"640","2026-10-10 11:39:00",1.653,1
"641","2026-10-10 11:40:00",1.604,1
"642","2026-10-10 11:41:00",1.801,1
"643","2026-10-10 11:42:00",1.663,1
"644","2026-10-10 11:43:00",1.596,1
"645","2026-10-10 11:44:00",1.629,1
"646","2026-10-10 11:45:00",2.008,1
"647","2026-10-10 11:46:00",1.74,1
"648","2026-10-10 11:47:00",1.45,1
"649","2026-10-10 11:48:00",1.514,1
"650","2026-10-10 11:49:00",1.74,1
"651","2026-10-10 11:50:00",1.698,1
"652","2026-10-10 11:51:00",2.555,1
"653","2026-10-10 11:52:00",3.772,1
"654","2026-10-10 11:53:00",2.726,1
"655","2026-10-10 11:54:00",1.917,1
"656","2026-10-10 11:55:00",2.072,1
"657","2026-10-10 11:56:00",1.979,1
"658","2026-10-10 11:57:00",1.919,1
"659","2026-10-10 11:58:00",1.765,1
"660","2026-10-10 11:59:00",1.556,1
"661","2026-10-10 12:00:00",1.649,1
"662","2026-10-10 12:01:00",1.694,1
"663","2026-10-10 12:02:00",1.699,1
"664","2026-10-10 12:03:00",1.555,1
"665","2026-10-10 12:04:00",1.586,1
"666","2026-10-10 12:05:00",1.519,1
"667","2026-10-10 12:06:00",1.793,1
"668","2026-10-10 12:07:00",2.269,1
"669","2026-10-10 12:08:00",2.951,1
"670","2026-10-10 12:09:00",3.192,1
"671","2026-10-10 12:10:00",1.966,1
"672","2026-10-10 12:11:00",1.469,1
"673","2026-10-10 12:12:00",1.37,1
"674","2026-10-10 12:13:00",1.383,1
"675","2026-10-10 12:14:00",1.435,1
"676","2026-10-10 12:15:00",1.424,1
"677","2026-10-10 12:16:00",1.464,1
"678","2026-10-10 12:17:00",1.454,1
"679","2026-10-10 12:18:00",1.544,1
"680","2026-10-10 12:19:00",1.295,1
"681","2026-10-10 12:20:00",1.286,1
"682","2026-10-10 12:21:00",1.398,1
"683","2026-10-10 12:22:00",1.394,1
"684","2026-10-10 12:23:00",1.531,1
"685","2026-10-10 12:24:00",1.531,1
"686","2026-10-10 12:25:00",1.531,1
"687","2026-10-10 12:26:00",1.551,1
"688","2026-10-10 12:27:00",1.713,1
"689","2026-10-10 12:28:00",1.649,1
"690","2026-10-10 12:29:00",1.96,1
"691","2026-10-10 12:30:00",2.033,1
"692","2026-10-10 12:31:00",1.975,1
"693","2026-10-10 12:32:00",1.956,1
"694","2026-10-10 12:33:00",2.069,1
"695","2026-10-10 12:34:00",2.304,1
"696","2026-10-10 12:35:00",1.811,1
"697","2026-10-10 12:36:00",1.655,1
"698","2026-10-10 12:37:00",1.664,1
"699","2026-10-10 12:38:00",1.433,1
"700","2026-10-10 12:39:00",1.299,1
"701","2026-10-10 12:40:00",1.219,1
"702","2026-10-10 12:41:00",1.921,1
"703","2026-10-10 12:42:00",2.102,1
"704","2026-10-10 12:43:00",2.919,1
"705","2026-10-10 12:44:00",2.205,1
"706","2026-10-10 12:45:00",1.927,1
"707","2026-10-10 12:46:00",1.945,1
"708","2026-10-10 12:47:00",2.204,1
"709","2026-10-10 12:48:00",1.82,1
"710","2026-10-10 12:49:00",2.344,1
"711","2026-10-10 12:50:00",3.129,1
"712","2026-10-10 12:51:00",3.148,1
"713","2026-10-10 12:52:00",2.761,1
"714","2026-10-10 12:53:00",1.423,1
"715","2026-10-10 12:54:00",1.312,1
"716","2026-10-10 12:55:00",1.592,1
"717","2026-10-10 12:56:00",1.564,1
"718","2026-10-10 12:57:00",1.46,1
"719","2026-10-10 12:58:00",1.347,1
"720","2026-10-10 12:59:00",1.322,1
"721","2026-10-10 13:00:00",1.274,1
"722","2026-10-10 13:01:00",1.254,1
"723","2026-10-10 13:02:00",1.32,1
"724","2026-10-10 13:03:00",1.287,1
"725","2026-10-10 13:04:00",1.501,1
"726","2026-10-10 13:05:00",1.599,1
"727","2026-10-10 13:06:00",1.473,1
"728","2026-10-10 13:07:00",1.715,1
"729","2026-10-10 13:08:00",1.566,1
"730","2026-10-10 13:09:00",1.612,1
"731","2026-10-10 13:10:00",1.481,1
"732","2026-10-10 13:11:00",1.333,1
"733","2026-10-10 13:12:00",1.506,1
"734","2026-10-10 13:13:00",1.583,1
"735","2026-10-10 13:14:00",1.38,1
"736","2026-10-10 13:15:00",1.443,1
"737","2026-10-10 13:16:00",1.517,1
"738","2026-10-10 13:17:00",1.343,1
"739","2026-10-10 13:18:00",1.006,1
"740","2026-10-10 13:19:00",0.992,1
"741","2026-10-10 13:20:00",1.103,1
"742","2026-10-10 13:21:00",1.05,1
"743","2026-10-10 13:22:00",1.051,1
"744","2026-10-10 13:23:00",1.379,1
"745","2026-10-10 13:24:00",1.541,1
"746","2026-10-10 13:25:00",1.553,1
"747","2026-10-10 13:26:00",1.553,1
"748","2026-10-10 13:27:00",1.973,1
"749","2026-10-10 13:28:00",2.87,1
"750","2026-10-10 13:29:00",11.86,1
"751","2026-10-10 13:30:00",11.648,1
"752","2026-10-10 13:31:00",11.807,1
"753","2026-10-10 13:32:00",7.679,1
"754","2026-10-10 13:33:00",3.681,1
"755","2026-10-10 13:34:00",2.544,1
"756","2026-10-10 13:35:00",2.034,1
"757","2026-10-10 13:36:00",1.807,1
"758","2026-10-10 13:37:00",1.699,1
"759","2026-10-10 13:38:00",1.482,1
"760","2026-10-10 13:39:00",1.048,1
"761","2026-10-10 13:40:00",0.911,1
"762","2026-10-10 13:41:00",0.885,1
"763","2026-10-10 13:42:00",1.001,1
"764","2026-10-10 13:43:00",1.102,1
"765","2026-10-10 13:44:00",2.56,1
"766","2026-10-10 13:45:00",3.303,1
"767","2026-10-10 13:46:00",2.23,1
"768","2026-10-10 13:47:00",1.483,1
"769","2026-10-10 13:48:00",1.438,1
"770","2026-10-10 13:49:00",1.539,1
"771","2026-10-10 13:50:00",2.623,1
"772","2026-10-10 13:51:00",1.97,1
"773","2026-10-10 13:52:00",2.106,1
"774","2026-10-10 13:53:00",1.782,1
"775","2026-10-10 13:54:00",1.55,1
"776","2026-10-10 13:55:00",1.705,1
"777","2026-10-10 13:56:00",1.687,1
"778","2026-10-10 13:57:00",1.793,1
"779","2026-10-10 13:58:00",1.765,1
"780","2026-10-10 13:59:00",1.775,1
"781","2026-10-10 14:00:00",1.383,1
"782","2026-10-10 14:01:00",1.232,1
"783","2026-10-10 14:02:00",1.086,1
"784","2026-10-10 14:03:00",1.183,1
"785","2026-10-10 14:04:00",1.787,1
"786","2026-10-10 14:05:00",2.063,1
"787","2026-10-10 14:06:00",3.224,1
"788","2026-10-10 14:07:00",2.777,1
"789","2026-10-10 14:08:00",1.687,1
"790","2026-10-10 14:09:00",1.304,1
"791","2026-10-10 14:10:00",1.188,1
"792","2026-10-10 14:11:00",1.328,1
"793","2026-10-10 14:12:00",1.269,1
"794","2026-10-10 14:13:00",1.38,1
"795","2026-10-10 14:14:00",1.994,1
"796","2026-10-10 14:15:00",2.009,1
"797","2026-10-10 14:16:00",1.865,1
"798","2026-10-10 14:17:00",1.52,1
"799","2026-10-10 14:18:00",1.38,1
"800","2026-10-10 14:19:00",1.39,1
"801","2026-10-10 14:20:00",1.472,1
"802","2026-10-10 14:21:00",1.859,1
"803","2026-10-10 14:22:00",1.366,1
"804","2026-10-10 14:23:00",1.084,1
"805","2026-10-10 14:24:00",1.131,1
"806","2026-10-10 14:25:00",1.214,1
"807","2026-10-10 14:26:00",1.367,1
"808","2026-10-10 14:27:00",1.367,1
"809","2026-10-10 14:28:00",2.944,1
"810","2026-10-10 14:29:00",3.808,1
"811","2026-10-10 14:30:00",2.841,1
"812","2026-10-10 14:31:00",3.234,1
"813","2026-10-10 14:32:00",4.343,1
"814","2026-10-10 14:33:00",4.006,1
"815","2026-10-10 14:34:00",3.247,1
"816","2026-10-10 14:35:00",2.263,1
"817","2026-10-10 14:36:00",2.072,1
"818","2026-10-10 14:37:00",1.826,1
"819","2026-10-10 14:38:00",1.71,1
"820","2026-10-10 14:39:00",1.511,1
"821","2026-10-10 14:40:00",1.506,1
"822","2026-10-10 14:41:00",1.608,1
"823","2026-10-10 14:42:00",1.446,1
"824","2026-10-10 14:43:00",1.317,1
"825","2026-10-10 14:44:00",3.473,1
"826","2026-10-10 14:45:00",8.195,1
"827","2026-10-10 14:46:00",7.823,1
"828","2026-10-10 14:47:00",3.264,1
"829","2026-10-10 14:48:00",3.138,1
"830","2026-10-10 14:49:00",1.358,1
"831","2026-10-10 14:50:00",1.461,1
"832","2026-10-10 14:51:00",3.884,1
"833","2026-10-10 14:52:00",3.032,1
"834","2026-10-10 14:53:00",1.755,1
"835","2026-10-10 14:54:00",1.167,1
"836","2026-10-10 14:55:00",1.191,1
"837","2026-10-10 14:56:00",1.417,1
"838","2026-10-10 14:57:00",1.294,1
"839","2026-10-10 14:58:00",1.384,1
"840","2026-10-10 14:59:00",1.365,1
"841","2026-10-10 15:00:00",1.329,1
"842","2026-10-10 15:01:00",1.442,1
"843","2026-10-10 15:02:00",1.732,1
"844","2026-10-10 15:03:00",1.8,1
"845","2026-10-10 15:04:00",2.216,1
"846","2026-10-10 15:05:00",3.439,1
"847","2026-10-10 15:06:00",5.973,1
"848","2026-10-10 15:07:00",4.811,1
"849","2026-10-10 15:08:00",5.136,1
"850","2026-10-10 15:09:00",3.156,1
"851","2026-10-10 15:10:00",2.799,1
"852","2026-10-10 15:11:00",3.242,1
"853","2026-10-10 15:12:00",3.087,1
"854","2026-10-10 15:13:00",2.583,1
"855","2026-10-10 15:14:00",2.051,1
"856","2026-10-10 15:15:00",1.598,1
"857","2026-10-10 15:16:00",1.6,1
"858","2026-10-10 15:17:00",1.785,1
"859","2026-10-10 15:18:00",1.627,1
"860","2026-10-10 15:19:00",1.481,1
"861","2026-10-10 15:20:00",1.612,1
"862","2026-10-10 15:21:00",1.888,1
"863","2026-10-10 15:22:00",2.28,1
"864","2026-10-10 15:23:00",2.877,1
"865","2026-10-10 15:24:00",3.991,1
"866","2026-10-10 15:25:00",4.725,1
"867","2026-10-10 15:26:00",3.797,1
"868","2026-10-10 15:27:00",3.837,1
"869","2026-10-10 15:28:00",3.837,1
"870","2026-10-10 15:29:00",2.173,1
"871","2026-10-10 15:30:00",1.184,1
"872","2026-10-10 15:31:00",1.215,1
"873","2026-10-10 15:32:00",1.376,1
"874","2026-10-10 15:33:00",1.407,1
"875","2026-10-10 15:34:00",1.335,1
"876","2026-10-10 15:35:00",1.353,1
"877","2026-10-10 15:36:00",1.32,1
"878","2026-10-10 15:37:00",1.466,1
"879","2026-10-10 15:38:00",1.604,1
"880","2026-10-10 15:39:00",1.303,1
"881","2026-10-10 15:40:00",1.318,1
"882","2026-10-10 15:41:00",1.268,1
"883","2026-10-10 15:42:00",1.374,1
"884","2026-10-10 15:43:00",1.389,1
"885","2026-10-10 15:44:00",1.815,1
"886","2026-10-10 15:45:00",1.845,1
"887","2026-10-10 15:46:00",1.951,1
"888","2026-10-10 15:47:00",2.048,1
"889","2026-10-10 15:48:00",2.063,1
"890","2026-10-10 15:49:00",1.803,1
"891","2026-10-10 15:50:00",1.442,1
"892","2026-10-10 15:51:00",1.54,1
"893","2026-10-10 15:52:00",2.652,1
"894","2026-10-10 15:53:00",2.857,1
"895","2026-10-10 15:54:00",2.089,1
"896","2026-10-10 15:55:00",2.458,1
"897","2026-10-10 15:56:00",2.432,1
"898","2026-10-10 15:57:00",2.173,1
"899","2026-10-10 15:58:00",1.94,1
"900","2026-10-10 15:59:00",2.176,1
"901","2026-10-10 16:00:00",2.344,1
"902","2026-10-10 16:01:00",1.957,1
"903","2026-10-10 16:02:00",2.016,1
"904","2026-10-10 16:03:00",2.017,1
"905","2026-10-10 16:04:00",1.986,1
"906","2026-10-10 16:05:00",1.946,1
"907","2026-10-10 16:06:00",1.898,1
"908","2026-10-10 16:07:00",1.737,1
"909","2026-10-10 16:08:00",2.152,1
"910","2026-10-10 16:09:00",2.441,1
"911","2026-10-10 16:10:00",2.706,1
"912","2026-10-10 16:11:00",3.124,1
"913","2026-10-10 16:12:00",2.821,1
"914","2026-10-10 16:13:00",2.669,1
"915","2026-10-10 16:14:00",2.496,1
"916","2026-10-10 16:15:00",2.793,1
"917","2026-10-10 16:16:00",3.134,1
"918","2026-10-10 16:17:00",3.182,1
"919","2026-10-10 16:18:00",3.921,1
"920","2026-10-10 16:19:00",3.734,1
"921","2026-10-10 16:20:00",3.818,1
"922","2026-10-10 16:21:00",4.116,1
"923","2026-10-10 16:22:00",3.505,1
"924","2026-10-10 16:23:00",3.049,1
"925","2026-10-10 16:24:00",3.015,1
"926","2026-10-10 16:25:00",3.034,1
"927","2026-10-10 16:26:00",3.043,1
"928","2026-10-10 16:27:00",3.251,1
"929","2026-10-10 16:28:00",3.435,1
"930","2026-10-10 16:29:00",3.435,1
"931","2026-10-10 16:30:00",4.545,1
"932","2026-10-10 16:31:00",7.302,1
"933","2026-10-10 16:32:00",4.618,1
"934","2026-10-10 16:33:00",3.817,1
"935","2026-10-10 16:34:00",4.387,1
"936","2026-10-10 16:35:00",4.174,1
"937","2026-10-10 16:36:00",3.444,1
"938","2026-10-10 16:37:00",3.683,1
"939","2026-10-10 16:38:00",3.482,1
"940","2026-10-10 16:39:00",2.948,1
"941","2026-10-10 16:40:00",2.948,1
"942","2026-10-10 16:41:00",2.974,1
"943","2026-10-10 16:42:00",3.18,1
"944","2026-10-10 16:43:00",3.265,1
"945","2026-10-10 16:44:00",3.276,1
"946","2026-10-10 16:45:00",3.074,1
"947","2026-10-10 16:46:00",2.956,1
"948","2026-10-10 16:47:00",2.406,1
"949","2026-10-10 16:48:00",2.145,1
"950","2026-10-10 16:49:00",2.064,1
"951","2026-10-10 16:50:00",2.521,1
"952","2026-10-10 16:51:00",2.563,1
"953","2026-10-10 16:52:00",2.972,1
"954","2026-10-10 16:53:00",3.171,1
"955","2026-10-10 16:54:00",3.49,1
"956","2026-10-10 16:55:00",3.029,1
"957","2026-10-10 16:56:00",2.65,1
"958","2026-10-10 16:57:00",2.762,1
"959","2026-10-10 16:58:00",2.438,1
"960","2026-10-10 16:59:00",2.597,1
"961","2026-10-10 17:00:00",2.475,1
"962","2026-10-10 17:01:00",2.539,1
"963","2026-10-10 17:02:00",2.569,1
"964","2026-10-10 17:03:00",3.22,1
"965","2026-10-10 17:04:00",2.836,1
"966","2026-10-10 17:05:00",2.491,1
"967","2026-10-10 17:06:00",2.483,1
"968","2026-10-10 17:07:00",2.491,1
"969","2026-10-10 17:08:00",2.727,1
"970","2026-10-10 17:09:00",2.326,1
"971","2026-10-10 17:10:00",2.354,1
"972","2026-10-10 17:11:00",2.256,1
"973","2026-10-10 17:12:00",2.383,1
"974","2026-10-10 17:13:00",2.392,1
"975","2026-10-10 17:14:00",2.431,1
"976","2026-10-10 17:15:00",6.977,1
"977","2026-10-10 17:16:00",7.694,1
"978","2026-10-10 17:17:00",7.116,1
"979","2026-10-10 17:18:00",5.573,1
"980","2026-10-10 17:19:00",6.851,1
"981","2026-10-10 17:20:00",5.31,1
"982","2026-10-10 17:21:00",5.018,1
"983","2026-10-10 17:22:00",3.894,1
"984","2026-10-10 17:23:00",3.201,1
"985","2026-10-10 17:24:00",3,1
"986","2026-10-10 17:25:00",3.245,1
"987","2026-10-10 17:26:00",3.722,1
"988","2026-10-10 17:27:00",4.25,1
"989","2026-10-10 17:28:00",4.102,1
"990","2026-10-10 17:29:00",4.362,1
"991","2026-10-10 17:30:00",4.362,1
"992","2026-10-10 17:31:00",4.588,1
"993","2026-10-10 17:32:00",3.287,1
"994","2026-10-10 17:33:00",2.51,1
"995","2026-10-10 17:34:00",2.585,1
"996","2026-10-10 17:35:00",2.417,1
"997","2026-10-10 17:36:00",2.553,1
"998","2026-10-10 17:37:00",2.735,1
"999","2026-10-10 17:38:00",2.81,1
"1000","2026-10-10 17:39:00",3.025,1
"1001","2026-10-10 17:40:00",3.273,1
"1002","2026-10-10 17:41:00",3.269,1
"1003","2026-10-10 17:42:00",3.29,1
"1004","2026-10-10 17:43:00",3.911,1
"1005","2026-10-10 17:44:00",3.749,1
"1006","2026-10-10 17:45:00",3.507,1
"1007","2026-10-10 17:46:00",4.408,1
"1008","2026-10-10 17:47:00",4.45,1
"1009","2026-10-10 17:48:00",5.745,1
"1010","2026-10-10 17:49:00",6.261,1
"1011","2026-10-10 17:50:00",6.882,1
"1012","2026-10-10 17:51:00",6.156,1
"1013","2026-10-10 17:52:00",7.102,1
"1014","2026-10-10 17:53:00",6.863,1
"1015","2026-10-10 17:54:00",8.694,1
"1016","2026-10-10 17:55:00",5.571,1
"1017","2026-10-10 17:56:00",5.253,1
"1018","2026-10-10 17:57:00",4.879,1
"1019","2026-10-10 17:58:00",4.858,1
"1020","2026-10-10 17:59:00",4.56,1
"1021","2026-10-10 18:00:00",4.475,1
"1022","2026-10-10 18:01:00",4.414,1
"1023","2026-10-10 18:02:00",4.43,1
"1024","2026-10-10 18:03:00",4.486,1
"1025","2026-10-10 18:04:00",5.219,1
"1026","2026-10-10 18:05:00",5.04,1
"1027","2026-10-10 18:06:00",5.736,1
"1028","2026-10-10 18:07:00",5.79,1
"1029","2026-10-10 18:08:00",6.235,1
"1030","2026-10-10 18:09:00",8.398,1
"1031","2026-10-10 18:10:00",9.18,1
"1032","2026-10-10 18:11:00",8.983,1
"1033","2026-10-10 18:12:00",7.964,1
"1034","2026-10-10 18:13:00",7.608,1
"1035","2026-10-10 18:14:00",7.541,1
"1036","2026-10-10 18:15:00",7.178,1
"1037","2026-10-10 18:16:00",7.325,1
"1038","2026-10-10 18:17:00",6.091,1
"1039","2026-10-10 18:18:00",6.217,1
"1040","2026-10-10 18:19:00",6.729,1
"1041","2026-10-10 18:20:00",6.586,1
"1042","2026-10-10 18:21:00",6.067,1
"1043","2026-10-10 18:22:00",6.596,1
"1044","2026-10-10 18:23:00",6.658,1
"1045","2026-10-10 18:24:00",7.441,1
"1046","2026-10-10 18:25:00",6.369,1
"1047","2026-10-10 18:26:00",5.854,1
"1048","2026-10-10 18:27:00",6.184,1
"1049","2026-10-10 18:28:00",6.503,1
"1050","2026-10-10 18:29:00",6.39,1
"1051","2026-10-10 18:30:00",6.399,1
"1052","2026-10-10 18:31:00",6.399,1
"1053","2026-10-10 18:32:00",6.254,1
"1054","2026-10-10 18:33:00",5.983,1
"1055","2026-10-10 18:34:00",6.397,1
"1056","2026-10-10 18:35:00",6.69,1
"1057","2026-10-10 18:36:00",8.615,1
"1058","2026-10-10 18:37:00",10.805,1
"1059","2026-10-10 18:38:00",11.182,1
"1060","2026-10-10 18:39:00",10.231,1
"1061","2026-10-10 18:40:00",8.684,1
"1062","2026-10-10 18:41:00",9.758,1
"1063","2026-10-10 18:42:00",8.273,1
"1064","2026-10-10 18:43:00",8.178,1
"1065","2026-10-10 18:44:00",7.614,1
"1066","2026-10-10 18:45:00",6.974,1
"1067","2026-10-10 18:46:00",7.053,1
"1068","2026-10-10 18:47:00",6.86,1
"1069","2026-10-10 18:48:00",6.539,1
"1070","2026-10-10 18:49:00",6.442,1
"1071","2026-10-10 18:50:00",5.985,1
"1072","2026-10-10 18:51:00",5.688,1
"1073","2026-10-10 18:52:00",5.955,1
"1074","2026-10-10 18:53:00",5.231,1
"1075","2026-10-10 18:54:00",4.839,1
"1076","2026-10-10 18:55:00",4.919,1
"1077","2026-10-10 18:56:00",5.601,1
"1078","2026-10-10 18:57:00",5.926,1
"1079","2026-10-10 18:58:00",7.19,1
"1080","2026-10-10 18:59:00",9.176,1
"1081","2026-10-10 19:00:00",11.045,1
"1082","2026-10-10 19:01:00",9.805,1
"1083","2026-10-10 19:02:00",9.551,1
"1084","2026-10-10 19:03:00",7.2,1
"1085","2026-10-10 19:04:00",6.185,1
"1086","2026-10-10 19:05:00",5.994,1
"1087","2026-10-10 19:06:00",5.531,1
"1088","2026-10-10 19:07:00",5.241,1
"1089","2026-10-10 19:08:00",6.073,1
"1090","2026-10-10 19:09:00",7.447,1
"1091","2026-10-10 19:10:00",7.017,1
"1092","2026-10-10 19:11:00",8.546,1
"1093","2026-10-10 19:12:00",7.131,1
"1094","2026-10-10 19:13:00",8.742,1
"1095","2026-10-10 19:14:00",8.332,1
"1096","2026-10-10 19:15:00",5.204,1
"1097","2026-10-10 19:16:00",4.356,1
"1098","2026-10-10 19:17:00",3.954,1
"1099","2026-10-10 19:18:00",3.423,1
"1100","2026-10-10 19:19:00",3.567,1
"1101","2026-10-10 19:20:00",3.543,1
"1102","2026-10-10 19:21:00",3.562,1
"1103","2026-10-10 19:22:00",3.408,1
"1104","2026-10-10 19:23:00",3.368,1
"1105","2026-10-10 19:24:00",3.853,1
"1106","2026-10-10 19:25:00",3.774,1
"1107","2026-10-10 19:26:00",4.76,1
"1108","2026-10-10 19:27:00",4.032,1
"1109","2026-10-10 19:28:00",4.504,1
"1110","2026-10-10 19:29:00",4.534,1
"1111","2026-10-10 19:30:00",3.935,1
"1112","2026-10-10 19:31:00",3.759,1
"1113","2026-10-10 19:32:00",3.759,1
"1114","2026-10-10 19:33:00",3.758,1
"1115","2026-10-10 19:34:00",4.142,1
"1116","2026-10-10 19:35:00",4.356,1
"1117","2026-10-10 19:36:00",3.999,1
"1118","2026-10-10 19:37:00",4.255,1
"1119","2026-10-10 19:38:00",4.716,1
"1120","2026-10-10 19:39:00",4.395,1
"1121","2026-10-10 19:40:00",3.838,1
"1122","2026-10-10 19:41:00",4.097,1
"1123","2026-10-10 19:42:00",4.368,1
"1124","2026-10-10 19:43:00",4.646,1
"1125","2026-10-10 19:44:00",4.384,1
"1126","2026-10-10 19:45:00",4.653,1
"1127","2026-10-10 19:46:00",4.829,1
"1128","2026-10-10 19:47:00",4.675,1
"1129","2026-10-10 19:48:00",5.093,1
"1130","2026-10-10 19:49:00",4.716,1
"1131","2026-10-10 19:50:00",5.93,1
"1132","2026-10-10 19:51:00",6.692,1
"1133","2026-10-10 19:52:00",7.494,1
"1134","2026-10-10 19:53:00",8.859,1
"1135","2026-10-10 19:54:00",8.737,1
"1136","2026-10-10 19:55:00",10.801,1
"1137","2026-10-10 19:56:00",10.35,1
"1138","2026-10-10 19:57:00",11.655,1
"1139","2026-10-10 19:58:00",12.148,1
"1140","2026-10-10 19:59:00",7.871,1
"1141","2026-10-10 20:00:00",7.331,1
"1142","2026-10-10 20:01:00",8.188,1
"1143","2026-10-10 20:02:00",7.365,1
"1144","2026-10-10 20:03:00",7.422,1
"1145","2026-10-10 20:04:00",7.396,1
"1146","2026-10-10 20:05:00",8.214,1
"1147","2026-10-10 20:06:00",6.648,1
"1148","2026-10-10 20:07:00",6.343,1
"1149","2026-10-10 20:08:00",6.284,1
"1150","2026-10-10 20:09:00",6.934,1
"1151","2026-10-10 20:10:00",7.392,1
"1152","2026-10-10 20:11:00",6.256,1
"1153","2026-10-10 20:12:00",6.026,1
"1154","2026-10-10 20:13:00",5.628,1
"1155","2026-10-10 20:14:00",5.772,1
"1156","2026-10-10 20:15:00",6.321,1
"1157","2026-10-10 20:16:00",5.955,1
"1158","2026-10-10 20:17:00",7.469,1
"1159","2026-10-10 20:18:00",6.788,1
"1160","2026-10-10 20:19:00",7.365,1
"1161","2026-10-10 20:20:00",9.837,1
"1162","2026-10-10 20:21:00",6.701,1
"1163","2026-10-10 20:22:00",6.912,1
"1164","2026-10-10 20:23:00",6.84,1
"1165","2026-10-10 20:24:00",6.136,1
"1166","2026-10-10 20:25:00",5.47,1
"1167","2026-10-10 20:26:00",5.662,1
"1168","2026-10-10 20:27:00",6.057,1
"1169","2026-10-10 20:28:00",6.53,1
"1170","2026-10-10 20:29:00",6.151,1
"1171","2026-10-10 20:30:00",6.012,1
"1172","2026-10-10 20:31:00",6.976,1
"1173","2026-10-10 20:32:00",6.003,1
"1174","2026-10-10 20:33:00",6.003,1
"1175","2026-10-10 20:34:00",6.003,1
"1176","2026-10-10 20:35:00",7.085,1
"1177","2026-10-10 20:36:00",7.839,1
"1178","2026-10-10 20:37:00",7.394,1
"1179","2026-10-10 20:38:00",7.021,1
"1180","2026-10-10 20:39:00",9.147,1
"1181","2026-10-10 20:40:00",13.128,1
"1182","2026-10-10 20:41:00",15.528,1
"1183","2026-10-10 20:42:00",12.611,1
"1184","2026-10-10 20:43:00",10.962,1
"1185","2026-10-10 20:44:00",11.43,1
"1186","2026-10-10 20:45:00",8.723,1
"1187","2026-10-10 20:46:00",7.722,1
"1188","2026-10-10 20:47:00",8.93,1
"1189","2026-10-10 20:48:00",6.5,1
"1190","2026-10-10 20:49:00",6.644,1
"1191","2026-10-10 20:50:00",7.136,1
"1192","2026-10-10 20:51:00",7.008,1
"1193","2026-10-10 20:52:00",7.724,1
"1194","2026-10-10 20:53:00",17.83,1
"1195","2026-10-10 20:54:00",10.645,1
"1196","2026-10-10 20:55:00",9.132,1
"1197","2026-10-10 20:56:00",14.46,1
"1198","2026-10-10 20:57:00",13.302,1
"1199","2026-10-10 20:58:00",13.462,1
"1200","2026-10-10 20:59:00",10.21,1
"1201","2026-10-10 21:00:00",6.194,1
"1202","2026-10-10 21:01:00",5.138,1
"1203","2026-10-10 21:02:00",5.697,1
"1204","2026-10-10 21:03:00",7.64,1
"1205","2026-10-10 21:04:00",6.315,1
"1206","2026-10-10 21:05:00",4.514,1
"1207","2026-10-10 21:06:00",4.173,1
"1208","2026-10-10 21:07:00",3.909,1
"1209","2026-10-10 21:08:00",4.53,1
"1210","2026-10-10 21:09:00",4.167,1
"1211","2026-10-10 21:10:00",3.797,1
"1212","2026-10-10 21:11:00",3.978,1
"1213","2026-10-10 21:12:00",3.851,1
"1214","2026-10-10 21:13:00",4.268,1
"1215","2026-10-10 21:14:00",4.167,1
"1216","2026-10-10 21:15:00",4.643,1
"1217","2026-10-10 21:16:00",4.435,1
"1218","2026-10-10 21:17:00",4.451,1
"1219","2026-10-10 21:18:00",5.793,1
"1220","2026-10-10 21:19:00",6.08,1
"1221","2026-10-10 21:20:00",9.983,1
"1222","2026-10-10 21:21:00",8.456,1
"1223","2026-10-10 21:22:00",7.14,1
"1224","2026-10-10 21:23:00",6.149,1
"1225","2026-10-10 21:24:00",5.823,1
"1226","2026-10-10 21:25:00",6.224,1
"1227","2026-10-10 21:26:00",5.924,1
"1228","2026-10-10 21:27:00",5.383,1
"1229","2026-10-10 21:28:00",5.996,1
"1230","2026-10-10 21:29:00",6.625,1
"1231","2026-10-10 21:30:00",5.566,1
"1232","2026-10-10 21:31:00",5.775,1
"1233","2026-10-10 21:32:00",5.809,1
"1234","2026-10-10 21:33:00",5.485,1
"1235","2026-10-10 21:34:00",5.543,1
"1236","2026-10-10 21:35:00",5.543,1
"1237","2026-10-10 21:36:00",5.739,1
"1238","2026-10-10 21:37:00",5.486,1
"1239","2026-10-10 21:38:00",5.178,1
"1240","2026-10-10 21:39:00",4.939,1
"1241","2026-10-10 21:40:00",5.09,1
"1242","2026-10-10 21:41:00",4.987,1
"1243","2026-10-10 21:42:00",5.21,1
"1244","2026-10-10 21:43:00",5.347,1
"1245","2026-10-10 21:44:00",5.226,1
"1246","2026-10-10 21:45:00",4.978,1
"1247","2026-10-10 21:46:00",5.311,1
"1248","2026-10-10 21:47:00",4.659,1
"1249","2026-10-10 21:48:00",4.773,1
"1250","2026-10-10 21:49:00",4.663,1
"1251","2026-10-10 21:50:00",4.07,1
"1252","2026-10-10 21:51:00",4.25,1
"1253","2026-10-10 21:52:00",4.707,1
"1254","2026-10-10 21:53:00",5.863,1
"1255","2026-10-10 21:54:00",12.607,1
"1256","2026-10-10 21:55:00",11.456,1
"1257","2026-10-10 21:56:00",9.565,1
"1258","2026-10-10 21:57:00",17.926,1
"1259","2026-10-10 21:58:00",10.674,1
"1260","2026-10-10 21:59:00",10.975,1
"1261","2026-10-10 22:00:00",6.303,1
"1262","2026-10-10 22:01:00",5.021,1
"1263","2026-10-10 22:02:00",5.035,1
"1264","2026-10-10 22:03:00",5.602,1
"1265","2026-10-10 22:04:00",5.404,1
"1266","2026-10-10 22:05:00",5.527,1
"1267","2026-10-10 22:06:00",5.787,1
"1268","2026-10-10 22:07:00",5.345,1
"1269","2026-10-10 22:08:00",5.193,1
"1270","2026-10-10 22:09:00",5.498,1
"1271","2026-10-10 22:10:00",4.794,1
"1272","2026-10-10 22:11:00",5.358,1
"1273","2026-10-10 22:12:00",6.022,1
"1274","2026-10-10 22:13:00",5.427,1
"1275","2026-10-10 22:14:00",5.333,1
"1276","2026-10-10 22:15:00",5.215,1
"1277","2026-10-10 22:16:00",5.214,1
"1278","2026-10-10 22:17:00",4.867,1
"1279","2026-10-10 22:18:00",4.708,1
"1280","2026-10-10 22:19:00",5.074,1
"1281","2026-10-10 22:20:00",5.408,1
"1282","2026-10-10 22:21:00",4.896,1
"1283","2026-10-10 22:22:00",5.324,1
"1284","2026-10-10 22:23:00",4.774,1
"1285","2026-10-10 22:24:00",4.7,1
"1286","2026-10-10 22:25:00",5.038,1
"1287","2026-10-10 22:26:00",5.311,1
"1288","2026-10-10 22:27:00",4.835,1
"1289","2026-10-10 22:28:00",5.592,1
"1290","2026-10-10 22:29:00",5.336,1
"1291","2026-10-10 22:30:00",5.504,1
"1292","2026-10-10 22:31:00",5.633,1
"1293","2026-10-10 22:32:00",5.778,1
"1294","2026-10-10 22:33:00",4.823,1
"1295","2026-10-10 22:34:00",5.228,1
"1296","2026-10-10 22:35:00",5.257,1
"1297","2026-10-10 22:36:00",5.257,1
"1298","2026-10-10 22:37:00",4.497,1
"1299","2026-10-10 22:38:00",4.592,1
"1300","2026-10-10 22:39:00",5.424,1
"1301","2026-10-10 22:40:00",5.551,1
"1302","2026-10-10 22:41:00",5.732,1
"1303","2026-10-10 22:42:00",5.62,1
"1304","2026-10-10 22:43:00",5.915,1
"1305","2026-10-10 22:44:00",6.474,1
"1306","2026-10-10 22:45:00",5.931,1
"1307","2026-10-10 22:46:00",5.547,1
"1308","2026-10-10 22:47:00",5.572,1
"1309","2026-10-10 22:48:00",6.133,1
"1310","2026-10-10 22:49:00",5.705,1
"1311","2026-10-10 22:50:00",5.901,1
"1312","2026-10-10 22:51:00",6.084,1
"1313","2026-10-10 22:52:00",5.914,1
"1314","2026-10-10 22:53:00",6.12,1
"1315","2026-10-10 22:54:00",6.383,1
"1316","2026-10-10 22:55:00",6.778,1
"1317","2026-10-10 22:56:00",6.901,1
"1318","2026-10-10 22:57:00",6.907,1
"1319","2026-10-10 22:58:00",6.426,1
"1320","2026-10-10 22:59:00",6.749,1
"1321","2026-10-10 23:00:00",6.483,1
"1322","2026-10-10 23:01:00",6.177,1
"1323","2026-10-10 23:02:00",5.988,1
"1324","2026-10-10 23:03:00",6.054,1
"1325","2026-10-10 23:04:00",5.434,1
"1326","2026-10-10 23:05:00",5.747,1
"1327","2026-10-10 23:06:00",6.246,1
"1328","2026-10-10 23:07:00",5.848,1
"1329","2026-10-10 23:08:00",5.836,1
"1330","2026-10-10 23:09:00",5.538,1
"1331","2026-10-10 23:10:00",5.391,1
"1332","2026-10-10 23:11:00",5.292,1
"1333","2026-10-10 23:12:00",5.203,1
"1334","2026-10-10 23:13:00",5.523,1
"1335","2026-10-10 23:14:00",5.396,1
"1336","2026-10-10 23:15:00",5.429,1
"1337","2026-10-10 23:16:00",5.109,1
"1338","2026-10-10 23:17:00",4.953,1
"1339","2026-10-10 23:18:00",5.282,1
"1340","2026-10-10 23:19:00",5.398,1
"1341","2026-10-10 23:20:00",4.694,1
"1342","2026-10-10 23:21:00",5.469,1
"1343","2026-10-10 23:22:00",5.351,1
"1344","2026-10-10 23:23:00",4.876,1
"1345","2026-10-10 23:24:00",5.572,1
"1346","2026-10-10 23:25:00",5.837,1
"1347","2026-10-10 23:26:00",5.727,1
"1348","2026-10-10 23:27:00",5.353,1
"1349","2026-10-10 23:28:00",5.888,1
"1350","2026-10-10 23:29:00",5.502,1
"1351","2026-10-10 23:30:00",5.6,1
"1352","2026-10-10 23:31:00",5.221,1
"1353","2026-10-10 23:32:00",5.305,1
"1354","2026-10-10 23:33:00",5.369,1
"1355","2026-10-10 23:34:00",5.774,1
"1356","2026-10-10 23:35:00",6.02,1
"1357","2026-10-10 23:36:00",5.993,1
"1358","2026-10-10 23:37:00",5.993,1
"1359","2026-10-10 23:38:00",5.922,1
"1360","2026-10-10 23:39:00",6.197,1
"1361","2026-10-10 23:40:00",6.249,1
"1362","2026-10-10 23:41:00",5.88,1
"1363","2026-10-10 23:42:00",5.794,1
"1364","2026-10-10 23:43:00",5.625,1
"1365","2026-10-10 23:44:00",6.026,1
"1366","2026-10-10 23:45:00",5.801,1
"1367","2026-10-10 23:46:00",5.82,1
"1368","2026-10-10 23:47:00",5.213,1
"1369","2026-10-10 23:48:00",5.618,1
"1370","2026-10-10 23:49:00",5.349,1
"1371","2026-10-10 23:50:00",5.31,1
"1372","2026-10-10 23:51:00",5.459,1
"1373","2026-10-10 23:52:00",5.571,1
"1374","2026-10-10 23:53:00",5.656,1
"1375","2026-10-10 23:54:00",5.628,1
"1376","2026-10-10 23:55:00",5.24,1
"1377","2026-10-10 23:56:00",5.601,1
"1378","2026-10-10 23:57:00",6.107,1
"1379","2026-10-10 23:58:00",6.447,1
"1380","2026-10-10 23:59:00",6.24,1
"1381","2026-10-11",6.476,1
"1382","2026-10-11 00:01:00",6.153,1
"1383","2026-10-11 00:02:00",6.513,1
"1384","2026-10-11 00:03:00",6.773,1
"1385","2026-10-11 00:04:00",6.769,1
"1386","2026-10-11 00:05:00",6.604,1
"1387","2026-10-11 00:06:00",5.968,1
"1388","2026-10-11 00:07:00",5.549,1
"1389","2026-10-11 00:08:00",5.436,1
"1390","2026-10-11 00:09:00",5.379,1
"1391","2026-10-11 00:10:00",5.644,1
"1392","2026-10-11 00:11:00",5.517,1
"1393","2026-10-11 00:12:00",5.444,1
"1394","2026-10-11 00:13:00",5.322,1
"1395","2026-10-11 00:14:00",5.489,1
"1396","2026-10-11 00:15:00",5.664,1
"1397","2026-10-11 00:16:00",5.865,1
"1398","2026-10-11 00:17:00",5.839,1
"1399","2026-10-11 00:18:00",5.864,1
"1400","2026-10-11 00:19:00",5.751,1
"1401","2026-10-11 00:20:00",5.867,1
"1402","2026-10-11 00:21:00",6.608,1
"1403","2026-10-11 00:22:00",6.345,1
"1404","2026-10-11 00:23:00",6.005,1
"1405","2026-10-11 00:24:00",5.972,1
"1406","2026-10-11 00:25:00",6.36,1
"1407","2026-10-11 00:26:00",6.502,1
"1408","2026-10-11 00:27:00",6.243,1
"1409","2026-10-11 00:28:00",6.389,1
"1410","2026-10-11 00:29:00",6.291,1
"1411","2026-10-11 00:30:00",6.356,1
"1412","2026-10-11 00:31:00",6.392,1
"1413","2026-10-11 00:32:00",6.48,1
"1414","2026-10-11 00:33:00",6.869,1
"1415","2026-10-11 00:34:00",6.698,1
"1416","2026-10-11 00:35:00",5.889,1
"1417","2026-10-11 00:36:00",6.338,2
"1418","2026-10-11 00:37:00",6.369,2
"1419","2026-10-11 00:38:00",6.369,2
"1420","2026-10-11 00:39:00",6.419,2
"1421","2026-10-11 00:40:00",6.417,2
"1422","2026-10-11 00:41:00",6.022,2
"1423","2026-10-11 00:42:00",0.781,2
"1424","2026-10-11 00:43:00",-0.103,2
"1425","2026-10-11 00:44:00",-0.055,2
"1426","2026-10-11 00:45:00",-0.13,2
"1427","2026-10-11 00:46:00",-0.126,2
"1428","2026-10-11 00:47:00",-0.075,2
"1429","2026-10-11 00:48:00",-0.103,2
"1430","2026-10-11 00:49:00",-0.111,2
"1431","2026-10-11 00:50:00",-0.067,2
"1432","2026-10-11 00:51:00",-0.097,2
"1433","2026-10-11 00:52:00",-0.091,2
"1434","2026-10-11 00:53:00",-0.06,2
"1435","2026-10-11 00:54:00",-0.067,2
"1436","2026-10-11 00:55:00",-0.114,2
"1437","2026-10-11 00:56:00",-0.06,2
"1438","2026-10-11 00:57:00",706.329,2
"1439","2026-10-11 00:58:00",698.831,2
"1440","2026-10-11 00:59:00",697.356,2
