"","date (UTC)","NO2 (ppb)","Flag"
"1","2026-07-20 16:00:00",2.688,0
"2","2026-07-20 16:01:00",2.42,0
"3","2026-07-20 16:02:00",2.154,0
"4","2026-07-20 16:03:00",2.222,0
"5","2026-07-20 16:04:00",2.379,0
"6","2026-07-20 16:05:00",2.326,0
"7","2026-07-20 16:06:00",3.079,0
"8","2026-07-20 16:07:00",2.563,0
"9","2026-07-20 16:08:00",1.864,0
"10","2026-07-20 16:09:00",1.667,0
"11","2026-07-20 16:10:00",1.741,0
"12","2026-07-20 16:11:00",1.444,0
"13","2026-07-20 16:12:00",1.524,0
"14","2026-07-20 16:13:00",1.821,0
"15","2026-07-20 16:14:00",1.539,0
"16","2026-07-20 16:15:00",1.638,0
"17","2026-07-20 16:16:00",1.918,0
"18","2026-07-20 16:17:00",1.746,0
"19","2026-07-20 16:18:00",1.834,0
"20","2026-07-20 16:19:00",1.969,0
"21","2026-07-20 16:20:00",1.884,0
"22","2026-07-20 16:21:00",1.988,0
"23","2026-07-20 16:22:00",1.882,0
"24","2026-07-20 16:23:00",1.833,0
"25","2026-07-20 16:24:00",2.096,0
"26","2026-07-20 16:25:00",2.073,0
"27","2026-07-20 16:26:00",1.593,0
"28","2026-07-20 16:27:00",1.563,0
"29","2026-07-20 16:28:00",1.6,0
"30","2026-07-20 16:29:00",1.639,0
"31","2026-07-20 16:30:00",1.772,0
"32","2026-07-20 16:31:00",1.504,0
"33","2026-07-20 16:32:00",1.536,0
"34","2026-07-20 16:33:00",1.751,0
"35","2026-07-20 16:34:00",1.636,0
"36","2026-07-20 16:35:00",1.729,0
"37","2026-07-20 16:36:00",1.935,0
"38","2026-07-20 16:37:00",1.991,0
"39","2026-07-20 16:38:00",1.792,0
"40","2026-07-20 16:39:00",1.801,0
"41","2026-07-20 16:40:00",1.918,0
"42","2026-07-20 16:41:00",1.999,0
"43","2026-07-20 16:42:00",1.954,0
"44","2026-07-20 16:43:00",1.773,0
"45","2026-07-20 16:44:00",1.921,0
"46","2026-07-20 16:45:00",2.101,0
"47","2026-07-20 16:46:00",2.101,0
"48","2026-07-20 16:47:00",3.345,0
"49","2026-07-20 16:48:00",2.984,0
"50","2026-07-20 16:49:00",2.998,0
"51","2026-07-20 16:50:00",2.623,0
"52","2026-07-20 16:51:00",2.329,0
"53","2026-07-20 16:52:00",2.167,0
"54","2026-07-20 16:53:00",2.38,0
"55","2026-07-20 16:54:00",2.475,0
"56","2026-07-20 16:55:00",2.27,0
"57","2026-07-20 16:56:00",2.727,0
"58","2026-07-20 16:57:00",5.229,0
"59","2026-07-20 16:58:00",10.918,0
"60","2026-07-20 16:59:00",6.454,0
"61","2026-07-20 17:00:00",2.736,0
"62","2026-07-20 17:01:00",3.628,0
"63","2026-07-20 17:02:00",4.089,0
"64","2026-07-20 17:03:00",4.348,0
"65","2026-07-20 17:04:00",3.055,0
"66","2026-07-20 17:05:00",2.111,0
"67","2026-07-20 17:06:00",1.773,0
"68","2026-07-20 17:07:00",2.027,0
"69","2026-07-20 17:08:00",2.177,0
"70","2026-07-20 17:09:00",2.151,0
"71","2026-07-20 17:10:00",1.845,0
"72","2026-07-20 17:11:00",2.174,0
"73","2026-07-20 17:12:00",2.124,0
"74","2026-07-20 17:13:00",1.825,0
"75","2026-07-20 17:14:00",1.894,0
"76","2026-07-20 17:15:00",2.679,2
"77","2026-07-20 17:16:00",3.354,2
"78","2026-07-20 17:17:00",2.688,0
"79","2026-07-20 17:18:00",2.659,0
"80","2026-07-20 17:19:00",1.885,0
"81","2026-07-20 17:20:00",1.744,0
"82","2026-07-20 17:21:00",1.723,0
"83","2026-07-20 17:22:00",1.72,0
"84","2026-07-20 17:23:00",2.149,0
"85","2026-07-20 17:24:00",2.126,0
"86","2026-07-20 17:25:00",2.148,0
"87","2026-07-20 17:26:00",3.314,0
"88","2026-07-20 17:27:00",5.114,0
"89","2026-07-20 17:28:00",4.848,0
"90","2026-07-20 17:29:00",5.199,0
"91","2026-07-20 17:30:00",4.533,0
"92","2026-07-20 17:31:00",3.018,0
"93","2026-07-20 17:32:00",2.554,0
"94","2026-07-20 17:33:00",2.153,0
"95","2026-07-20 17:34:00",2.28,2
"96","2026-07-20 17:35:00",2.316,0
"97","2026-07-20 17:36:00",2.758,0
"98","2026-07-20 17:37:00",3.265,0
"99","2026-07-20 17:38:00",2.917,0
"100","2026-07-20 17:39:00",2.416,0
"101","2026-07-20 17:40:00",3.849,0
"102","2026-07-20 17:41:00",5.796,0
"103","2026-07-20 17:42:00",4.101,0
"104","2026-07-20 17:43:00",4.407,0
"105","2026-07-20 17:44:00",3.635,0
"106","2026-07-20 17:45:00",2.71,0
"107","2026-07-20 17:46:00",2.356,0
"108","2026-07-20 17:47:00",2.356,0
"109","2026-07-20 17:48:00",2.198,0
"110","2026-07-20 17:49:00",2.267,0
"111","2026-07-20 17:50:00",3.165,0
"112","2026-07-20 17:51:00",3.459,0
"113","2026-07-20 17:52:00",3.18,0
"114","2026-07-20 17:53:00",3.064,0
"115","2026-07-20 17:54:00",2.683,0
"116","2026-07-20 17:55:00",2.91,0
"117","2026-07-20 17:56:00",2.884,0
"118","2026-07-20 17:57:00",3.161,0
"119","2026-07-20 17:58:00",3.13,0
"120","2026-07-20 17:59:00",3.221,0
"121","2026-07-20 18:00:00",3.064,0
"122","2026-07-20 18:01:00",3.308,0
"123","2026-07-20 18:02:00",3.98,0
"124","2026-07-20 18:03:00",3.415,0
"125","2026-07-20 18:04:00",3.031,0
"126","2026-07-20 18:05:00",2.413,0
"127","2026-07-20 18:06:00",2.026,0
"128","2026-07-20 18:07:00",2.123,0
"129","2026-07-20 18:08:00",2.089,0
"130","2026-07-20 18:09:00",1.616,0
"131","2026-07-20 18:10:00",1.914,0
"132","2026-07-20 18:11:00",1.99,0
"133","2026-07-20 18:12:00",2.171,0
"134","2026-07-20 18:13:00",2.067,0
"135","2026-07-20 18:14:00",2.261,0
"136","2026-07-20 18:15:00",2.732,0
"137","2026-07-20 18:16:00",2.794,0
"138","2026-07-20 18:17:00",2.288,0
"139","2026-07-20 18:18:00",2.054,0
"140","2026-07-20 18:19:00",2.302,0
"141","2026-07-20 18:20:00",2.235,0
"142","2026-07-20 18:21:00",2.579,0
"143","2026-07-20 18:22:00",2.742,0
"144","2026-07-20 18:23:00",3.685,0
"145","2026-07-20 18:24:00",3.753,0
"146","2026-07-20 18:25:00",4.514,0
"147","2026-07-20 18:26:00",4.795,0
"148","2026-07-20 18:27:00",4.623,0
"149","2026-07-20 18:28:00",3.989,2
"150","2026-07-20 18:29:00",3.438,2
"151","2026-07-20 18:30:00",2.833,0
"152","2026-07-20 18:31:00",2.25,0
"153","2026-07-20 18:32:00",2.124,0
"154","2026-07-20 18:33:00",2.237,0
"155","2026-07-20 18:34:00",2.42,0
"156","2026-07-20 18:35:00",1.911,0
"157","2026-07-20 18:36:00",2.036,0
"158","2026-07-20 18:37:00",2.305,0
"159","2026-07-20 18:38:00",2.758,2
"160","2026-07-20 18:39:00",2.469,0
"161","2026-07-20 18:40:00",2.802,0
"162","2026-07-20 18:41:00",2.994,0
"163","2026-07-20 18:42:00",2.874,0
"164","2026-07-20 18:43:00",2.262,0
"165","2026-07-20 18:44:00",2.136,0
"166","2026-07-20 18:45:00",2.378,0
"167","2026-07-20 18:46:00",2.252,0
"168","2026-07-20 18:47:00",2.388,0
"169","2026-07-20 18:48:00",2.388,0
"170","2026-07-20 18:49:00",2.85,0
"171","2026-07-20 18:50:00",3.766,0
"172","2026-07-20 18:51:00",3.363,0
"173","2026-07-20 18:52:00",3.551,0
"174","2026-07-20 18:53:00",3.859,0
"175","2026-07-20 18:54:00",3.761,0
"176","2026-07-20 18:55:00",4.085,0
"177","2026-07-20 18:56:00",4.351,0
"178","2026-07-20 18:57:00",3.893,0
"179","2026-07-20 18:58:00",3.359,2
"180","2026-07-20 18:59:00",2.508,0
"181","2026-07-20 19:00:00",2.958,0
"182","2026-07-20 19:01:00",3.164,0
"183","2026-07-20 19:02:00",3.405,0
"184","2026-07-20 19:03:00",2.875,0
"185","2026-07-20 19:04:00",2.651,2
"186","2026-07-20 19:05:00",2.685,0
"187","2026-07-20 19:06:00",3.021,0
"188","2026-07-20 19:07:00",3.23,0
"189","2026-07-20 19:08:00",3.255,0
"190","2026-07-20 19:09:00",3.251,0
"191","2026-07-20 19:10:00",3.583,0
"192","2026-07-20 19:11:00",2.892,0
"193","2026-07-20 19:12:00",3.566,0
"194","2026-07-20 19:13:00",2.877,0
"195","2026-07-20 19:14:00",2.864,0
"196","2026-07-20 19:15:00",2.486,0
"197","2026-07-20 19:16:00",2.494,0
"198","2026-07-20 19:17:00",2.195,0
"199","2026-07-20 19:18:00",2.338,0
"200","2026-07-20 19:19:00",2.376,0
"201","2026-07-20 19:20:00",2.417,0
"202","2026-07-20 19:21:00",2.385,0
"203","2026-07-20 19:22:00",2.909,0
"204","2026-07-20 19:23:00",2.747,0
"205","2026-07-20 19:24:00",3.674,0
"206","2026-07-20 19:25:00",4.039,0
"207","2026-07-20 19:26:00",4.621,0
"208","2026-07-20 19:27:00",4.523,0
"209","2026-07-20 19:28:00",3.398,0
"210","2026-07-20 19:29:00",3.643,0
"211","2026-07-20 19:30:00",3.677,0
"212","2026-07-20 19:31:00",3.781,0
"213","2026-07-20 19:32:00",2.53,0
"214","2026-07-20 19:33:00",2.041,0
"215","2026-07-20 19:34:00",2.747,0
"216","2026-07-20 19:35:00",3.143,0
"217","2026-07-20 19:36:00",3.113,0
"218","2026-07-20 19:37:00",2.978,0
"219","2026-07-20 19:38:00",3.118,0
"220","2026-07-20 19:39:00",3.179,0
"221","2026-07-20 19:40:00",3.102,0
"222","2026-07-20 19:41:00",3.282,0
"223","2026-07-20 19:42:00",2.96,2
"224","2026-07-20 19:43:00",2.85,0
"225","2026-07-20 19:44:00",2.927,0
"226","2026-07-20 19:45:00",2.794,0
"227","2026-07-20 19:46:00",2.897,0
"228","2026-07-20 19:47:00",4.296,0
"229","2026-07-20 19:48:00",6.752,0
"230","2026-07-20 19:49:00",6.752,0
"231","2026-07-20 19:50:00",6.781,0
"232","2026-07-20 19:51:00",6.795,0
"233","2026-07-20 19:52:00",6.773,0
"234","2026-07-20 19:53:00",6.79,0
"235","2026-07-20 19:54:00",6.468,0
"236","2026-07-20 19:55:00",5.96,0
"237","2026-07-20 19:56:00",5.806,0
"238","2026-07-20 19:57:00",5.582,0
"239","2026-07-20 19:58:00",5.873,0
"240","2026-07-20 19:59:00",6.697,0
"241","2026-07-20 20:00:00",6.413,0
"242","2026-07-20 20:01:00",7.213,0
"243","2026-07-20 20:02:00",8.04,0
"244","2026-07-20 20:03:00",8.923,0
"245","2026-07-20 20:04:00",8.752,0
"246","2026-07-20 20:05:00",8.239,0
"247","2026-07-20 20:06:00",7.6,0
"248","2026-07-20 20:07:00",6.713,0
"249","2026-07-20 20:08:00",6.793,0
"250","2026-07-20 20:09:00",6.963,0
"251","2026-07-20 20:10:00",5.953,0
"252","2026-07-20 20:11:00",5.568,0
"253","2026-07-20 20:12:00",5.557,0
"254","2026-07-20 20:13:00",5.39,2
"255","2026-07-20 20:14:00",5.17,0
"256","2026-07-20 20:15:00",5.124,0
"257","2026-07-20 20:16:00",5.192,2
"258","2026-07-20 20:17:00",5.154,0
"259","2026-07-20 20:18:00",5.009,2
"260","2026-07-20 20:19:00",4.869,0
"261","2026-07-20 20:20:00",4.696,0
"262","2026-07-20 20:21:00",4.657,2
"263","2026-07-20 20:22:00",4.826,0
"264","2026-07-20 20:23:00",5.08,0
"265","2026-07-20 20:24:00",5.444,0
"266","2026-07-20 20:25:00",6.269,0
"267","2026-07-20 20:26:00",5.803,0
"268","2026-07-20 20:27:00",5.494,0
"269","2026-07-20 20:28:00",5.752,0
"270","2026-07-20 20:29:00",5.521,0
"271","2026-07-20 20:30:00",5.391,0
"272","2026-07-20 20:31:00",5.714,0
"273","2026-07-20 20:32:00",5.603,0
"274","2026-07-20 20:33:00",5.63,0
"275","2026-07-20 20:34:00",5.779,2
"276","2026-07-20 20:35:00",5.792,0
"277","2026-07-20 20:36:00",5.832,0
"278","2026-07-20 20:37:00",5.908,2
"279","2026-07-20 20:38:00",6.024,0
"280","2026-07-20 20:39:00",6.091,0
"281","2026-07-20 20:40:00",6.07,2
"282","2026-07-20 20:41:00",6.536,0
"283","2026-07-20 20:42:00",6.62,2
"284","2026-07-20 20:43:00",7.329,0
"285","2026-07-20 20:44:00",7.582,0
"286","2026-07-20 20:45:00",7.71,0
"287","2026-07-20 20:46:00",7.533,0
"288","2026-07-20 20:47:00",7.371,0
"289","2026-07-20 20:48:00",6.9,2
"290","2026-07-20 20:49:00",7.095,0
"291","2026-07-20 20:50:00",7.095,0
"292","2026-07-20 20:51:00",7.022,0
"293","2026-07-20 20:52:00",6.951,0
"294","2026-07-20 20:53:00",7.081,0
"295","2026-07-20 20:54:00",8.381,0
"296","2026-07-20 20:55:00",10.336,2
"297","2026-07-20 20:56:00",9.976,0
"298","2026-07-20 20:57:00",9.94,0
"299","2026-07-20 20:58:00",8.428,2
"300","2026-07-20 20:59:00",8.896,2
"301","2026-07-20 21:00:00",8.558,0
"302","2026-07-20 21:01:00",8.548,2
"303","2026-07-20 21:02:00",9.464,2
"304","2026-07-20 21:03:00",9.22,2
"305","2026-07-20 21:04:00",7.983,0
"306","2026-07-20 21:05:00",8.405,0
"307","2026-07-20 21:06:00",8.003,0
"308","2026-07-20 21:07:00",6.886,0
"309","2026-07-20 21:08:00",6.681,0
"310","2026-07-20 21:09:00",6.589,0
"311","2026-07-20 21:10:00",6.526,0
"312","2026-07-20 21:11:00",6.56,0
"313","2026-07-20 21:12:00",6.787,0
"314","2026-07-20 21:13:00",6.397,0
"315","2026-07-20 21:14:00",5.102,0
"316","2026-07-20 21:15:00",4.27,0
"317","2026-07-20 21:16:00",3.663,0
"318","2026-07-20 21:17:00",3.49,0
"319","2026-07-20 21:18:00",3.457,0
"320","2026-07-20 21:19:00",3.409,0
"321","2026-07-20 21:20:00",3.272,2
"322","2026-07-20 21:21:00",3.153,0
"323","2026-07-20 21:22:00",2.987,2
"324","2026-07-20 21:23:00",2.859,2
"325","2026-07-20 21:24:00",3.001,0
"326","2026-07-20 21:25:00",3.192,2
"327","2026-07-20 21:26:00",3.243,0
"328","2026-07-20 21:27:00",3.336,2
"329","2026-07-20 21:28:00",3.329,0
"330","2026-07-20 21:29:00",3.092,0
"331","2026-07-20 21:30:00",3.104,0
"332","2026-07-20 21:31:00",3.151,0
"333","2026-07-20 21:32:00",3.282,0
"334","2026-07-20 21:33:00",3.582,0
"335","2026-07-20 21:34:00",3.818,0
"336","2026-07-20 21:35:00",3.845,0
"337","2026-07-20 21:36:00",3.936,0
"338","2026-07-20 21:37:00",4.012,0
"339","2026-07-20 21:38:00",4.148,0
"340","2026-07-20 21:39:00",4.131,0
"341","2026-07-20 21:40:00",4.151,0
"342","2026-07-20 21:41:00",4.14,0
"343","2026-07-20 21:42:00",4.114,0
"344","2026-07-20 21:43:00",4.2,0
"345","2026-07-20 21:44:00",5.036,0
"346","2026-07-20 21:45:00",4.903,0
"347","2026-07-20 21:46:00",4.424,2
"348","2026-07-20 21:47:00",4.407,0
"349","2026-07-20 21:48:00",4.418,2
"350","2026-07-20 21:49:00",4.5,2
"351","2026-07-20 21:50:00",4.335,0
"352","2026-07-20 21:51:00",4.335,0
"353","2026-07-20 21:52:00",4.335,0
"354","2026-07-20 21:53:00",3.459,0
"355","2026-07-20 21:54:00",3.416,2
"356","2026-07-20 21:55:00",3.293,0
"357","2026-07-20 21:56:00",3.387,0
"358","2026-07-20 21:57:00",3.211,0
"359","2026-07-20 21:58:00",3.265,0
"360","2026-07-20 21:59:00",3.075,0
"361","2026-07-20 22:00:00",3.104,0
"362","2026-07-20 22:01:00",3.052,0
"363","2026-07-20 22:02:00",3.131,2
"364","2026-07-20 22:03:00",2.974,0
"365","2026-07-20 22:04:00",3.006,2
"366","2026-07-20 22:05:00",3.159,2
"367","2026-07-20 22:06:00",3.065,0
"368","2026-07-20 22:07:00",2.976,0
"369","2026-07-20 22:08:00",3.015,2
"370","2026-07-20 22:09:00",2.963,0
"371","2026-07-20 22:10:00",3.235,0
"372","2026-07-20 22:11:00",3.351,0
"373","2026-07-20 22:12:00",3.262,2
"374","2026-07-20 22:13:00",3.167,0
"375","2026-07-20 22:14:00",3.057,0
"376","2026-07-20 22:15:00",3.06,2
"377","2026-07-20 22:16:00",3.168,0
"378","2026-07-20 22:17:00",3.121,0
"379","2026-07-20 22:18:00",3.382,2
"380","2026-07-20 22:19:00",3.819,0
"381","2026-07-20 22:20:00",3.835,0
"382","2026-07-20 22:21:00",3.767,2
"383","2026-07-20 22:22:00",3.711,0
"384","2026-07-20 22:23:00",3.476,0
"385","2026-07-20 22:24:00",3.525,0
"386","2026-07-20 22:25:00",3.634,0
"387","2026-07-20 22:26:00",3.877,0
"388","2026-07-20 22:27:00",4.134,0
"389","2026-07-20 22:28:00",4.14,2
"390","2026-07-20 22:29:00",3.961,0
"391","2026-07-20 22:30:00",4.145,0
"392","2026-07-20 22:31:00",4.017,0
"393","2026-07-20 22:32:00",3.485,0
"394","2026-07-20 22:33:00",3.787,0
"395","2026-07-20 22:34:00",3.856,2
"396","2026-07-20 22:35:00",3.695,0
"397","2026-07-20 22:36:00",3.857,0
"398","2026-07-20 22:37:00",3.809,0
"399","2026-07-20 22:38:00",3.58,0
"400","2026-07-20 22:39:00",3.553,0
"401","2026-07-20 22:40:00",3.687,2
"402","2026-07-20 22:41:00",3.552,0
"403","2026-07-20 22:42:00",3.643,0
"404","2026-07-20 22:43:00",3.754,0
"405","2026-07-20 22:44:00",3.71,0
"406","2026-07-20 22:45:00",3.813,0
"407","2026-07-20 22:46:00",3.809,0
"408","2026-07-20 22:47:00",3.744,2
"409","2026-07-20 22:48:00",3.748,2
"410","2026-07-20 22:49:00",3.799,0
"411","2026-07-20 22:50:00",3.759,0
"412","2026-07-20 22:51:00",3.888,0
"413","2026-07-20 22:52:00",3.895,0
"414","2026-07-20 22:53:00",3.895,0
"415","2026-07-20 22:54:00",3.921,0
"416","2026-07-20 22:55:00",3.928,0
"417","2026-07-20 22:56:00",3.924,0
"418","2026-07-20 22:57:00",4.034,2
"419","2026-07-20 22:58:00",4.055,0
"420","2026-07-20 22:59:00",4.206,2
"421","2026-07-20 23:00:00",4.295,0
"422","2026-07-20 23:01:00",4.197,0
"423","2026-07-20 23:02:00",4.174,2
"424","2026-07-20 23:03:00",4.252,0
"425","2026-07-20 23:04:00",4.134,0
"426","2026-07-20 23:05:00",4.35,0
"427","2026-07-20 23:06:00",4.468,0
"428","2026-07-20 23:07:00",4.264,2
"429","2026-07-20 23:08:00",4.322,0
"430","2026-07-20 23:09:00",4.387,2
"431","2026-07-20 23:10:00",4.188,0
"432","2026-07-20 23:11:00",4.177,0
"433","2026-07-20 23:12:00",4.202,0
"434","2026-07-20 23:13:00",3.846,0
"435","2026-07-20 23:14:00",3.919,0
"436","2026-07-20 23:15:00",4.029,0
"437","2026-07-20 23:16:00",3.827,2
"438","2026-07-20 23:17:00",3.911,0
"439","2026-07-20 23:18:00",3.994,0
"440","2026-07-20 23:19:00",3.827,0
"441","2026-07-20 23:20:00",3.836,2
"442","2026-07-20 23:21:00",3.936,0
"443","2026-07-20 23:22:00",3.687,0
"444","2026-07-20 23:23:00",3.644,2
"445","2026-07-20 23:24:00",3.825,0
"446","2026-07-20 23:25:00",3.773,0
"447","2026-07-20 23:26:00",3.85,0
"448","2026-07-20 23:27:00",3.934,0
"449","2026-07-20 23:28:00",3.832,2
"450","2026-07-20 23:29:00",4.031,0
"451","2026-07-20 23:30:00",4.075,0
"452","2026-07-20 23:31:00",3.977,0
"453","2026-07-20 23:32:00",3.983,0
"454","2026-07-20 23:33:00",3.985,0
"455","2026-07-20 23:34:00",3.848,0
"456","2026-07-20 23:35:00",3.77,0
"457","2026-07-20 23:36:00",3.869,0
"458","2026-07-20 23:37:00",3.839,0
"459","2026-07-20 23:38:00",3.838,0
"460","2026-07-20 23:39:00",3.78,0
"461","2026-07-20 23:40:00",3.723,0
"462","2026-07-20 23:41:00",3.797,0
"463","2026-07-20 23:42:00",3.742,0
"464","2026-07-20 23:43:00",3.726,0
"465","2026-07-20 23:44:00",3.77,0
"466","2026-07-20 23:45:00",3.703,0
"467","2026-07-20 23:46:00",3.774,0
"468","2026-07-20 23:47:00",3.796,0
"469","2026-07-20 23:48:00",3.606,0
"470","2026-07-20 23:49:00",3.787,0
"471","2026-07-20 23:50:00",4.395,0
"472","2026-07-20 23:51:00",4.297,0
"473","2026-07-20 23:52:00",5.661,2
"474","2026-07-20 23:53:00",5.769,0
"475","2026-07-20 23:54:00",5.769,2
"476","2026-07-20 23:55:00",5.836,0
"477","2026-07-20 23:56:00",5.858,2
"478","2026-07-20 23:57:00",5.483,0
"479","2026-07-20 23:58:00",5.803,0
"480","2026-07-20 23:59:00",6.267,0
"481","2026-07-21",6.142,0
"482","2026-07-21 00:01:00",6.225,0
"483","2026-07-21 00:02:00",6.331,0
"484","2026-07-21 00:03:00",6.164,2
"485","2026-07-21 00:04:00",6.149,0
"486","2026-07-21 00:05:00",6.131,0
"487","2026-07-21 00:06:00",5.373,0
"488","2026-07-21 00:07:00",5.413,0
"489","2026-07-21 00:08:00",5.526,0
"490","2026-07-21 00:09:00",4.787,2
"491","2026-07-21 00:10:00",4.685,0
"492","2026-07-21 00:11:00",4.218,0
"493","2026-07-21 00:12:00",3.972,0
"494","2026-07-21 00:13:00",3.657,0
"495","2026-07-21 00:14:00",3.474,0
"496","2026-07-21 00:15:00",3.212,0
"497","2026-07-21 00:16:00",3.136,0
"498","2026-07-21 00:17:00",3.021,0
"499","2026-07-21 00:18:00",2.958,0
"500","2026-07-21 00:19:00",3.01,0
"501","2026-07-21 00:20:00",2.983,0
"502","2026-07-21 00:21:00",3.053,2
"503","2026-07-21 00:22:00",2.991,2
"504","2026-07-21 00:23:00",2.912,2
"505","2026-07-21 00:24:00",2.847,2
"506","2026-07-21 00:25:00",2.794,0
"507","2026-07-21 00:26:00",2.848,1
"508","2026-07-21 00:27:00",2.852,1
"509","2026-07-21 00:28:00",2.819,1
"510","2026-07-21 00:29:00",2.738,1
"511","2026-07-21 00:30:00",2.813,1
"512","2026-07-21 00:31:00",2.758,1
"513","2026-07-21 00:32:00",0.278,1
"514","2026-07-21 00:33:00",0.126,1
"515","2026-07-21 00:34:00",0.175,1
"516","2026-07-21 00:35:00",0.088,1
"517","2026-07-21 00:36:00",0.104,1
"518","2026-07-21 00:37:00",0.218,1
"519","2026-07-21 00:38:00",0.07,1
"520","2026-07-21 00:39:00",0.141,1
"521","2026-07-21 00:40:00",0.212,1
"522","2026-07-21 00:41:00",0.058,1
"523","2026-07-21 00:42:00",0.136,1
"524","2026-07-21 00:43:00",0.218,1
"525","2026-07-21 00:44:00",0.083,1
"526","2026-07-21 00:45:00",0.11,1
"527","2026-07-21 00:46:00",0.218,1
"528","2026-07-21 00:47:00",460.335,1
"529","2026-07-21 00:48:00",458.172,1
"530","2026-07-21 00:49:00",456.584,1
"531","2026-07-21 00:50:00",455.452,1
"532","2026-07-21 00:51:00",454.724,1
"533","2026-07-21 00:52:00",454.332,1
"534","2026-07-21 00:53:00",453.905,1
"535","2026-07-21 00:54:00",453.572,1
"536","2026-07-21 00:55:00",453.411,1
"537","2026-07-21 00:56:00",453.334,1
"538","2026-07-21 00:57:00",452.972,1
"539","2026-07-21 00:58:00",452.848,1
"540","2026-07-21 00:59:00",452.709,1
"541","2026-07-21 01:00:00",452.692,1
"542","2026-07-21 01:01:00",452.858,1
"543","2026-07-21 01:02:00",452.865,1
"544","2026-07-21 01:03:00",452.865,1
"545","2026-07-21 01:04:00",2.873,1
"546","2026-07-21 01:05:00",3.034,1
"547","2026-07-21 01:06:00",3.059,0
"548","2026-07-21 01:07:00",3.112,0
"549","2026-07-21 01:08:00",3.235,0
"550","2026-07-21 01:09:00",2.929,0
"551","2026-07-21 01:10:00",2.881,0
"552","2026-07-21 01:11:00",2.744,0
"553","2026-07-21 01:12:00",2.819,0
"554","2026-07-21 01:13:00",2.7,0
"555","2026-07-21 01:14:00",2.822,0
"556","2026-07-21 01:15:00",2.877,2
"557","2026-07-21 01:16:00",2.737,0
"558","2026-07-21 01:17:00",2.782,0
"559","2026-07-21 01:18:00",3.042,0
"560","2026-07-21 01:19:00",2.975,0
"561","2026-07-21 01:20:00",3.151,0
"562","2026-07-21 01:21:00",3.343,0
"563","2026-07-21 01:22:00",3.288,0
"564","2026-07-21 01:23:00",3.339,0
"565","2026-07-21 01:24:00",3.45,0
"566","2026-07-21 01:25:00",3.465,0
"567","2026-07-21 01:26:00",3.549,2
"568","2026-07-21 01:27:00",3.731,0
"569","2026-07-21 01:28:00",3.748,0
"570","2026-07-21 01:29:00",3.631,0
"571","2026-07-21 01:30:00",4.299,2
"572","2026-07-21 01:31:00",3.982,0
"573","2026-07-21 01:32:00",5.388,0
"574","2026-07-21 01:33:00",15.06,2
"575","2026-07-21 01:34:00",15.376,0
"576","2026-07-21 01:35:00",10.978,2
"577","2026-07-21 01:36:00",11.236,0
"578","2026-07-21 01:37:00",12.12,0
"579","2026-07-21 01:38:00",9.613,2
"580","2026-07-21 01:39:00",9.443,0
"581","2026-07-21 01:40:00",7.788,0
"582","2026-07-21 01:41:00",5.014,0
"583","2026-07-21 01:42:00",5.623,0
"584","2026-07-21 01:43:00",5.767,0
"585","2026-07-21 01:44:00",5.337,0
"586","2026-07-21 01:45:00",5.493,0
"587","2026-07-21 01:46:00",5.223,0
"588","2026-07-21 01:47:00",4.407,0
"589","2026-07-21 01:48:00",5.077,0
"590","2026-07-21 01:49:00",4.817,0
"591","2026-07-21 01:50:00",4.626,0
"592","2026-07-21 01:51:00",4.413,2
"593","2026-07-21 01:52:00",4.611,0
"594","2026-07-21 01:53:00",3.783,2
"595","2026-07-21 01:54:00",3.997,0
"596","2026-07-21 01:55:00",3.823,0
"597","2026-07-21 01:56:00",3.899,0
"598","2026-07-21 01:57:00",3.7,0
"599","2026-07-21 01:58:00",4.065,0
"600","2026-07-21 01:59:00",3.935,0
"601","2026-07-21 02:00:00",3.805,0
"602","2026-07-21 02:01:00",3.515,0
"603","2026-07-21 02:02:00",3.472,0
"604","2026-07-21 02:03:00",3.498,2
"605","2026-07-21 02:04:00",3.498,0
"606","2026-07-21 02:05:00",3.511,0
"607","2026-07-21 02:06:00",3.43,0
"608","2026-07-21 02:07:00",3.863,0
"609","2026-07-21 02:08:00",3.884,0
"610","2026-07-21 02:09:00",3.728,0
"611","2026-07-21 02:10:00",3.962,0
"612","2026-07-21 02:11:00",3.868,0
"613","2026-07-21 02:12:00",3.736,2
"614","2026-07-21 02:13:00",4.526,2
"615","2026-07-21 02:14:00",4.534,0
"616","2026-07-21 02:15:00",4.102,0
"617","2026-07-21 02:16:00",4.388,0
"618","2026-07-21 02:17:00",4.535,0
"619","2026-07-21 02:18:00",4.514,0
"620","2026-07-21 02:19:00",4.533,0
"621","2026-07-21 02:20:00",4.514,0
"622","2026-07-21 02:21:00",4.62,0
"623","2026-07-21 02:22:00",4.636,2
"624","2026-07-21 02:23:00",4.643,2
"625","2026-07-21 02:24:00",4.546,0
"626","2026-07-21 02:25:00",4.563,0
"627","2026-07-21 02:26:00",4.507,2
"628","2026-07-21 02:27:00",4.588,0
"629","2026-07-21 02:28:00",4.716,0
"630","2026-07-21 02:29:00",4.41,0
"631","2026-07-21 02:30:00",4.515,0
"632","2026-07-21 02:31:00",4.745,0
"633","2026-07-21 02:32:00",4.979,2
"634","2026-07-21 02:33:00",4.939,0
"635","2026-07-21 02:34:00",4.849,0
"636","2026-07-21 02:35:00",5.153,2
"637","2026-07-21 02:36:00",5.405,0
"638","2026-07-21 02:37:00",5.318,0
"639","2026-07-21 02:38:00",5.156,2
"640","2026-07-21 02:39:00",5.238,0
"641","2026-07-21 02:40:00",5.377,0
"642","2026-07-21 02:41:00",5.153,0
"643","2026-07-21 02:42:00",5.226,0
"644","2026-07-21 02:43:00",5.172,0
"645","2026-07-21 02:44:00",5.056,0
"646","2026-07-21 02:45:00",5.109,0
"647","2026-07-21 02:46:00",5.057,0
"648","2026-07-21 02:47:00",5.092,0
"649","2026-07-21 02:48:00",4.946,0
"650","2026-07-21 02:49:00",5.124,0
"651","2026-07-21 02:50:00",4.932,0
"652","2026-07-21 02:51:00",5.114,0
"653","2026-07-21 02:52:00",5.212,0
"654","2026-07-21 02:53:00",4.914,0
"655","2026-07-21 02:54:00",5.211,0
"656","2026-07-21 02:55:00",5.316,0
"657","2026-07-21 02:56:00",5.167,0
"658","2026-07-21 02:57:00",5.498,0
"659","2026-07-21 02:58:00",5.618,0
"660","2026-07-21 02:59:00",5.401,2
"661","2026-07-21 03:00:00",5.503,0
"662","2026-07-21 03:01:00",5.79,0
"663","2026-07-21 03:02:00",5.809,0
"664","2026-07-21 03:03:00",5.617,0
"665","2026-07-21 03:04:00",5.583,0
"666","2026-07-21 03:05:00",5.583,0
"667","2026-07-21 03:06:00",5.777,0
"668","2026-07-21 03:07:00",5.776,0
"669","2026-07-21 03:08:00",5.871,2
"670","2026-07-21 03:09:00",6.038,0
"671","2026-07-21 03:10:00",5.775,0
"672","2026-07-21 03:11:00",5.892,0
"673","2026-07-21 03:12:00",5.774,2
"674","2026-07-21 03:13:00",5.798,0
"675","2026-07-21 03:14:00",5.577,0
"676","2026-07-21 03:15:00",5.683,0
"677","2026-07-21 03:16:00",5.465,0
"678","2026-07-21 03:17:00",5.446,0
"679","2026-07-21 03:18:00",5.428,2
"680","2026-07-21 03:19:00",5.286,0
"681","2026-07-21 03:20:00",5.269,0
"682","2026-07-21 03:21:00",5.384,0
"683","2026-07-21 03:22:00",5.197,0
"684","2026-07-21 03:23:00",5.235,0
"685","2026-07-21 03:24:00",5.332,2
"686","2026-07-21 03:25:00",5.33,0
"687","2026-07-21 03:26:00",5.392,0
"688","2026-07-21 03:27:00",5.416,0
"689","2026-07-21 03:28:00",5.508,0
"690","2026-07-21 03:29:00",5.574,0
"691","2026-07-21 03:30:00",5.629,0
"692","2026-07-21 03:31:00",5.705,0
"693","2026-07-21 03:32:00",5.652,0
"694","2026-07-21 03:33:00",5.984,0
"695","2026-07-21 03:34:00",5.914,0
"696","2026-07-21 03:35:00",5.976,0
"697","2026-07-21 03:36:00",5.906,0
"698","2026-07-21 03:37:00",5.747,0
"699","2026-07-21 03:38:00",5.692,0
"700","2026-07-21 03:39:00",5.823,0
"701","2026-07-21 03:40:00",5.858,0
"702","2026-07-21 03:41:00",5.643,0
"703","2026-07-21 03:42:00",5.674,0
"704","2026-07-21 03:43:00",5.565,0
"705","2026-07-21 03:44:00",5.612,0
"706","2026-07-21 03:45:00",5.714,0
"707","2026-07-21 03:46:00",5.646,0
"708","2026-07-21 03:47:00",5.72,0
"709","2026-07-21 03:48:00",5.672,0
"710","2026-07-21 03:49:00",5.698,0
"711","2026-07-21 03:50:00",5.564,0
"712","2026-07-21 03:51:00",5.719,0
"713","2026-07-21 03:52:00",5.745,2
"714","2026-07-21 03:53:00",5.714,0
"715","2026-07-21 03:54:00",5.862,0
"716","2026-07-21 03:55:00",5.922,0
"717","2026-07-21 03:56:00",5.992,0
"718","2026-07-21 03:57:00",5.819,2
"719","2026-07-21 03:58:00",5.747,2
"720","2026-07-21 03:59:00",5.754,2
"721","2026-07-21 04:00:00",5.67,0
"722","2026-07-21 04:01:00",5.692,0
"723","2026-07-21 04:02:00",5.776,0
"724","2026-07-21 04:03:00",5.641,0
"725","2026-07-21 04:04:00",5.681,0
"726","2026-07-21 04:05:00",5.735,0
"727","2026-07-21 04:06:00",5.735,0
"728","2026-07-21 04:07:00",5.642,0
"729","2026-07-21 04:08:00",5.681,2
"730","2026-07-21 04:09:00",5.614,0
"731","2026-07-21 04:10:00",5.666,0
"732","2026-07-21 04:11:00",5.834,0
"733","2026-07-21 04:12:00",5.717,2
"734","2026-07-21 04:13:00",5.668,0
"735","2026-07-21 04:14:00",5.954,0
"736","2026-07-21 04:15:00",5.601,0
"737","2026-07-21 04:16:00",6.042,0
"738","2026-07-21 04:17:00",6.299,0
"739","2026-07-21 04:18:00",5.976,0
"740","2026-07-21 04:19:00",6.109,0
"741","2026-07-21 04:20:00",6.292,0
"742","2026-07-21 04:21:00",6.262,0
"743","2026-07-21 04:22:00",6.309,0
"744","2026-07-21 04:23:00",6.427,0
"745","2026-07-21 04:24:00",6.142,0
"746","2026-07-21 04:25:00",6.231,0
"747","2026-07-21 04:26:00",6.297,0
"748","2026-07-21 04:27:00",6.329,0
"749","2026-07-21 04:28:00",6.279,0
"750","2026-07-21 04:29:00",6.067,2
"751","2026-07-21 04:30:00",6.184,0
"752","2026-07-21 04:31:00",6.305,0
"753","2026-07-21 04:32:00",6.308,0
"754","2026-07-21 04:33:00",6.263,0
"755","2026-07-21 04:34:00",6.52,2
"756","2026-07-21 04:35:00",6.239,0
"757","2026-07-21 04:36:00",6.383,0
"758","2026-07-21 04:37:00",6.883,2
"759","2026-07-21 04:38:00",6.547,0
"760","2026-07-21 04:39:00",6.629,2
"761","2026-07-21 04:40:00",7.077,0
"762","2026-07-21 04:41:00",6.769,0
"763","2026-07-21 04:42:00",7.225,0
"764","2026-07-21 04:43:00",7.297,0
"765","2026-07-21 04:44:00",6.998,0
"766","2026-07-21 04:45:00",7.1,0
"767","2026-07-21 04:46:00",7.444,0
"768","2026-07-21 04:47:00",7.461,0
"769","2026-07-21 04:48:00",7.803,0
"770","2026-07-21 04:49:00",7.71,2
"771","2026-07-21 04:50:00",7.911,0
"772","2026-07-21 04:51:00",7.897,0
"773","2026-07-21 04:52:00",8.232,0
"774","2026-07-21 04:53:00",8.067,0
"775","2026-07-21 04:54:00",8.029,0
"776","2026-07-21 04:55:00",8.107,0
"777","2026-07-21 04:56:00",8.181,0
"778","2026-07-21 04:57:00",8.518,0
"779","2026-07-21 04:58:00",8.418,0
"780","2026-07-21 04:59:00",8.42,2
"781","2026-07-21 05:00:00",7.958,2
"782","2026-07-21 05:01:00",8.516,2
"783","2026-07-21 05:02:00",8.026,0
"784","2026-07-21 05:03:00",8.474,0
"785","2026-07-21 05:04:00",8.575,0
"786","2026-07-21 05:05:00",8.613,2
"787","2026-07-21 05:06:00",8.755,0
"788","2026-07-21 05:07:00",8.755,0
"789","2026-07-21 05:08:00",8.927,0
"790","2026-07-21 05:09:00",8.97,0
"791","2026-07-21 05:10:00",9.068,0
"792","2026-07-21 05:11:00",8.993,0
"793","2026-07-21 05:12:00",8.959,0
"794","2026-07-21 05:13:00",9.058,0
"795","2026-07-21 05:14:00",9.144,0
"796","2026-07-21 05:15:00",8.996,0
"797","2026-07-21 05:16:00",9.145,0
"798","2026-07-21 05:17:00",8.783,0
"799","2026-07-21 05:18:00",9.224,0
"800","2026-07-21 05:19:00",9.188,0
"801","2026-07-21 05:20:00",9.088,0
"802","2026-07-21 05:21:00",9.235,2
"803","2026-07-21 05:22:00",9.207,0
"804","2026-07-21 05:23:00",9.043,2
"805","2026-07-21 05:24:00",9.055,0
"806","2026-07-21 05:25:00",8.955,0
"807","2026-07-21 05:26:00",8.92,2
"808","2026-07-21 05:27:00",8.608,0
"809","2026-07-21 05:28:00",8.868,0
"810","2026-07-21 05:29:00",8.987,0
"811","2026-07-21 05:30:00",8.887,0
"812","2026-07-21 05:31:00",9.105,0
"813","2026-07-21 05:32:00",8.895,0
"814","2026-07-21 05:33:00",8.628,0
"815","2026-07-21 05:34:00",8.953,0
"816","2026-07-21 05:35:00",9.165,0
"817","2026-07-21 05:36:00",8.952,0
"818","2026-07-21 05:37:00",8.951,0
"819","2026-07-21 05:38:00",8.709,0
"820","2026-07-21 05:39:00",8.741,0
"821","2026-07-21 05:40:00",8.709,0
"822","2026-07-21 05:41:00",8.675,0
"823","2026-07-21 05:42:00",8.899,2
"824","2026-07-21 05:43:00",8.94,0
"825","2026-07-21 05:44:00",8.803,0
"826","2026-07-21 05:45:00",8.926,0
"827","2026-07-21 05:46:00",9.051,2
"828","2026-07-21 05:47:00",8.935,2
"829","2026-07-21 05:48:00",9.538,0
"830","2026-07-21 05:49:00",10.579,2
"831","2026-07-21 05:50:00",10.826,0
"832","2026-07-21 05:51:00",11.313,0
"833","2026-07-21 05:52:00",10.399,0
"834","2026-07-21 05:53:00",10.554,0
"835","2026-07-21 05:54:00",10.375,0
"836","2026-07-21 05:55:00",10.206,0
"837","2026-07-21 05:56:00",10.903,0
"838","2026-07-21 05:57:00",10.911,0
"839","2026-07-21 05:58:00",10.703,2
"840","2026-07-21 05:59:00",10.652,2
"841","2026-07-21 06:00:00",9.949,0
"842","2026-07-21 06:01:00",9.743,0
"843","2026-07-21 06:02:00",9.665,0
"844","2026-07-21 06:03:00",9.515,0
"845","2026-07-21 06:04:00",9.414,0
"846","2026-07-21 06:05:00",9.883,0
"847","2026-07-21 06:06:00",12.193,2
"848","2026-07-21 06:07:00",12.271,0
"849","2026-07-21 06:08:00",12.271,0
"850","2026-07-21 06:09:00",11.939,0
"851","2026-07-21 06:10:00",11.109,0
"852","2026-07-21 06:11:00",12.264,2
"853","2026-07-21 06:12:00",12.441,0
"854","2026-07-21 06:13:00",12.174,0
"855","2026-07-21 06:14:00",13.924,2
"856","2026-07-21 06:15:00",14.687,0
"857","2026-07-21 06:16:00",14.533,0
"858","2026-07-21 06:17:00",14.73,0
"859","2026-07-21 06:18:00",14.362,2
"860","2026-07-21 06:19:00",14.123,2
"861","2026-07-21 06:20:00",14.167,0
"862","2026-07-21 06:21:00",14.054,0
"863","2026-07-21 06:22:00",13.673,0
"864","2026-07-21 06:23:00",13.674,0
"865","2026-07-21 06:24:00",13.56,0
"866","2026-07-21 06:25:00",13.422,2
"867","2026-07-21 06:26:00",13.402,0
"868","2026-07-21 06:27:00",13.205,0
"869","2026-07-21 06:28:00",13.013,0
"870","2026-07-21 06:29:00",12.922,0
"871","2026-07-21 06:30:00",12.565,0
"872","2026-07-21 06:31:00",12.494,0
"873","2026-07-21 06:32:00",12.596,0
"874","2026-07-21 06:33:00",12.471,0
"875","2026-07-21 06:34:00",12.796,2
"876","2026-07-21 06:35:00",13.418,0
"877","2026-07-21 06:36:00",14.936,0
"878","2026-07-21 06:37:00",14.841,0
"879","2026-07-21 06:38:00",13.717,2
"880","2026-07-21 06:39:00",13.405,2
"881","2026-07-21 06:40:00",13.227,0
"882","2026-07-21 06:41:00",13.127,0
"883","2026-07-21 06:42:00",12.854,0
"884","2026-07-21 06:43:00",12.704,0
"885","2026-07-21 06:44:00",13.071,0
"886","2026-07-21 06:45:00",12.918,0
"887","2026-07-21 06:46:00",12.688,2
"888","2026-07-21 06:47:00",12.818,0
"889","2026-07-21 06:48:00",13.029,0
"890","2026-07-21 06:49:00",12.398,2
"891","2026-07-21 06:50:00",11.874,0
"892","2026-07-21 06:51:00",11.465,0
"893","2026-07-21 06:52:00",10.334,2
"894","2026-07-21 06:53:00",9.623,0
"895","2026-07-21 06:54:00",10.163,0
"896","2026-07-21 06:55:00",10.343,0
"897","2026-07-21 06:56:00",10.637,0
"898","2026-07-21 06:57:00",10.141,0
"899","2026-07-21 06:58:00",8.94,0
"900","2026-07-21 06:59:00",10.464,0
"901","2026-07-21 07:00:00",10.893,0
"902","2026-07-21 07:01:00",11.584,0
"903","2026-07-21 07:02:00",11.731,0
"904","2026-07-21 07:03:00",11.873,0
"905","2026-07-21 07:04:00",12.133,0
"906","2026-07-21 07:05:00",12.077,0
"907","2026-07-21 07:06:00",11.656,0
"908","2026-07-21 07:07:00",11.752,0
"909","2026-07-21 07:08:00",11.685,0
"910","2026-07-21 07:09:00",11.685,0
"911","2026-07-21 07:10:00",11.345,0
"912","2026-07-21 07:11:00",10.493,0
"913","2026-07-21 07:12:00",10.394,0
"914","2026-07-21 07:13:00",10.818,0
"915","2026-07-21 07:14:00",10.78,0
"916","2026-07-21 07:15:00",11.428,0
"917","2026-07-21 07:16:00",10.014,0
"918","2026-07-21 07:17:00",8.582,0
"919","2026-07-21 07:18:00",8.332,0
"920","2026-07-21 07:19:00",8.574,0
"921","2026-07-21 07:20:00",7.546,0
"922","2026-07-21 07:21:00",7.223,0
"923","2026-07-21 07:22:00",7.265,0
"924","2026-07-21 07:23:00",6.91,0
"925","2026-07-21 07:24:00",6.773,0
"926","2026-07-21 07:25:00",6.914,0
"927","2026-07-21 07:26:00",6.768,0
"928","2026-07-21 07:27:00",6.72,0
"929","2026-07-21 07:28:00",7.044,0
"930","2026-07-21 07:29:00",7.217,0
"931","2026-07-21 07:30:00",7.234,0
"932","2026-07-21 07:31:00",7.018,0
"933","2026-07-21 07:32:00",6.631,0
"934","2026-07-21 07:33:00",6.74,0
"935","2026-07-21 07:34:00",6.715,0
"936","2026-07-21 07:35:00",6.156,0
"937","2026-07-21 07:36:00",7.013,0
"938","2026-07-21 07:37:00",7.215,0
"939","2026-07-21 07:38:00",7.472,0
"940","2026-07-21 07:39:00",7.876,0
"941","2026-07-21 07:40:00",7.804,0
"942","2026-07-21 07:41:00",7.758,0
"943","2026-07-21 07:42:00",7.987,0
"944","2026-07-21 07:43:00",7.792,2
"945","2026-07-21 07:44:00",8.105,0
"946","2026-07-21 07:45:00",8.324,0
"947","2026-07-21 07:46:00",8.323,0
"948","2026-07-21 07:47:00",8.256,0
"949","2026-07-21 07:48:00",8.436,0
"950","2026-07-21 07:49:00",8.44,0
"951","2026-07-21 07:50:00",8.571,0
"952","2026-07-21 07:51:00",8.935,0
"953","2026-07-21 07:52:00",10.172,0
"954","2026-07-21 07:53:00",9.549,2
"955","2026-07-21 07:54:00",9.991,0
"956","2026-07-21 07:55:00",9.734,2
"957","2026-07-21 07:56:00",8.908,0
"958","2026-07-21 07:57:00",9.296,2
"959","2026-07-21 07:58:00",7.767,0
"960","2026-07-21 07:59:00",7.373,0
"961","2026-07-21 08:00:00",8.386,0
"962","2026-07-21 08:01:00",7.599,0
"963","2026-07-21 08:02:00",7.181,0
"964","2026-07-21 08:03:00",7.634,0
"965","2026-07-21 08:04:00",7.594,0
"966","2026-07-21 08:05:00",7.358,0
"967","2026-07-21 08:06:00",8,0
"968","2026-07-21 08:07:00",8.238,0
"969","2026-07-21 08:08:00",8.152,0
"970","2026-07-21 08:09:00",7.591,0
"971","2026-07-21 08:10:00",7.591,2
"972","2026-07-21 08:11:00",7.58,0
"973","2026-07-21 08:12:00",7.484,2
"974","2026-07-21 08:13:00",7.371,0
"975","2026-07-21 08:14:00",16.602,0
"976","2026-07-21 08:15:00",14.758,0
"977","2026-07-21 08:16:00",13.405,0
"978","2026-07-21 08:17:00",9.792,0
"979","2026-07-21 08:18:00",8.341,0
"980","2026-07-21 08:19:00",8.209,0
"981","2026-07-21 08:20:00",8.143,0
"982","2026-07-21 08:21:00",7.778,0
"983","2026-07-21 08:22:00",6.976,0
"984","2026-07-21 08:23:00",7.351,0
"985","2026-07-21 08:24:00",8.089,0
"986","2026-07-21 08:25:00",7.777,0
"987","2026-07-21 08:26:00",8.254,0
"988","2026-07-21 08:27:00",8.614,0
"989","2026-07-21 08:28:00",8.231,0
"990","2026-07-21 08:29:00",8.608,0
"991","2026-07-21 08:30:00",8.337,0
"992","2026-07-21 08:31:00",8.149,0
"993","2026-07-21 08:32:00",8.124,0
"994","2026-07-21 08:33:00",8.077,0
"995","2026-07-21 08:34:00",8.92,0
"996","2026-07-21 08:35:00",8.579,0
"997","2026-07-21 08:36:00",8.904,0
"998","2026-07-21 08:37:00",9.862,0
"999","2026-07-21 08:38:00",8.299,0
"1000","2026-07-21 08:39:00",7.52,0
"1001","2026-07-21 08:40:00",7.657,0
"1002","2026-07-21 08:41:00",7.856,0
"1003","2026-07-21 08:42:00",7.955,2
"1004","2026-07-21 08:43:00",8.154,0
"1005","2026-07-21 08:44:00",7.988,0
"1006","2026-07-21 08:45:00",7.852,0
"1007","2026-07-21 08:46:00",7.998,0
"1008","2026-07-21 08:47:00",8.24,0
"1009","2026-07-21 08:48:00",8.405,0
"1010","2026-07-21 08:49:00",8.511,0
"1011","2026-07-21 08:50:00",8.311,0
"1012","2026-07-21 08:51:00",8.101,0
"1013","2026-07-21 08:52:00",7.827,0
"1014","2026-07-21 08:53:00",7.764,0
"1015","2026-07-21 08:54:00",8.183,0
"1016","2026-07-21 08:55:00",8.196,0
"1017","2026-07-21 08:56:00",8.176,0
"1018","2026-07-21 08:57:00",8.235,0
"1019","2026-07-21 08:58:00",8.209,0
"1020","2026-07-21 08:59:00",8.088,2
"1021","2026-07-21 09:00:00",8.104,0
"1022","2026-07-21 09:01:00",8.001,0
"1023","2026-07-21 09:02:00",8.018,0
"1024","2026-07-21 09:03:00",8.131,0
"1025","2026-07-21 09:04:00",8.007,0
"1026","2026-07-21 09:05:00",8.012,0
"1027","2026-07-21 09:06:00",8.123,0
"1028","2026-07-21 09:07:00",8.089,0
"1029","2026-07-21 09:08:00",8.126,0
"1030","2026-07-21 09:09:00",7.644,0
"1031","2026-07-21 09:10:00",7.582,0
"1032","2026-07-21 09:11:00",7.582,0
"1033","2026-07-21 09:12:00",6.945,0
"1034","2026-07-21 09:13:00",6.609,0
"1035","2026-07-21 09:14:00",6.12,0
"1036","2026-07-21 09:15:00",5.902,0
"1037","2026-07-21 09:16:00",5.513,0
"1038","2026-07-21 09:17:00",5.524,0
"1039","2026-07-21 09:18:00",5.732,0
"1040","2026-07-21 09:19:00",5.707,2
"1041","2026-07-21 09:20:00",5.308,0
"1042","2026-07-21 09:21:00",5.409,0
"1043","2026-07-21 09:22:00",5.313,0
"1044","2026-07-21 09:23:00",5.734,0
"1045","2026-07-21 09:24:00",5.97,0
"1046","2026-07-21 09:25:00",6.043,2
"1047","2026-07-21 09:26:00",6.116,0
"1048","2026-07-21 09:27:00",5.957,2
"1049","2026-07-21 09:28:00",6.438,0
"1050","2026-07-21 09:29:00",6.446,2
"1051","2026-07-21 09:30:00",6.812,0
"1052","2026-07-21 09:31:00",5.004,2
"1053","2026-07-21 09:32:00",4.087,0
"1054","2026-07-21 09:33:00",5.048,0
"1055","2026-07-21 09:34:00",6.531,0
"1056","2026-07-21 09:35:00",4.833,0
"1057","2026-07-21 09:36:00",4.527,2
"1058","2026-07-21 09:37:00",5.379,0
"1059","2026-07-21 09:38:00",5.067,0
"1060","2026-07-21 09:39:00",4.491,0
"1061","2026-07-21 09:40:00",4.805,0
"1062","2026-07-21 09:41:00",5.502,0
"1063","2026-07-21 09:42:00",5.172,0
"1064","2026-07-21 09:43:00",4.6,0
"1065","2026-07-21 09:44:00",4.965,0
"1066","2026-07-21 09:45:00",4.831,0
"1067","2026-07-21 09:46:00",4.734,0
"1068","2026-07-21 09:47:00",4.672,0
"1069","2026-07-21 09:48:00",4.436,2
"1070","2026-07-21 09:49:00",4.552,0
"1071","2026-07-21 09:50:00",4.728,0
"1072","2026-07-21 09:51:00",4.794,0
"1073","2026-07-21 09:52:00",4.913,0
"1074","2026-07-21 09:53:00",6.572,0
"1075","2026-07-21 09:54:00",6.974,0
"1076","2026-07-21 09:55:00",6.83,0
"1077","2026-07-21 09:56:00",7.256,0
"1078","2026-07-21 09:57:00",7.18,0
"1079","2026-07-21 09:58:00",6.984,0
"1080","2026-07-21 09:59:00",7.236,0
"1081","2026-07-21 10:00:00",8.278,0
"1082","2026-07-21 10:01:00",6.26,0
"1083","2026-07-21 10:02:00",5.325,0
"1084","2026-07-21 10:03:00",4.836,0
"1085","2026-07-21 10:04:00",4.514,0
"1086","2026-07-21 10:05:00",4.843,2
"1087","2026-07-21 10:06:00",5.557,0
"1088","2026-07-21 10:07:00",5.101,0
"1089","2026-07-21 10:08:00",5.948,0
"1090","2026-07-21 10:09:00",5.782,0
"1091","2026-07-21 10:10:00",5.004,0
"1092","2026-07-21 10:11:00",4.96,0
"1093","2026-07-21 10:12:00",4.96,2
"1094","2026-07-21 10:13:00",7.697,0
"1095","2026-07-21 10:14:00",4.642,0
"1096","2026-07-21 10:15:00",5.737,0
"1097","2026-07-21 10:16:00",7.109,0
"1098","2026-07-21 10:17:00",6.403,0
"1099","2026-07-21 10:18:00",5.24,0
"1100","2026-07-21 10:19:00",6.518,0
"1101","2026-07-21 10:20:00",5.148,0
"1102","2026-07-21 10:21:00",4.171,0
"1103","2026-07-21 10:22:00",4.08,0
"1104","2026-07-21 10:23:00",4.112,0
"1105","2026-07-21 10:24:00",4.731,0
"1106","2026-07-21 10:25:00",5.903,0
"1107","2026-07-21 10:26:00",4.803,0
"1108","2026-07-21 10:27:00",4.134,0
"1109","2026-07-21 10:28:00",4.996,0
"1110","2026-07-21 10:29:00",5.891,0
"1111","2026-07-21 10:30:00",4.499,0
"1112","2026-07-21 10:31:00",4.75,2
"1113","2026-07-21 10:32:00",4.617,0
"1114","2026-07-21 10:33:00",4.27,0
"1115","2026-07-21 10:34:00",4.368,0
"1116","2026-07-21 10:35:00",4.547,0
"1117","2026-07-21 10:36:00",4.59,0
"1118","2026-07-21 10:37:00",4.749,2
"1119","2026-07-21 10:38:00",4.13,0
"1120","2026-07-21 10:39:00",4.332,0
"1121","2026-07-21 10:40:00",4.579,0
"1122","2026-07-21 10:41:00",4.188,0
"1123","2026-07-21 10:42:00",4.072,0
"1124","2026-07-21 10:43:00",4.132,0
"1125","2026-07-21 10:44:00",4.066,0
"1126","2026-07-21 10:45:00",4.103,0
"1127","2026-07-21 10:46:00",4.635,2
"1128","2026-07-21 10:47:00",4.748,0
"1129","2026-07-21 10:48:00",4.668,0
"1130","2026-07-21 10:49:00",4.871,0
"1131","2026-07-21 10:50:00",4.876,0
"1132","2026-07-21 10:51:00",5.015,2
"1133","2026-07-21 10:52:00",5.227,0
"1134","2026-07-21 10:53:00",4.566,0
"1135","2026-07-21 10:54:00",4.396,0
"1136","2026-07-21 10:55:00",4.262,0
"1137","2026-07-21 10:56:00",4.334,0
"1138","2026-07-21 10:57:00",4.758,0
"1139","2026-07-21 10:58:00",4.633,0
"1140","2026-07-21 10:59:00",5.075,0
"1141","2026-07-21 11:00:00",4.887,0
"1142","2026-07-21 11:01:00",4.642,0
"1143","2026-07-21 11:02:00",4.43,0
"1144","2026-07-21 11:03:00",4.62,0
"1145","2026-07-21 11:04:00",4.604,0
"1146","2026-07-21 11:05:00",4.636,0
"1147","2026-07-21 11:06:00",5.942,0
"1148","2026-07-21 11:07:00",6.556,0
"1149","2026-07-21 11:08:00",5.741,0
"1150","2026-07-21 11:09:00",5.01,0
"1151","2026-07-21 11:10:00",4.944,0
"1152","2026-07-21 11:11:00",4.768,0
"1153","2026-07-21 11:12:00",4.761,0
"1154","2026-07-21 11:13:00",4.761,0
"1155","2026-07-21 11:14:00",4.653,0
"1156","2026-07-21 11:15:00",4.78,0
"1157","2026-07-21 11:16:00",4.789,2
"1158","2026-07-21 11:17:00",4.773,0
"1159","2026-07-21 11:18:00",4.915,0
"1160","2026-07-21 11:19:00",4.893,0
"1161","2026-07-21 11:20:00",4.786,2
"1162","2026-07-21 11:21:00",5.263,0
"1163","2026-07-21 11:22:00",5.247,0
"1164","2026-07-21 11:23:00",6.614,0
"1165","2026-07-21 11:24:00",5.319,0
"1166","2026-07-21 11:25:00",4.591,0
"1167","2026-07-21 11:26:00",4.743,0
"1168","2026-07-21 11:27:00",4.84,0
"1169","2026-07-21 11:28:00",4.809,0
"1170","2026-07-21 11:29:00",4.895,0
"1171","2026-07-21 11:30:00",5.001,0
"1172","2026-07-21 11:31:00",4.862,0
"1173","2026-07-21 11:32:00",4.975,0
"1174","2026-07-21 11:33:00",5.007,0
"1175","2026-07-21 11:34:00",4.969,0
"1176","2026-07-21 11:35:00",5.218,0
"1177","2026-07-21 11:36:00",5.221,0
"1178","2026-07-21 11:37:00",5.309,2
"1179","2026-07-21 11:38:00",5.501,0
"1180","2026-07-21 11:39:00",5.07,0
"1181","2026-07-21 11:40:00",5.509,0
"1182","2026-07-21 11:41:00",6.426,0
"1183","2026-07-21 11:42:00",5.068,0
"1184","2026-07-21 11:43:00",4.778,0
"1185","2026-07-21 11:44:00",4.702,0
"1186","2026-07-21 11:45:00",4.541,0
"1187","2026-07-21 11:46:00",4.612,0
"1188","2026-07-21 11:47:00",4.607,0
"1189","2026-07-21 11:48:00",4.879,0
"1190","2026-07-21 11:49:00",5.206,0
"1191","2026-07-21 11:50:00",5.84,0
"1192","2026-07-21 11:51:00",6.497,0
"1193","2026-07-21 11:52:00",7.252,0
"1194","2026-07-21 11:53:00",6.311,0
"1195","2026-07-21 11:54:00",5.941,0
"1196","2026-07-21 11:55:00",6.808,0
"1197","2026-07-21 11:56:00",5.7,0
"1198","2026-07-21 11:57:00",4.986,0
"1199","2026-07-21 11:58:00",4.927,0
"1200","2026-07-21 11:59:00",5.672,0
"1201","2026-07-21 12:00:00",7.597,0
"1202","2026-07-21 12:01:00",5.184,0
"1203","2026-07-21 12:02:00",4.637,0
"1204","2026-07-21 12:03:00",4.492,0
"1205","2026-07-21 12:04:00",4.478,0
"1206","2026-07-21 12:05:00",4.478,0
"1207","2026-07-21 12:06:00",4.641,0
"1208","2026-07-21 12:07:00",4.787,0
"1209","2026-07-21 12:08:00",4.692,0
"1210","2026-07-21 12:09:00",4.636,0
"1211","2026-07-21 12:10:00",4.786,0
"1212","2026-07-21 12:11:00",5.413,0
"1213","2026-07-21 12:12:00",5.888,0
"1214","2026-07-21 12:13:00",5.496,0
"1215","2026-07-21 12:14:00",5.496,0
"1216","2026-07-21 12:15:00",6.384,0
"1217","2026-07-21 12:16:00",4.886,0
"1218","2026-07-21 12:17:00",4.381,0
"1219","2026-07-21 12:18:00",4.208,0
"1220","2026-07-21 12:19:00",4.783,0
"1221","2026-07-21 12:20:00",5.043,2
"1222","2026-07-21 12:21:00",4.677,2
"1223","2026-07-21 12:22:00",4.053,0
"1224","2026-07-21 12:23:00",3.741,0
"1225","2026-07-21 12:24:00",4.372,0
"1226","2026-07-21 12:25:00",4.155,0
"1227","2026-07-21 12:26:00",4.751,0
"1228","2026-07-21 12:27:00",4.866,0
"1229","2026-07-21 12:28:00",4.392,0
"1230","2026-07-21 12:29:00",4.188,0
"1231","2026-07-21 12:30:00",3.637,0
"1232","2026-07-21 12:31:00",4.29,0
"1233","2026-07-21 12:32:00",6.277,0
"1234","2026-07-21 12:33:00",6.132,0
"1235","2026-07-21 12:34:00",3.805,0
"1236","2026-07-21 12:35:00",3.695,0
"1237","2026-07-21 12:36:00",3.801,0
"1238","2026-07-21 12:37:00",3.464,0
"1239","2026-07-21 12:38:00",3.606,0
"1240","2026-07-21 12:39:00",2.983,0
"1241","2026-07-21 12:40:00",3.01,0
"1242","2026-07-21 12:41:00",2.945,0
"1243","2026-07-21 12:42:00",3.049,0
"1244","2026-07-21 12:43:00",2.967,0
"1245","2026-07-21 12:44:00",2.926,0
"1246","2026-07-21 12:45:00",3.073,0
"1247","2026-07-21 12:46:00",2.935,0
"1248","2026-07-21 12:47:00",3.343,0
"1249","2026-07-21 12:48:00",5.266,2
"1250","2026-07-21 12:49:00",4.013,0
"1251","2026-07-21 12:50:00",2.903,0
"1252","2026-07-21 12:51:00",3.012,0
"1253","2026-07-21 12:52:00",2.759,0
"1254","2026-07-21 12:53:00",3.276,0
"1255","2026-07-21 12:54:00",2.612,0
"1256","2026-07-21 12:55:00",2.615,0
"1257","2026-07-21 12:56:00",2.518,0
"1258","2026-07-21 12:57:00",2.718,0
"1259","2026-07-21 12:58:00",2.702,0
"1260","2026-07-21 12:59:00",2.733,0
"1261","2026-07-21 13:00:00",3.588,0
"1262","2026-07-21 13:01:00",3.357,0
"1263","2026-07-21 13:02:00",2.644,0
"1264","2026-07-21 13:03:00",2.633,0
"1265","2026-07-21 13:04:00",2.681,0
"1266","2026-07-21 13:05:00",2.671,0
"1267","2026-07-21 13:06:00",2.664,0
"1268","2026-07-21 13:07:00",3.112,0
"1269","2026-07-21 13:08:00",2.55,0
"1270","2026-07-21 13:09:00",2.331,0
"1271","2026-07-21 13:10:00",2.352,0
"1272","2026-07-21 13:11:00",2.311,2
"1273","2026-07-21 13:12:00",2.266,0
"1274","2026-07-21 13:13:00",2.337,0
"1275","2026-07-21 13:14:00",2.382,0
"1276","2026-07-21 13:15:00",2.382,0
"1277","2026-07-21 13:16:00",2.515,0
"1278","2026-07-21 13:17:00",2.95,0
"1279","2026-07-21 13:18:00",2.664,0
"1280","2026-07-21 13:19:00",2.667,0
"1281","2026-07-21 13:20:00",3.1,0
"1282","2026-07-21 13:21:00",3.177,0
"1283","2026-07-21 13:22:00",3.994,0
"1284","2026-07-21 13:23:00",4.01,0
"1285","2026-07-21 13:24:00",4.271,0
"1286","2026-07-21 13:25:00",3.942,0
"1287","2026-07-21 13:26:00",3.86,0
"1288","2026-07-21 13:27:00",2.566,0
"1289","2026-07-21 13:28:00",2.437,0
"1290","2026-07-21 13:29:00",2.513,2
"1291","2026-07-21 13:30:00",2.514,2
"1292","2026-07-21 13:31:00",2.417,0
"1293","2026-07-21 13:32:00",2.509,0
"1294","2026-07-21 13:33:00",2.159,0
"1295","2026-07-21 13:34:00",2.284,0
"1296","2026-07-21 13:35:00",2.527,0
"1297","2026-07-21 13:36:00",2.465,2
"1298","2026-07-21 13:37:00",2.146,0
"1299","2026-07-21 13:38:00",2.176,2
"1300","2026-07-21 13:39:00",2.091,0
"1301","2026-07-21 13:40:00",2.626,0
"1302","2026-07-21 13:41:00",2.495,0
"1303","2026-07-21 13:42:00",2.364,0
"1304","2026-07-21 13:43:00",2.677,0
"1305","2026-07-21 13:44:00",4.078,0
"1306","2026-07-21 13:45:00",4.987,0
"1307","2026-07-21 13:46:00",2.556,0
"1308","2026-07-21 13:47:00",2.365,0
"1309","2026-07-21 13:48:00",2.291,0
"1310","2026-07-21 13:49:00",2.399,0
"1311","2026-07-21 13:50:00",2.471,0
"1312","2026-07-21 13:51:00",2.186,0
"1313","2026-07-21 13:52:00",2.354,0
"1314","2026-07-21 13:53:00",2.456,0
"1315","2026-07-21 13:54:00",2.52,0
"1316","2026-07-21 13:55:00",2.66,2
"1317","2026-07-21 13:56:00",2.915,0
"1318","2026-07-21 13:57:00",2.83,0
"1319","2026-07-21 13:58:00",2.88,0
"1320","2026-07-21 13:59:00",3.172,0
